Unnamed: 0,order_id,customer_id,order_date,product_category,product_price,quantity,payment_method,delivery_status,city,state,zipcode,product_id,discount_applied,order_value,review_rating,return_requested
0,ORD000001,CUST0001,2024-07-18,Home,276.66,2,Cash on Delivery,Pending,West Stevenmouth,Connecticut,86717,PROD0001,0.12,486.92,4.0,False
1,ORD000002,CUST0002,2024-10-15,Sports,359.02,1,PayPal,Pending,West Nathanland,Connecticut,16366,PROD0002,0.23,276.45,1.0,False
2,ORD000003,CUST0003,2024-12-13,Sports,303.37,1,Cash on Delivery,Pending,Lauraport,Texas,39030,PROD0003,0.13,263.93,2.0,False
3,ORD000004,CUST0004,2024-08-12,Beauty,274.72,2,PayPal,Delivered,Angelafurt,North Carolina,48684,PROD0004,0.23,423.07,4.0,False
4,ORD000005,CUST0005,2024-11-18,Sports,214.71,4,PayPal,Pending,Hamiltonhaven,Nevada,5965,PROD0005,0.24,652.72,3.0,False
5,ORD000006,CUST0006,2025-04-06,Sports,324.72,2,Cash on Delivery,Pending,Sheltonmouth,Hawaii,2059,PROD0006,0.12,571.51,4.0,False
6,ORD000007,CUST0007,2025-05-28,Clothing,221.61,3,Cash on Delivery,Delivered,South Brittanyport,Alaska,92470,PROD0007,0.13,578.4,3.0,True
7,ORD000008,CUST0008,2025-04-28,Electronics,446.43,1,PayPal,Pending,Lake Steven,Kentucky,42872,PROD0008,0.16,375.0,5.0,False
8,ORD000009,CUST0009,2024-12-20,Sports,482.01,3,Credit Card,Delivered,North Williamtown,Massachusetts,1582,PROD0009,0.0,1446.03,5.0,True
9,ORD000010,CUST0010,2025-04-21,Home,194.8,4,Cash on Delivery,Cancelled,New Denisemouth,Virginia,42158,PROD0010,0.06,732.45,,False
10,ORD000011,CUST0011,2025-03-31,Books,396.9,2,Credit Card,Pending,Lake Daniel,West Virginia,86290,PROD0011,0.25,595.35,5.0,False
11,ORD000012,CUST0012,2024-07-31,Beauty,266.8,3,Credit Card,Cancelled,New Nicholas,Vermont,58905,PROD0012,0.23,616.31,4.0,False
12,ORD000013,CUST0013,2024-07-31,Clothing,286.18,3,Credit Card,Cancelled,Grayfurt,Massachusetts,3187,PROD0013,0.02,841.37,1.0,False
13,ORD000014,CUST0014,2025-06-11,Beauty,463.17,2,Net Banking,Cancelled,New Timothy,Colorado,28631,PROD0014,0.19,750.34,,False
14,ORD000015,CUST0015,2025-06-05,Home,40.16,3,PayPal,Returned,South Dana,Kansas,78384,PROD0015,0.01,119.28,3.0,False
15,ORD000016,CUST0016,2025-03-06,Home,48.13,3,PayPal,Delivered,Port Kristinburgh,Alabama,42291,PROD0016,0.16,121.29,1.0,False
16,ORD000017,CUST0017,2025-03-09,Clothing,15.01,1,Net Banking,Cancelled,Curryville,Kansas,62756,PROD0017,0.05,14.26,,False
17,ORD000018,CUST0018,2024-09-03,Sports,417.15,2,Credit Card,Pending,Christophermouth,Wyoming,15606,PROD0018,0.26,617.38,4.0,False
18,ORD000019,CUST0019,2024-07-30,Sports,390.19,1,Net Banking,Pending,Jamieland,Maine,13816,PROD0019,0.18,319.96,3.0,False
19,ORD000020,CUST0020,2024-06-20,Clothing,435.66,1,PayPal,Cancelled,Hunterhaven,New Hampshire,40261,PROD0020,0.02,426.95,1.0,False
20,ORD000021,CUST0021,2024-12-29,Clothing,489.42,2,Credit Card,Cancelled,Manuelton,Massachusetts,56213,PROD0021,0.19,792.86,3.0,False
21,ORD000022,CUST0022,2024-07-27,Clothing,400.58,3,PayPal,Delivered,Hensonport,Oklahoma,10771,PROD0022,0.27,877.27,2.0,False
22,ORD000023,CUST0023,2024-08-12,Home,233.43,2,PayPal,Delivered,Lake Jesusview,Georgia,73717,PROD0023,0.22,364.15,4.0,True
23,ORD000024,CUST0024,2024-07-24,Home,391.36,2,Cash on Delivery,Delivered,East Mariaport,Oregon,99739,PROD0024,0.03,759.24,1.0,False
24,ORD000025,CUST0025,2025-04-26,Home,63.55,2,Debit Card,Pending,Lisaland,Michigan,28703,PROD0025,0.2,101.68,4.0,False
25,ORD000026,CUST0026,2025-03-01,Clothing,321.76,2,Credit Card,Pending,South Carrie,Wisconsin,40935,PROD0026,0.18,527.69,1.0,False
26,ORD000027,CUST0027,2024-06-28,Clothing,75.96,3,Debit Card,Cancelled,North Deborahton,Missouri,29409,PROD0027,0.19,184.58,4.0,False
27,ORD000028,CUST0028,2024-09-15,Home,472.61,1,Net Banking,Delivered,Port Juanview,Virginia,97349,PROD0028,0.24,359.18,,False
28,ORD000029,CUST0029,2024-07-29,Books,263.31,3,Credit Card,Returned,East Wendyberg,Iowa,28872,PROD0029,0.09,718.84,1.0,False
29,ORD000030,CUST0030,2024-07-27,Electronics,210.26,4,Credit Card,Returned,Cainville,Ohio,88935,PROD0030,0.11,748.53,2.0,False
30,ORD000031,CUST0031,2024-07-17,Electronics,135.96,1,Net Banking,Pending,Lake Denisemouth,Hawaii,17588,PROD0031,0.06,127.8,4.0,False
31,ORD000032,CUST0032,2025-06-10,Home,388.25,2,Debit Card,Returned,Richardsmouth,Michigan,77515,PROD0032,0.14,667.79,,False
32,ORD000033,CUST0033,2024-08-07,Clothing,230.79,3,Debit Card,Returned,Lake Adamshire,Oklahoma,44376,PROD0033,0.12,609.29,3.0,False
33,ORD000034,CUST0034,2025-05-23,Home,286.37,2,PayPal,Cancelled,Howardfort,Wyoming,76725,PROD0034,0.03,555.56,4.0,False
34,ORD000035,CUST0035,2024-07-17,Beauty,14.3,2,Cash on Delivery,Pending,Silvamouth,New Jersey,42887,PROD0035,0.07,26.6,4.0,False
35,ORD000036,CUST0036,2024-08-27,Beauty,310.73,2,Net Banking,Pending,Randyfort,California,6069,PROD0036,0.04,596.6,5.0,False
36,ORD000037,CUST0037,2025-01-10,Books,307.99,3,Cash on Delivery,Delivered,Haleyborough,Washington,57541,PROD0037,0.17,766.9,2.0,True
37,ORD000038,CUST0038,2024-10-13,Books,310.38,4,Debit Card,Pending,Baldwinburgh,California,15315,PROD0038,0.06,1167.03,5.0,False
38,ORD000039,CUST0039,2025-05-19,Clothing,472.16,2,Cash on Delivery,Pending,New Nicholas,Oregon,59245,PROD0039,0.1,849.89,4.0,False
39,ORD000040,CUST0040,2025-02-09,Sports,342.5,1,Cash on Delivery,Pending,Gloverton,New Mexico,9046,PROD0040,0.25,256.88,5.0,False
40,ORD000041,CUST0041,2025-04-20,Clothing,182.96,4,Credit Card,Pending,Ginaside,West Virginia,33166,PROD0041,0.17,607.43,3.0,False
41,ORD000042,CUST0042,2025-01-19,Home,221.33,2,Net Banking,Pending,Gibbsfort,Florida,12910,PROD0042,0.16,371.83,4.0,False
42,ORD000043,CUST0043,2025-03-01,Electronics,350.33,3,Debit Card,Returned,Tinastad,Idaho,61230,PROD0043,0.28,756.71,2.0,False
43,ORD000044,CUST0044,2025-05-18,Electronics,34.81,4,Cash on Delivery,Delivered,East Rebecca,Vermont,13857,PROD0044,0.13,121.14,5.0,True
44,ORD000045,CUST0045,2024-12-23,Sports,335.05,3,Credit Card,Returned,Meltonfurt,Nebraska,40931,PROD0045,0.27,733.76,2.0,False
45,ORD000046,CUST0046,2025-01-24,Electronics,336.97,2,Cash on Delivery,Cancelled,South Samuelhaven,Colorado,23327,PROD0046,0.17,559.37,4.0,False
46,ORD000047,CUST0047,2024-08-20,Electronics,109.14,1,Net Banking,Pending,Carolburgh,Idaho,46901,PROD0047,0.12,96.04,3.0,False
47,ORD000048,CUST0048,2025-02-08,Clothing,68.82,2,Credit Card,Delivered,Castromouth,Massachusetts,61138,PROD0048,0.1,123.88,1.0,True
48,ORD000049,CUST0049,2025-01-27,Books,161.14,3,Credit Card,Pending,Bellbury,New Hampshire,98031,PROD0049,0.27,352.9,3.0,False
49,ORD000050,CUST0050,2025-06-08,Home,185.04,2,Net Banking,Cancelled,North Davidville,Massachusetts,90419,PROD0050,0.17,307.17,4.0,False
50,ORD000051,CUST0051,2024-09-25,Beauty,287.25,2,Cash on Delivery,Pending,Delgadobury,West Virginia,52394,PROD0051,0.08,528.54,4.0,False
51,ORD000052,CUST0052,2024-08-25,Books,222.11,4,Net Banking,Returned,Oliviaside,Minnesota,11678,PROD0052,0.16,746.29,3.0,False
52,ORD000053,CUST0053,2024-08-29,Books,494.25,3,Net Banking,Pending,Davisborough,Arizona,50340,PROD0053,0.07,1378.96,3.0,False
53,ORD000054,CUST0054,2024-06-20,Home,55.51,4,PayPal,Delivered,Ariasmouth,New Jersey,84287,PROD0054,0.07,206.5,4.0,False
54,ORD000055,CUST0055,2025-03-12,Clothing,108.39,3,Cash on Delivery,Pending,East Sonya,Maine,65043,PROD0055,0.04,312.16,4.0,False
55,ORD000056,CUST0056,2024-10-20,Home,84.85,3,Cash on Delivery,Cancelled,South Douglas,Washington,28960,PROD0056,0.21,201.09,2.0,False
56,ORD000057,CUST0057,2025-03-11,Electronics,328.29,3,Credit Card,Pending,Johnmouth,Wyoming,91401,PROD0057,0.23,758.35,4.0,False
57,ORD000058,CUST0058,2025-06-08,Clothing,130.38,4,Credit Card,Delivered,Hubbardmouth,Missouri,59339,PROD0058,0.1,469.37,2.0,True
58,ORD000059,CUST0059,2025-01-18,Beauty,235.82,4,Credit Card,Pending,East Keithport,Kansas,53687,PROD0059,0.12,830.09,,False
59,ORD000060,CUST0060,2025-02-27,Electronics,125.99,4,Credit Card,Delivered,South Julie,Wyoming,43241,PROD0060,0.24,383.01,4.0,True
60,ORD000061,CUST0061,2024-08-30,Clothing,83.69,1,PayPal,Delivered,Port Julie,South Dakota,56458,PROD0061,0.0,83.69,1.0,True
61,ORD000062,CUST0062,2024-12-10,Sports,59.64,2,Debit Card,Delivered,Howellside,Ohio,55427,PROD0062,0.1,107.35,2.0,False
62,ORD000063,CUST0063,2024-10-29,Home,329.88,3,Debit Card,Returned,Ellisborough,Vermont,88182,PROD0063,0.09,900.57,1.0,False
63,ORD000064,CUST0064,2024-07-09,Clothing,73.4,3,Net Banking,Delivered,Port Loribury,Arkansas,43596,PROD0064,0.16,184.97,3.0,True
64,ORD000065,CUST0065,2024-12-15,Beauty,102.31,2,Net Banking,Returned,South Samuelbury,Massachusetts,98689,PROD0065,0.27,149.37,5.0,False
65,ORD000066,CUST0066,2024-12-08,Sports,187.52,1,Cash on Delivery,Delivered,Cathyfort,Ohio,45112,PROD0066,0.01,185.64,1.0,True
66,ORD000067,CUST0067,2024-11-02,Clothing,411.39,3,PayPal,Cancelled,Paulport,Maryland,68125,PROD0067,0.25,925.63,2.0,False
67,ORD000068,CUST0068,2024-06-27,Sports,53.07,3,Debit Card,Returned,Kimberlyborough,New Mexico,61611,PROD0068,0.17,132.14,3.0,False
68,ORD000069,CUST0069,2025-01-04,Books,419.78,4,Credit Card,Delivered,Vanessashire,New Hampshire,9035,PROD0069,0.18,1376.88,4.0,False
69,ORD000070,CUST0070,2024-08-28,Clothing,52.57,1,Debit Card,Pending,Port Robertberg,Montana,45110,PROD0070,0.29,37.32,,False
70,ORD000071,CUST0071,2024-07-11,Clothing,488.35,4,Net Banking,Delivered,Charlesfort,Alaska,16899,PROD0071,0.04,1875.26,5.0,False
71,ORD000072,CUST0072,2024-09-04,Books,236.98,1,Net Banking,Pending,Traceymouth,Minnesota,72928,PROD0072,0.08,218.02,2.0,False
72,ORD000073,CUST0073,2025-03-27,Home,488.5,3,Credit Card,Returned,Doylechester,Georgia,70098,PROD0073,0.07,1362.92,4.0,False
73,ORD000074,CUST0074,2024-12-16,Electronics,304.4,4,PayPal,Returned,East Douglasberg,Alabama,18016,PROD0074,0.14,1047.14,4.0,False
74,ORD000075,CUST0075,2025-03-26,Sports,370.94,3,Debit Card,Delivered,Lake Christopherburgh,South Carolina,75841,PROD0075,0.17,923.64,3.0,False
75,ORD000076,CUST0076,2025-04-12,Sports,24.4,3,Net Banking,Returned,North Laceyburgh,Wyoming,3376,PROD0076,0.22,57.1,5.0,False
76,ORD000077,CUST0077,2024-08-14,Sports,144.99,4,PayPal,Cancelled,Grayport,Montana,63541,PROD0077,0.02,568.36,4.0,False
77,ORD000078,CUST0078,2024-07-28,Books,64.5,2,Credit Card,Delivered,Lake Angela,New York,36118,PROD0078,0.13,112.23,2.0,False
78,ORD000079,CUST0079,2025-05-24,Electronics,151.59,3,PayPal,Cancelled,Lake Scott,Connecticut,23505,PROD0079,0.28,327.43,2.0,False
79,ORD000080,CUST0080,2025-03-16,Beauty,63.77,1,Debit Card,Returned,Lake Dawnfurt,New York,3681,PROD0080,0.14,54.84,5.0,False
80,ORD000081,CUST0081,2024-12-04,Electronics,162.4,1,Net Banking,Cancelled,Bradleymouth,Utah,29000,PROD0081,0.25,121.8,1.0,False
81,ORD000082,CUST0082,2024-12-28,Clothing,210.06,1,PayPal,Pending,West David,New Hampshire,74500,PROD0082,0.03,203.76,2.0,False
82,ORD000083,CUST0083,2024-06-23,Clothing,36.75,3,Debit Card,Pending,Allisonshire,New York,57081,PROD0083,0.09,100.33,4.0,False
83,ORD000084,CUST0084,2025-03-06,Electronics,347.77,3,Net Banking,Pending,South Theresa,Minnesota,52149,PROD0084,0.22,813.78,2.0,False
84,ORD000085,CUST0085,2025-06-04,Sports,285.47,4,Debit Card,Returned,New Bonnie,Wisconsin,55263,PROD0085,0.19,924.92,5.0,False
85,ORD000086,CUST0086,2024-06-18,Books,136.37,1,PayPal,Pending,Lake Christopher,Florida,3012,PROD0086,0.13,118.64,3.0,False
86,ORD000087,CUST0087,2024-07-27,Home,264.01,2,Credit Card,Delivered,New Ianport,Wyoming,26376,PROD0087,0.2,422.42,3.0,True
87,ORD000088,CUST0088,2025-06-14,Beauty,51.5,4,Credit Card,Delivered,North Suzanne,Wisconsin,23577,PROD0088,0.23,158.62,2.0,False
88,ORD000089,CUST0089,2024-09-02,Home,290.09,3,Debit Card,Pending,Lake Scottmouth,Delaware,80747,PROD0089,0.27,635.3,1.0,False
89,ORD000090,CUST0090,2024-07-19,Home,465.0,4,Net Banking,Cancelled,Williamville,Arkansas,24647,PROD0090,0.13,1618.2,4.0,False
90,ORD000091,CUST0091,2024-11-14,Electronics,162.69,1,Debit Card,Pending,Wilsontown,Connecticut,84105,PROD0091,0.19,131.78,1.0,False
91,ORD000092,CUST0092,2024-06-25,Books,335.37,2,Credit Card,Returned,New Christopher,Oregon,28366,PROD0092,0.11,596.96,4.0,False
92,ORD000093,CUST0093,2024-08-07,Sports,70.24,1,Cash on Delivery,Pending,Hernandezberg,Oregon,47694,PROD0093,0.28,50.57,4.0,False
93,ORD000094,CUST0094,2024-11-05,Books,359.58,3,Credit Card,Cancelled,East Louis,Mississippi,93578,PROD0094,0.14,927.72,4.0,False
94,ORD000095,CUST0095,2025-03-05,Electronics,148.26,2,Net Banking,Delivered,East Robertton,South Dakota,77789,PROD0095,0.12,260.94,3.0,False
95,ORD000096,CUST0096,2025-06-03,Clothing,95.68,2,Net Banking,Pending,Duffyfort,South Carolina,77982,PROD0096,0.28,137.78,4.0,False
96,ORD000097,CUST0097,2024-10-05,Sports,295.32,3,Cash on Delivery,Cancelled,Kennethberg,New Hampshire,84245,PROD0097,0.0,885.96,3.0,False
97,ORD000098,CUST0098,2025-05-21,Home,14.95,4,Credit Card,Returned,Lunafort,Wisconsin,39130,PROD0098,0.1,53.82,2.0,False
98,ORD000099,CUST0099,2024-09-17,Books,415.33,3,PayPal,Returned,Carlaville,New Jersey,19499,PROD0099,0.25,934.49,1.0,False
99,ORD000100,CUST0100,2024-06-28,Electronics,7.32,3,Debit Card,Cancelled,West Jose,Arizona,90276,PROD0100,0.14,18.89,3.0,False
100,ORD000101,CUST0101,2024-07-30,Beauty,340.52,4,PayPal,Cancelled,East Andrea,Mississippi,2821,PROD0101,0.1,1225.87,4.0,False
101,ORD000102,CUST0102,2024-10-17,Electronics,138.65,2,Cash on Delivery,Pending,East Robertport,California,23538,PROD0102,0.18,227.39,2.0,False
102,ORD000103,CUST0103,2025-04-27,Electronics,368.92,1,Net Banking,Returned,Middletonview,Vermont,36243,PROD0103,0.12,324.65,4.0,False
103,ORD000104,CUST0104,2024-09-10,Home,481.28,1,PayPal,Pending,Lake Brittanyfurt,West Virginia,4092,PROD0104,0.1,433.15,2.0,False
104,ORD000105,CUST0105,2024-09-02,Home,128.13,1,Debit Card,Returned,Pierceburgh,Alaska,22950,PROD0105,0.08,117.88,3.0,False
105,ORD000106,CUST0106,2025-05-20,Sports,290.2,3,Debit Card,Returned,Port Steven,Pennsylvania,8515,PROD0106,0.09,792.25,4.0,False
106,ORD000107,CUST0107,2024-09-22,Clothing,298.06,3,PayPal,Delivered,East Carlfurt,Minnesota,74955,PROD0107,0.28,643.81,5.0,True
107,ORD000108,CUST0108,2025-01-25,Electronics,288.26,1,Net Banking,Returned,New Laurenstad,Maine,22343,PROD0108,0.29,204.66,2.0,False
108,ORD000109,CUST0109,2025-04-20,Sports,115.43,3,Credit Card,Cancelled,South Jesseville,Tennessee,62538,PROD0109,0.03,335.9,1.0,False
109,ORD000110,CUST0110,2025-05-01,Beauty,476.61,4,Debit Card,Cancelled,North Kevin,Idaho,23523,PROD0110,0.22,1487.02,4.0,False
110,ORD000111,CUST0111,2024-11-12,Sports,226.33,3,Cash on Delivery,Pending,Leeville,North Carolina,90479,PROD0111,0.2,543.19,2.0,False
111,ORD000112,CUST0112,2025-02-10,Electronics,423.97,1,PayPal,Cancelled,Port Michelle,Louisiana,68706,PROD0112,0.19,343.42,4.0,False
112,ORD000113,CUST0113,2025-03-10,Books,351.24,1,Credit Card,Cancelled,Cindyburgh,South Dakota,9118,PROD0113,0.01,347.73,1.0,False
113,ORD000114,CUST0114,2024-10-28,Books,152.23,3,Net Banking,Pending,Port Joditon,New Hampshire,3398,PROD0114,0.08,420.15,3.0,False
114,ORD000115,CUST0115,2025-04-14,Sports,407.83,2,Net Banking,Delivered,Brianshire,Florida,4199,PROD0115,0.22,636.21,3.0,True
115,ORD000116,CUST0116,2025-03-13,Clothing,201.27,3,Net Banking,Delivered,Kathrynchester,Illinois,13565,PROD0116,0.15,513.24,2.0,False
116,ORD000117,CUST0117,2025-05-19,Home,441.15,2,Net Banking,Returned,Macdonaldmouth,Tennessee,17823,PROD0117,0.01,873.48,3.0,False
117,ORD000118,CUST0118,2025-05-21,Home,292.73,4,PayPal,Pending,North Victorborough,Vermont,37217,PROD0118,0.16,983.57,3.0,False
118,ORD000119,CUST0119,2025-01-07,Sports,441.46,4,Credit Card,Cancelled,Kiarahaven,West Virginia,57560,PROD0119,0.25,1324.38,1.0,False
119,ORD000120,CUST0120,2024-09-08,Beauty,347.8,2,Credit Card,Delivered,Robinsonmouth,South Carolina,93305,PROD0120,0.26,514.74,4.0,False
120,ORD000121,CUST0121,2024-09-08,Home,364.0,2,Cash on Delivery,Pending,Port Thomas,Washington,75284,PROD0121,0.27,531.44,5.0,False
121,ORD000122,CUST0122,2024-07-30,Beauty,253.16,2,Cash on Delivery,Pending,West Kimberly,South Dakota,70467,PROD0122,0.16,425.31,4.0,False
122,ORD000123,CUST0123,2025-04-27,Home,478.26,2,Credit Card,Delivered,Edwardburgh,Idaho,5313,PROD0123,0.14,822.61,4.0,True
123,ORD000124,CUST0124,2025-01-31,Clothing,323.78,4,Debit Card,Pending,North Robertfurt,Rhode Island,91564,PROD0124,0.07,1204.46,4.0,False
124,ORD000125,CUST0125,2025-01-28,Books,214.81,4,Credit Card,Cancelled,Port Diane,North Dakota,95287,PROD0125,0.26,635.84,5.0,False
125,ORD000126,CUST0126,2025-02-05,Clothing,305.16,3,Credit Card,Returned,West Patrick,Virginia,12178,PROD0126,0.24,695.76,,False
126,ORD000127,CUST0127,2025-01-16,Clothing,14.5,1,Credit Card,Returned,Mcintyreville,Maryland,89710,PROD0127,0.26,10.73,3.0,False
127,ORD000128,CUST0128,2025-04-14,Beauty,154.28,2,Cash on Delivery,Pending,Mckenziefort,Idaho,69307,PROD0128,0.07,286.96,5.0,False
128,ORD000129,CUST0129,2024-08-13,Beauty,331.79,2,PayPal,Pending,Port Damon,Montana,15373,PROD0129,0.03,643.67,3.0,False
129,ORD000130,CUST0130,2024-10-06,Books,148.59,2,Cash on Delivery,Cancelled,East David,Minnesota,25563,PROD0130,0.21,234.77,4.0,False
130,ORD000131,CUST0131,2025-02-10,Books,310.92,3,Credit Card,Returned,Houstonville,West Virginia,21497,PROD0131,0.27,680.91,5.0,False
131,ORD000132,CUST0132,2025-05-04,Electronics,217.24,1,Cash on Delivery,Returned,Leahmouth,Minnesota,37429,PROD0132,0.27,158.59,1.0,False
132,ORD000133,CUST0133,2025-02-01,Books,72.06,2,Net Banking,Pending,Lake Andreaburgh,Georgia,22670,PROD0133,0.16,121.06,5.0,False
133,ORD000134,CUST0134,2024-12-06,Home,152.65,2,PayPal,Cancelled,Suzannetown,Hawaii,21192,PROD0134,0.19,247.29,5.0,False
134,ORD000135,CUST0135,2024-10-31,Beauty,287.13,3,Debit Card,Delivered,Cainshire,Florida,4701,PROD0135,0.03,835.55,2.0,True
135,ORD000136,CUST0136,2024-11-04,Books,297.48,2,Debit Card,Returned,East Ericamouth,New Mexico,7656,PROD0136,0.08,547.36,3.0,False
136,ORD000137,CUST0137,2025-03-29,Beauty,289.29,1,Debit Card,Delivered,South Heatherland,New York,71601,PROD0137,0.16,243.0,2.0,True
137,ORD000138,CUST0138,2025-02-19,Home,328.33,1,PayPal,Pending,East Anthony,Florida,80134,PROD0138,0.26,242.96,4.0,False
138,ORD000139,CUST0139,2024-12-06,Books,327.79,2,Cash on Delivery,Pending,Suzannehaven,West Virginia,71906,PROD0139,0.15,557.24,4.0,False
139,ORD000140,CUST0140,2025-05-11,Clothing,218.55,3,PayPal,Pending,Theresahaven,West Virginia,7876,PROD0140,0.18,537.63,5.0,False
140,ORD000141,CUST0141,2024-09-12,Beauty,448.79,1,Net Banking,Returned,Lambmouth,Colorado,83239,PROD0141,0.02,439.81,3.0,False
141,ORD000142,CUST0142,2024-11-02,Sports,186.94,3,PayPal,Pending,Sellersberg,Vermont,7027,PROD0142,0.29,398.18,4.0,False
142,ORD000143,CUST0143,2025-03-06,Sports,220.75,1,PayPal,Cancelled,New Sherri,Utah,31376,PROD0143,0.15,187.64,5.0,False
143,ORD000144,CUST0144,2025-03-27,Clothing,446.5,4,PayPal,Pending,Anthonyhaven,Kansas,33429,PROD0144,0.05,1696.7,1.0,False
144,ORD000145,CUST0145,2025-06-01,Sports,404.07,1,Cash on Delivery,Returned,Port Patrick,Alaska,50798,PROD0145,0.1,363.66,2.0,False
145,ORD000146,CUST0146,2025-04-29,Home,353.42,2,Net Banking,Returned,Michaelside,Idaho,41092,PROD0146,0.15,600.81,5.0,False
146,ORD000147,CUST0147,2025-03-15,Sports,54.61,1,Net Banking,Returned,Lake Kellyport,Nebraska,41781,PROD0147,0.04,52.43,3.0,False
147,ORD000148,CUST0148,2024-10-23,Sports,460.14,2,Credit Card,Pending,Lake Courtney,Maryland,63600,PROD0148,0.06,865.06,5.0,False
148,ORD000149,CUST0149,2024-11-06,Sports,358.55,1,Cash on Delivery,Pending,West Connie,Indiana,74757,PROD0149,0.27,261.74,1.0,False
149,ORD000150,CUST0150,2025-04-08,Sports,499.43,1,Cash on Delivery,Cancelled,Littlebury,Connecticut,52182,PROD0150,0.26,369.58,2.0,False
150,ORD000151,CUST0151,2025-02-02,Beauty,78.98,1,Debit Card,Delivered,Blackburnside,Kansas,29273,PROD0151,0.04,75.82,3.0,True
151,ORD000152,CUST0152,2025-04-20,Books,434.72,2,PayPal,Delivered,Curryberg,Ohio,38993,PROD0152,0.08,799.88,3.0,False
152,ORD000153,CUST0153,2024-06-19,Sports,85.43,4,Cash on Delivery,Cancelled,Vanessafurt,Arizona,21791,PROD0153,0.19,276.79,5.0,False
153,ORD000154,CUST0154,2025-03-23,Beauty,309.7,1,Net Banking,Pending,Ryantown,Texas,94708,PROD0154,0.08,284.92,4.0,False
154,ORD000155,CUST0155,2024-08-11,Books,66.29,4,Cash on Delivery,Cancelled,Latoyaport,Massachusetts,53840,PROD0155,0.0,265.16,5.0,False
155,ORD000156,CUST0156,2025-03-18,Electronics,424.76,1,Cash on Delivery,Delivered,Smithberg,New Hampshire,84241,PROD0156,0.21,335.56,3.0,True
156,ORD000157,CUST0157,2024-11-07,Sports,404.62,3,Net Banking,Delivered,Kristashire,Minnesota,80200,PROD0157,0.06,1141.03,1.0,True
157,ORD000158,CUST0158,2025-02-19,Home,286.7,3,Debit Card,Pending,Acevedoton,Maine,97971,PROD0158,0.1,774.09,3.0,False
158,ORD000159,CUST0159,2025-03-10,Electronics,206.56,1,Cash on Delivery,Delivered,Brownhaven,Minnesota,22140,PROD0159,0.09,187.97,3.0,True
159,ORD000160,CUST0160,2024-12-11,Clothing,39.24,2,PayPal,Returned,South Andrewfort,New Hampshire,867,PROD0160,0.05,74.56,4.0,False
160,ORD000161,CUST0161,2024-11-01,Home,350.23,3,Cash on Delivery,Delivered,Millerburgh,Minnesota,77878,PROD0161,0.04,1008.66,4.0,True
161,ORD000162,CUST0162,2024-12-13,Books,229.5,2,Credit Card,Pending,Mirandaburgh,North Dakota,41692,PROD0162,0.04,440.64,1.0,False
162,ORD000163,CUST0163,2024-10-02,Books,362.42,1,Net Banking,Delivered,Briannaberg,Alabama,25729,PROD0163,0.29,257.32,4.0,False
163,ORD000164,CUST0164,2024-07-19,Books,433.86,3,Credit Card,Returned,West Kaylamouth,Iowa,91611,PROD0164,0.22,1015.23,2.0,False
164,ORD000165,CUST0165,2025-01-12,Clothing,487.88,4,Credit Card,Returned,New Scott,Alaska,15771,PROD0165,0.28,1405.09,3.0,False
165,ORD000166,CUST0166,2024-07-24,Sports,428.62,2,Credit Card,Pending,Henryport,New Hampshire,34726,PROD0166,0.17,711.51,5.0,False
166,ORD000167,CUST0167,2025-05-10,Home,10.8,2,PayPal,Delivered,Conradfort,Arizona,86285,PROD0167,0.1,19.44,2.0,False
167,ORD000168,CUST0168,2025-02-12,Clothing,183.19,3,Cash on Delivery,Cancelled,Matthewfort,Idaho,2977,PROD0168,0.05,522.09,2.0,False
168,ORD000169,CUST0169,2024-10-31,Sports,366.35,1,Net Banking,Returned,South Meghanbury,Washington,74430,PROD0169,0.15,311.4,3.0,False
169,ORD000170,CUST0170,2025-03-30,Sports,89.96,1,Debit Card,Pending,South Latoya,Mississippi,53083,PROD0170,0.15,76.47,1.0,False
170,ORD000171,CUST0171,2024-08-22,Sports,262.91,4,Credit Card,Cancelled,South Carlos,Arizona,99689,PROD0171,0.23,809.76,3.0,False
171,ORD000172,CUST0172,2025-01-08,Beauty,31.9,3,PayPal,Pending,Sheilamouth,Alaska,97436,PROD0172,0.16,80.39,1.0,False
172,ORD000173,CUST0173,2025-03-23,Home,104.0,2,Debit Card,Returned,Thomaschester,Rhode Island,84509,PROD0173,0.06,195.52,3.0,False
173,ORD000174,CUST0174,2025-02-04,Electronics,14.17,3,Credit Card,Delivered,South Lauraport,Arkansas,49449,PROD0174,0.24,32.31,4.0,True
174,ORD000175,CUST0175,2025-02-19,Sports,397.88,4,Credit Card,Cancelled,Port Tammyville,Illinois,24716,PROD0175,0.04,1527.86,4.0,False
175,ORD000176,CUST0176,2025-04-01,Books,115.84,3,Cash on Delivery,Cancelled,Lake Justin,Vermont,18987,PROD0176,0.16,291.92,5.0,False
176,ORD000177,CUST0177,2024-07-05,Electronics,175.95,3,Debit Card,Pending,Port Jessica,Delaware,59289,PROD0177,0.01,522.57,3.0,False
177,ORD000178,CUST0178,2025-04-04,Home,464.4,4,Net Banking,Cancelled,Marqueztown,Colorado,90098,PROD0178,0.11,1653.26,4.0,False
178,ORD000179,CUST0179,2024-10-31,Clothing,353.69,1,Credit Card,Cancelled,Welchville,Kansas,67518,PROD0179,0.2,282.95,1.0,False
179,ORD000180,CUST0180,2024-11-23,Sports,20.76,1,Debit Card,Delivered,Lawsonborough,Nebraska,9279,PROD0180,0.04,19.93,3.0,True
180,ORD000181,CUST0181,2024-10-28,Home,86.52,2,Debit Card,Delivered,Port Nicholasfurt,Louisiana,44292,PROD0181,0.16,145.35,5.0,True
181,ORD000182,CUST0182,2024-08-05,Clothing,312.63,3,Debit Card,Returned,New April,Kentucky,39248,PROD0182,0.16,787.83,4.0,False
182,ORD000183,CUST0183,2025-03-19,Books,290.73,4,Net Banking,Delivered,Teresamouth,Massachusetts,29064,PROD0183,0.27,848.93,3.0,False
183,ORD000184,CUST0184,2024-09-17,Home,122.76,4,Debit Card,Cancelled,North Tylerbury,Iowa,56776,PROD0184,0.14,422.29,1.0,False
184,ORD000185,CUST0185,2025-03-15,Home,467.44,3,Debit Card,Returned,Connietown,New York,81142,PROD0185,0.02,1374.27,3.0,False
185,ORD000186,CUST0186,2024-06-22,Beauty,308.91,3,Credit Card,Cancelled,Rogerborough,North Dakota,60539,PROD0186,0.04,889.66,5.0,False
186,ORD000187,CUST0187,2025-01-28,Clothing,270.14,4,Net Banking,Pending,Port Kenneth,Minnesota,76613,PROD0187,0.08,994.12,1.0,False
187,ORD000188,CUST0188,2025-01-06,Beauty,297.01,4,Cash on Delivery,Returned,Josechester,Vermont,44772,PROD0188,0.24,902.91,4.0,False
188,ORD000189,CUST0189,2024-12-17,Sports,366.41,3,Debit Card,Returned,South David,Georgia,77007,PROD0189,0.08,1011.29,3.0,False
189,ORD000190,CUST0190,2025-04-11,Sports,159.41,1,Credit Card,Cancelled,Port Walter,Minnesota,31299,PROD0190,0.18,130.72,4.0,False
190,ORD000191,CUST0191,2025-02-15,Electronics,202.12,1,Net Banking,Cancelled,East Brookeborough,Maine,4580,PROD0191,0.02,198.08,2.0,False
191,ORD000192,CUST0192,2024-08-04,Electronics,108.87,2,Cash on Delivery,Returned,North Jessicaland,Tennessee,87553,PROD0192,0.06,204.68,2.0,False
192,ORD000193,CUST0193,2025-03-19,Sports,97.17,2,Cash on Delivery,Cancelled,Port Joshuamouth,Delaware,34703,PROD0193,0.19,157.42,4.0,False
193,ORD000194,CUST0194,2025-02-06,Home,472.46,4,Cash on Delivery,Delivered,Fowlerland,Utah,88663,PROD0194,0.03,1833.14,4.0,False
194,ORD000195,CUST0195,2024-11-29,Home,371.08,3,Net Banking,Cancelled,Carlosville,North Carolina,75781,PROD0195,0.21,879.46,4.0,False
195,ORD000196,CUST0196,2024-09-15,Books,247.78,2,Net Banking,Returned,Rodriguezton,West Virginia,63998,PROD0196,0.13,431.14,1.0,False
196,ORD000197,CUST0197,2024-12-31,Home,117.57,3,Credit Card,Delivered,Lesterburgh,Maine,15967,PROD0197,0.08,324.49,5.0,True
197,ORD000198,CUST0198,2025-01-19,Sports,130.91,1,Cash on Delivery,Returned,East Petertown,New Mexico,82307,PROD0198,0.26,96.87,,False
198,ORD000199,CUST0199,2024-09-27,Clothing,33.72,1,Debit Card,Pending,Tuckerside,South Carolina,45715,PROD0199,0.2,26.98,4.0,False
199,ORD000200,CUST0200,2024-08-12,Sports,220.04,1,Net Banking,Pending,Harrisville,Colorado,45663,PROD0200,0.02,215.64,5.0,False
200,ORD000201,CUST0201,2024-07-02,Sports,159.34,2,Debit Card,Returned,New Pamelafort,West Virginia,96482,PROD0201,0.2,254.94,4.0,False
201,ORD000202,CUST0202,2025-03-01,Books,349.69,3,Credit Card,Pending,Michaelburgh,Vermont,26017,PROD0202,0.06,986.13,4.0,False
202,ORD000203,CUST0203,2025-06-09,Electronics,191.99,2,Net Banking,Cancelled,South Lawrence,Missouri,61975,PROD0203,0.28,276.47,3.0,False
203,ORD000204,CUST0204,2025-02-08,Sports,93.9,4,Net Banking,Cancelled,Lake Corey,Texas,57300,PROD0204,0.05,356.82,1.0,False
204,ORD000205,CUST0205,2025-05-19,Electronics,17.22,3,Debit Card,Cancelled,Lake Tammy,North Carolina,37300,PROD0205,0.19,41.84,1.0,False
205,ORD000206,CUST0206,2025-01-09,Sports,38.29,4,Debit Card,Cancelled,East Donald,Arkansas,50905,PROD0206,0.07,142.44,3.0,False
206,ORD000207,CUST0207,2024-12-15,Home,341.3,2,Cash on Delivery,Cancelled,South Lorrainefurt,Kentucky,19985,PROD0207,0.28,491.47,3.0,False
207,ORD000208,CUST0208,2024-12-15,Home,229.58,1,Cash on Delivery,Returned,West Anna,Illinois,59071,PROD0208,0.1,206.62,3.0,False
208,ORD000209,CUST0209,2024-07-03,Electronics,270.61,2,Credit Card,Pending,Kellyburgh,Pennsylvania,15964,PROD0209,0.18,443.8,1.0,False
209,ORD000210,CUST0210,2025-01-19,Books,448.85,1,Debit Card,Pending,Reynoldsville,Idaho,39951,PROD0210,0.04,430.9,2.0,False
210,ORD000211,CUST0211,2025-02-16,Books,495.22,3,PayPal,Delivered,Irwinfort,Illinois,65084,PROD0211,0.14,1277.67,2.0,True
211,ORD000212,CUST0212,2024-11-16,Clothing,112.36,1,Credit Card,Pending,Kennethside,Utah,74955,PROD0212,0.18,92.14,1.0,False
212,ORD000213,CUST0213,2024-08-09,Sports,333.22,2,Credit Card,Returned,North Pamelaburgh,New Jersey,59635,PROD0213,0.23,513.16,4.0,False
213,ORD000214,CUST0214,2025-01-08,Electronics,135.34,3,Net Banking,Pending,East Gabrielamouth,Alaska,5368,PROD0214,0.17,337.0,1.0,False
214,ORD000215,CUST0215,2025-06-06,Electronics,15.22,2,PayPal,Returned,North Judyland,Maryland,69562,PROD0215,0.21,24.05,2.0,False
215,ORD000216,CUST0216,2024-11-26,Sports,380.4,4,Debit Card,Pending,North Jennifer,Hawaii,33931,PROD0216,0.26,1125.98,1.0,False
216,ORD000217,CUST0217,2024-07-30,Electronics,163.41,2,Debit Card,Returned,South Cody,Minnesota,33181,PROD0217,0.09,297.41,4.0,False
217,ORD000218,CUST0218,2024-07-04,Home,194.81,2,Net Banking,Cancelled,South Christian,Arizona,63039,PROD0218,0.1,350.66,5.0,False
218,ORD000219,CUST0219,2024-06-18,Clothing,296.22,1,PayPal,Returned,New Katherine,New Hampshire,92586,PROD0219,0.01,293.26,2.0,False
219,ORD000220,CUST0220,2025-05-17,Clothing,416.37,3,PayPal,Cancelled,South David,New Hampshire,61558,PROD0220,0.17,1036.76,4.0,False
220,ORD000221,CUST0221,2025-05-23,Sports,316.35,2,Credit Card,Returned,North Dalton,New Hampshire,87491,PROD0221,0.29,449.22,4.0,False
221,ORD000222,CUST0222,2024-07-13,Beauty,436.96,4,Cash on Delivery,Cancelled,North Luke,Utah,31652,PROD0222,0.22,1363.32,3.0,False
222,ORD000223,CUST0223,2025-03-06,Sports,140.4,1,Debit Card,Cancelled,Denisestad,Oklahoma,10641,PROD0223,0.3,98.28,4.0,False
223,ORD000224,CUST0224,2024-08-31,Sports,400.03,2,Credit Card,Pending,Allenville,Arizona,76266,PROD0224,0.14,688.05,3.0,False
224,ORD000225,CUST0225,2025-03-28,Books,96.89,3,Net Banking,Pending,New Denise,Texas,12839,PROD0225,0.22,226.72,2.0,False
225,ORD000226,CUST0226,2024-08-04,Beauty,476.63,1,PayPal,Cancelled,Juliechester,North Carolina,45963,PROD0226,0.05,452.8,,False
226,ORD000227,CUST0227,2025-01-21,Sports,345.31,2,Credit Card,Delivered,South Angelica,Maine,40696,PROD0227,0.13,600.84,4.0,False
227,ORD000228,CUST0228,2024-12-26,Books,111.68,2,Debit Card,Pending,Christinaport,Texas,79101,PROD0228,0.19,180.92,,False
228,ORD000229,CUST0229,2025-03-09,Sports,473.95,1,Credit Card,Cancelled,Frankside,New Mexico,57309,PROD0229,0.14,407.6,2.0,False
229,ORD000230,CUST0230,2024-10-20,Clothing,366.77,3,Net Banking,Returned,Kathleenside,Oregon,43322,PROD0230,0.01,1089.31,4.0,False
230,ORD000231,CUST0231,2024-09-29,Home,130.7,4,Debit Card,Delivered,North Robinfurt,Mississippi,62082,PROD0231,0.1,470.52,3.0,True
231,ORD000232,CUST0232,2024-12-06,Beauty,110.59,3,PayPal,Delivered,Ramoschester,Mississippi,47176,PROD0232,0.2,265.42,5.0,False
232,ORD000233,CUST0233,2025-03-25,Home,261.51,4,Cash on Delivery,Cancelled,South Dominique,Missouri,17947,PROD0233,0.12,920.52,4.0,False
233,ORD000234,CUST0234,2025-02-25,Sports,17.7,3,Cash on Delivery,Returned,Matthewhaven,New Mexico,78061,PROD0234,0.13,46.2,2.0,False
234,ORD000235,CUST0235,2024-08-09,Beauty,107.7,1,Net Banking,Returned,West Brittany,Maryland,42615,PROD0235,0.26,79.7,1.0,False
235,ORD000236,CUST0236,2025-03-01,Sports,215.22,4,Credit Card,Delivered,North Christine,Ohio,50180,PROD0236,0.08,792.01,2.0,False
236,ORD000237,CUST0237,2025-04-10,Home,190.21,1,Credit Card,Delivered,Emilyhaven,Maryland,64637,PROD0237,0.18,155.97,4.0,False
237,ORD000238,CUST0238,2025-04-26,Home,234.47,2,PayPal,Cancelled,Timothybury,Wyoming,25813,PROD0238,0.25,351.7,1.0,False
238,ORD000239,CUST0239,2024-10-05,Beauty,142.43,1,PayPal,Pending,Grayfurt,Arkansas,83647,PROD0239,0.24,108.25,3.0,False
239,ORD000240,CUST0240,2025-05-22,Clothing,295.46,4,Debit Card,Delivered,Philliptown,Iowa,47779,PROD0240,0.07,1099.11,4.0,True
240,ORD000241,CUST0241,2024-10-20,Electronics,432.61,2,Credit Card,Cancelled,Michaelville,North Carolina,50326,PROD0241,0.02,847.92,5.0,False
241,ORD000242,CUST0242,2025-06-05,Books,63.18,4,Credit Card,Delivered,South Prestonland,Ohio,86083,PROD0242,0.08,232.5,3.0,False
242,ORD000243,CUST0243,2025-03-09,Clothing,261.1,4,PayPal,Pending,East Andrew,Mississippi,54944,PROD0243,0.05,992.18,1.0,False
243,ORD000244,CUST0244,2025-04-17,Electronics,70.37,1,Net Banking,Returned,Jaytown,Colorado,86238,PROD0244,0.01,69.67,2.0,False
244,ORD000245,CUST0245,2025-03-09,Books,359.85,3,Credit Card,Returned,Edwardsmouth,Montana,8585,PROD0245,0.09,982.39,1.0,False
245,ORD000246,CUST0246,2024-10-23,Home,201.05,3,Net Banking,Returned,New Timothy,Wyoming,9553,PROD0246,0.16,506.65,,False
246,ORD000247,CUST0247,2024-09-04,Sports,284.88,1,Debit Card,Returned,Jennifermouth,Hawaii,5894,PROD0247,0.2,227.9,4.0,False
247,ORD000248,CUST0248,2024-09-28,Home,95.72,1,Cash on Delivery,Delivered,South Anna,Maryland,76317,PROD0248,0.11,85.19,1.0,False
248,ORD000249,CUST0249,2025-05-03,Electronics,76.7,3,Credit Card,Returned,West Michael,Montana,23239,PROD0249,0.06,216.29,1.0,False
249,ORD000250,CUST0250,2025-05-27,Clothing,246.59,3,PayPal,Returned,Angelabury,Delaware,29460,PROD0250,0.17,614.01,2.0,False
250,ORD000251,CUST0251,2024-10-27,Clothing,181.03,1,PayPal,Pending,Tateview,Kansas,57283,PROD0251,0.23,139.39,4.0,False
251,ORD000252,CUST0252,2024-07-19,Beauty,470.51,3,Net Banking,Delivered,South William,North Carolina,13394,PROD0252,0.21,1115.11,3.0,True
252,ORD000253,CUST0253,2024-06-28,Sports,383.84,1,PayPal,Cancelled,Chapmanborough,South Dakota,30279,PROD0253,0.26,284.04,4.0,False
253,ORD000254,CUST0254,2024-11-15,Electronics,375.59,1,Debit Card,Returned,East Sierra,Nevada,92773,PROD0254,0.08,345.54,5.0,False
254,ORD000255,CUST0255,2024-12-28,Sports,452.34,1,Net Banking,Pending,Lake Valeriefort,Wisconsin,98892,PROD0255,0.15,384.49,5.0,False
255,ORD000256,CUST0256,2025-01-10,Books,46.29,1,Cash on Delivery,Pending,Collinsberg,Kentucky,42836,PROD0256,0.15,39.35,3.0,False
256,ORD000257,CUST0257,2024-12-15,Electronics,278.34,1,Debit Card,Returned,Port Victorberg,Louisiana,85961,PROD0257,0.1,250.51,4.0,False
257,ORD000258,CUST0258,2024-12-09,Electronics,294.32,1,PayPal,Cancelled,Christopherstad,Wisconsin,44783,PROD0258,0.21,232.51,2.0,False
258,ORD000259,CUST0259,2025-01-21,Beauty,481.16,2,Debit Card,Pending,Perezmouth,Connecticut,44713,PROD0259,0.04,923.83,2.0,False
259,ORD000260,CUST0260,2024-08-30,Beauty,149.61,1,Credit Card,Cancelled,Dennisburgh,Pennsylvania,21136,PROD0260,0.24,113.7,,False
260,ORD000261,CUST0261,2025-06-08,Books,124.21,1,Credit Card,Returned,Port Daniel,Connecticut,71871,PROD0261,0.01,122.97,4.0,False
261,ORD000262,CUST0262,2025-01-30,Books,54.65,2,Debit Card,Cancelled,Lake Andreamouth,Ohio,39584,PROD0262,0.12,96.18,4.0,False
262,ORD000263,CUST0263,2024-07-12,Home,13.13,3,Debit Card,Returned,Port Haley,South Carolina,95649,PROD0263,0.18,32.3,5.0,False
263,ORD000264,CUST0264,2024-12-16,Beauty,465.12,1,Credit Card,Returned,Jamestown,Rhode Island,60754,PROD0264,0.13,404.65,1.0,False
264,ORD000265,CUST0265,2024-07-31,Books,336.61,1,Cash on Delivery,Cancelled,North Paige,Texas,36936,PROD0265,0.2,269.29,3.0,False
265,ORD000266,CUST0266,2025-02-25,Home,393.65,2,Debit Card,Pending,West Ronald,South Carolina,37989,PROD0266,0.01,779.43,4.0,False
266,ORD000267,CUST0267,2024-09-23,Sports,144.46,3,Net Banking,Delivered,Combsstad,Oregon,99442,PROD0267,0.26,320.7,3.0,True
267,ORD000268,CUST0268,2024-12-11,Sports,295.27,1,PayPal,Returned,Kurtfort,Louisiana,12262,PROD0268,0.02,289.36,5.0,False
268,ORD000269,CUST0269,2025-04-25,Electronics,36.66,1,PayPal,Cancelled,North Teresafurt,Arkansas,74415,PROD0269,0.09,33.36,3.0,False
269,ORD000270,CUST0270,2025-02-02,Books,245.39,4,Net Banking,Returned,Michellebury,Kentucky,79766,PROD0270,0.09,893.22,2.0,False
270,ORD000271,CUST0271,2024-09-18,Clothing,488.86,2,Net Banking,Delivered,Lake Cliffordview,Connecticut,99868,PROD0271,0.0,977.72,5.0,True
271,ORD000272,CUST0272,2025-04-13,Electronics,438.87,3,Net Banking,Pending,Bowmanmouth,Virginia,12586,PROD0272,0.03,1277.11,1.0,False
272,ORD000273,CUST0273,2025-02-05,Electronics,172.39,3,Credit Card,Delivered,West Angelamouth,Utah,79951,PROD0273,0.26,382.71,4.0,True
273,ORD000274,CUST0274,2025-04-11,Clothing,480.98,3,Debit Card,Pending,Blackwellmouth,New York,99317,PROD0274,0.23,1111.06,1.0,False
274,ORD000275,CUST0275,2024-11-25,Books,119.69,4,Credit Card,Returned,Theresafurt,Arizona,58562,PROD0275,0.22,373.43,3.0,False
275,ORD000276,CUST0276,2025-01-15,Sports,474.91,3,Cash on Delivery,Delivered,Hallfort,Oregon,25974,PROD0276,0.21,1125.54,2.0,False
276,ORD000277,CUST0277,2024-11-02,Clothing,470.98,2,Credit Card,Delivered,North Jasonmouth,Alabama,83130,PROD0277,0.02,923.12,,False
277,ORD000278,CUST0278,2025-04-28,Beauty,400.61,2,Net Banking,Cancelled,Shawnmouth,Florida,68106,PROD0278,0.09,729.11,3.0,False
278,ORD000279,CUST0279,2024-11-17,Sports,317.07,1,Debit Card,Cancelled,Cortezland,Tennessee,83321,PROD0279,0.0,317.07,1.0,False
279,ORD000280,CUST0280,2025-01-21,Electronics,437.77,1,Credit Card,Delivered,Leeburgh,Virginia,44882,PROD0280,0.02,429.01,4.0,False
280,ORD000281,CUST0281,2025-02-24,Electronics,150.05,2,Cash on Delivery,Cancelled,South Sydneyshire,New Mexico,21017,PROD0281,0.01,297.1,3.0,False
281,ORD000282,CUST0282,2025-01-13,Clothing,425.23,3,Debit Card,Delivered,Port Tina,New Jersey,96815,PROD0282,0.06,1199.15,4.0,False
282,ORD000283,CUST0283,2024-09-29,Clothing,310.85,1,Net Banking,Pending,Kellyhaven,Arkansas,62848,PROD0283,0.02,304.63,3.0,False
283,ORD000284,CUST0284,2024-06-30,Sports,11.55,1,Debit Card,Cancelled,Johnborough,Hawaii,52850,PROD0284,0.01,11.43,3.0,False
284,ORD000285,CUST0285,2024-07-31,Electronics,176.88,3,PayPal,Pending,Jamesberg,Texas,89354,PROD0285,0.07,493.5,3.0,False
285,ORD000286,CUST0286,2024-10-19,Electronics,78.33,1,Cash on Delivery,Pending,East Sean,Florida,95807,PROD0286,0.24,59.53,4.0,False
286,ORD000287,CUST0287,2024-08-01,Clothing,491.01,2,Cash on Delivery,Pending,Kimberlyport,Vermont,89272,PROD0287,0.02,962.38,3.0,False
287,ORD000288,CUST0288,2024-12-31,Sports,241.79,4,Cash on Delivery,Delivered,East Eric,Oregon,79351,PROD0288,0.3,677.01,1.0,True
288,ORD000289,CUST0289,2025-03-03,Electronics,251.21,4,Credit Card,Pending,Nelsonland,Arkansas,46206,PROD0289,0.2,803.87,5.0,False
289,ORD000290,CUST0290,2024-08-20,Clothing,321.54,2,PayPal,Cancelled,Danielsberg,Wyoming,97771,PROD0290,0.26,475.88,3.0,False
290,ORD000291,CUST0291,2024-07-06,Books,187.45,1,Cash on Delivery,Delivered,Kennedyfurt,Mississippi,28016,PROD0291,0.2,149.96,3.0,True
291,ORD000292,CUST0292,2024-07-13,Home,72.77,2,Credit Card,Delivered,South Lorraine,Arkansas,41367,PROD0292,0.23,112.07,3.0,True
292,ORD000293,CUST0293,2024-09-13,Home,411.95,1,Cash on Delivery,Pending,Melissamouth,Vermont,96052,PROD0293,0.09,374.87,4.0,False
293,ORD000294,CUST0294,2024-09-11,Beauty,98.97,1,PayPal,Delivered,East Eric,Colorado,48178,PROD0294,0.08,91.05,3.0,False
294,ORD000295,CUST0295,2025-01-10,Sports,258.1,2,Debit Card,Cancelled,Gregorytown,Arizona,1938,PROD0295,0.2,412.96,4.0,False
295,ORD000296,CUST0296,2025-03-10,Clothing,116.04,2,PayPal,Cancelled,Lake Michaelshire,Tennessee,70122,PROD0296,0.17,192.63,5.0,False
296,ORD000297,CUST0297,2025-01-11,Beauty,53.43,2,Credit Card,Cancelled,New Veronicafurt,Kentucky,25200,PROD0297,0.15,90.83,3.0,False
297,ORD000298,CUST0298,2025-03-30,Home,431.78,4,Debit Card,Delivered,West Monica,Minnesota,97356,PROD0298,0.05,1640.76,4.0,True
298,ORD000299,CUST0299,2025-04-21,Home,486.6,4,Debit Card,Pending,New Davidside,Delaware,93403,PROD0299,0.07,1810.15,3.0,False
299,ORD000300,CUST0300,2025-01-10,Beauty,480.61,1,Net Banking,Cancelled,West Christina,Michigan,94941,PROD0300,0.16,403.71,4.0,False
300,ORD000301,CUST0301,2024-12-13,Beauty,453.74,2,Net Banking,Pending,Edgarside,Illinois,18763,PROD0001,0.12,798.58,4.0,False
301,ORD000302,CUST0302,2024-12-19,Books,388.15,3,Credit Card,Delivered,North Tiffanyview,South Dakota,81326,PROD0002,0.29,826.76,4.0,False
302,ORD000303,CUST0303,2024-12-28,Sports,169.91,1,Cash on Delivery,Returned,Murphyfurt,Oklahoma,65833,PROD0003,0.17,141.03,2.0,False
303,ORD000304,CUST0304,2024-07-22,Home,45.15,1,Net Banking,Pending,Port Beth,South Carolina,61291,PROD0004,0.13,39.28,4.0,False
304,ORD000305,CUST0305,2024-10-29,Books,206.58,4,PayPal,Pending,Anthonymouth,Connecticut,7795,PROD0005,0.29,586.69,3.0,False
305,ORD000306,CUST0306,2024-07-22,Clothing,119.96,3,Debit Card,Returned,Lake Valerie,Montana,24817,PROD0006,0.03,349.08,3.0,False
306,ORD000307,CUST0307,2024-10-20,Home,70.58,3,PayPal,Cancelled,North Michaelmouth,Virginia,34415,PROD0007,0.08,194.8,5.0,False
307,ORD000308,CUST0308,2024-08-30,Home,31.45,4,Credit Card,Cancelled,West Hannah,Vermont,38764,PROD0008,0.1,113.22,4.0,False
308,ORD000309,CUST0309,2024-12-05,Beauty,364.17,1,Credit Card,Delivered,Port Heatherbury,Vermont,8647,PROD0009,0.26,269.49,1.0,True
309,ORD000310,CUST0310,2024-07-18,Beauty,10.66,4,PayPal,Delivered,West Jenny,North Dakota,65420,PROD0010,0.23,32.83,4.0,False
310,ORD000311,CUST0311,2024-07-18,Beauty,386.44,3,PayPal,Pending,New Michael,Massachusetts,14592,PROD0011,0.09,1054.98,1.0,False
311,ORD000312,CUST0312,2024-07-30,Books,77.74,4,Cash on Delivery,Returned,Kirstenchester,Indiana,92226,PROD0012,0.26,230.11,4.0,False
312,ORD000313,CUST0313,2025-02-15,Sports,44.36,2,PayPal,Pending,Port Leonard,Wisconsin,77581,PROD0013,0.02,86.95,3.0,False
313,ORD000314,CUST0314,2025-05-27,Beauty,49.35,2,Net Banking,Delivered,East Jessicaland,Pennsylvania,20983,PROD0014,0.15,83.9,5.0,False
314,ORD000315,CUST0315,2024-12-17,Home,337.66,1,PayPal,Returned,West Jaimehaven,New Hampshire,40410,PROD0015,0.2,270.13,4.0,False
315,ORD000316,CUST0316,2025-02-28,Clothing,126.46,1,Debit Card,Returned,Williamsbury,Washington,88905,PROD0016,0.09,115.08,,False
316,ORD000317,CUST0317,2024-08-09,Clothing,213.17,4,Net Banking,Returned,Johnsonbury,Illinois,63114,PROD0017,0.02,835.63,3.0,False
317,ORD000318,CUST0318,2025-05-20,Clothing,280.9,2,Net Banking,Cancelled,South Sharon,Delaware,80713,PROD0018,0.08,516.86,2.0,False
318,ORD000319,CUST0319,2024-12-13,Electronics,430.97,1,PayPal,Pending,Port Kevinchester,Iowa,89572,PROD0019,0.15,366.32,2.0,False
319,ORD000320,CUST0320,2024-10-06,Beauty,364.89,2,Debit Card,Delivered,Robertborough,Hawaii,95861,PROD0020,0.1,656.8,4.0,True
320,ORD000321,CUST0321,2025-04-01,Clothing,138.81,4,Credit Card,Returned,South Stevenbury,Illinois,16680,PROD0021,0.12,488.61,3.0,False
321,ORD000322,CUST0322,2024-07-18,Home,70.08,3,Cash on Delivery,Delivered,Valeriefurt,Mississippi,81141,PROD0022,0.03,203.93,5.0,False
322,ORD000323,CUST0323,2025-04-22,Electronics,32.41,3,Debit Card,Delivered,Chapmanland,Pennsylvania,38388,PROD0023,0.0,97.23,1.0,True
323,ORD000324,CUST0324,2024-12-06,Sports,154.29,3,Net Banking,Delivered,Jensenmouth,Georgia,61629,PROD0024,0.26,342.52,4.0,False
324,ORD000325,CUST0325,2024-08-04,Sports,134.75,1,Cash on Delivery,Returned,Johnsonfurt,Ohio,51383,PROD0025,0.02,132.06,3.0,False
325,ORD000326,CUST0326,2025-05-18,Beauty,230.79,3,Credit Card,Delivered,Lake Amanda,Vermont,91479,PROD0026,0.09,630.06,4.0,False
326,ORD000327,CUST0327,2025-02-03,Clothing,343.22,2,Cash on Delivery,Delivered,Bradleyburgh,Texas,77560,PROD0027,0.2,549.15,4.0,False
327,ORD000328,CUST0328,2024-12-28,Beauty,349.33,4,Credit Card,Cancelled,Brandtport,California,19687,PROD0028,0.25,1047.99,4.0,False
328,ORD000329,CUST0329,2024-09-23,Electronics,145.34,2,Net Banking,Cancelled,Sotoside,Alabama,79454,PROD0029,0.1,261.61,4.0,False
329,ORD000330,CUST0330,2024-12-29,Books,193.06,2,Net Banking,Delivered,New Nicholas,California,98459,PROD0030,0.2,308.9,4.0,True
330,ORD000331,CUST0331,2024-08-03,Clothing,94.67,4,Cash on Delivery,Returned,Littleville,Iowa,97680,PROD0031,0.14,325.66,5.0,False
331,ORD000332,CUST0332,2025-03-08,Electronics,395.33,4,Cash on Delivery,Delivered,West Garyfurt,Oregon,50273,PROD0032,0.02,1549.69,4.0,True
332,ORD000333,CUST0333,2025-01-29,Beauty,33.14,2,Debit Card,Pending,Kathrynborough,West Virginia,27622,PROD0033,0.12,58.33,5.0,False
333,ORD000334,CUST0334,2024-08-26,Books,350.01,2,Cash on Delivery,Delivered,Johnstad,Idaho,59555,PROD0034,0.01,693.02,5.0,True
334,ORD000335,CUST0335,2025-04-28,Books,390.45,4,Net Banking,Pending,Lake Joseph,Maine,69323,PROD0035,0.29,1108.88,5.0,False
335,ORD000336,CUST0336,2025-03-28,Electronics,389.82,3,PayPal,Returned,West Sean,Arkansas,91953,PROD0036,0.23,900.48,5.0,False
336,ORD000337,CUST0337,2024-07-12,Books,133.41,2,Debit Card,Pending,East Mollyberg,Kansas,44776,PROD0037,0.1,240.14,2.0,False
337,ORD000338,CUST0338,2024-06-30,Books,190.04,4,Credit Card,Cancelled,Riveraview,New Hampshire,10141,PROD0038,0.07,706.95,3.0,False
338,ORD000339,CUST0339,2025-02-11,Home,295.86,3,Debit Card,Cancelled,Pamelastad,Missouri,99065,PROD0039,0.12,781.07,5.0,False
339,ORD000340,CUST0340,2024-06-28,Electronics,140.05,4,Credit Card,Returned,Lake Amy,Alabama,16804,PROD0040,0.09,509.78,2.0,False
340,ORD000341,CUST0341,2024-10-12,Home,188.57,2,Credit Card,Delivered,West Fernando,Maine,70938,PROD0041,0.11,335.65,3.0,False
341,ORD000342,CUST0342,2024-09-30,Electronics,102.54,1,Credit Card,Pending,Irwinland,Connecticut,54210,PROD0042,0.28,73.83,2.0,False
342,ORD000343,CUST0343,2025-03-23,Sports,232.63,3,Debit Card,Delivered,Port Kenneth,West Virginia,52758,PROD0043,0.12,614.14,2.0,True
343,ORD000344,CUST0344,2024-12-17,Home,27.08,1,Credit Card,Cancelled,Jennaville,South Dakota,9712,PROD0044,0.22,21.12,4.0,False
344,ORD000345,CUST0345,2024-09-13,Electronics,400.9,3,Credit Card,Pending,Jacobfort,Mississippi,31168,PROD0045,0.05,1142.56,3.0,False
345,ORD000346,CUST0346,2024-12-07,Books,43.09,3,Cash on Delivery,Pending,New Rebekahstad,Illinois,41481,PROD0046,0.16,108.59,3.0,False
346,ORD000347,CUST0347,2025-01-01,Sports,261.82,1,Debit Card,Cancelled,Lamborough,Florida,89595,PROD0047,0.15,222.55,4.0,False
347,ORD000348,CUST0348,2025-02-10,Books,156.87,2,Net Banking,Cancelled,East Adam,Alaska,59607,PROD0048,0.18,257.27,4.0,False
348,ORD000349,CUST0349,2024-08-31,Beauty,290.88,2,Credit Card,Returned,West Glenn,Minnesota,99716,PROD0049,0.2,465.41,3.0,False
349,ORD000350,CUST0350,2025-05-01,Clothing,479.92,2,Cash on Delivery,Cancelled,Garciaview,Iowa,94875,PROD0050,0.26,710.28,3.0,False
350,ORD000351,CUST0351,2024-11-02,Electronics,324.56,4,Debit Card,Returned,Mathisburgh,Minnesota,50499,PROD0051,0.07,1207.36,2.0,False
351,ORD000352,CUST0352,2025-03-26,Electronics,22.5,2,Net Banking,Pending,East Larry,New Hampshire,78508,PROD0052,0.11,40.05,3.0,False
352,ORD000353,CUST0353,2024-11-08,Beauty,218.05,4,PayPal,Pending,West Miguelfurt,West Virginia,86642,PROD0053,0.02,854.76,3.0,False
353,ORD000354,CUST0354,2024-09-05,Books,257.46,3,Debit Card,Returned,Dawnport,Kentucky,85003,PROD0054,0.19,625.63,5.0,False
354,ORD000355,CUST0355,2024-11-26,Books,270.41,2,PayPal,Pending,Crystalland,North Carolina,29152,PROD0055,0.28,389.39,1.0,False
355,ORD000356,CUST0356,2025-05-04,Clothing,342.29,3,Debit Card,Cancelled,Amandamouth,New Hampshire,10276,PROD0056,0.12,903.65,4.0,False
356,ORD000357,CUST0357,2024-12-31,Clothing,142.41,3,Credit Card,Cancelled,Clarkfurt,Utah,81781,PROD0057,0.29,303.33,4.0,False
357,ORD000358,CUST0358,2025-02-02,Beauty,68.79,4,Cash on Delivery,Cancelled,Jessicafort,Nebraska,89778,PROD0058,0.18,225.63,,False
358,ORD000359,CUST0359,2024-08-06,Home,199.37,3,Cash on Delivery,Delivered,West Janetfort,Mississippi,52323,PROD0059,0.06,562.22,5.0,True
359,ORD000360,CUST0360,2024-07-12,Clothing,478.42,1,Cash on Delivery,Delivered,Guymouth,Maryland,51668,PROD0060,0.16,401.87,4.0,False
360,ORD000361,CUST0361,2025-01-27,Electronics,97.63,1,Credit Card,Cancelled,Ryanfurt,South Carolina,46022,PROD0061,0.19,79.08,3.0,False
361,ORD000362,CUST0362,2025-05-19,Books,452.47,2,PayPal,Returned,Jennyberg,Arkansas,58967,PROD0062,0.2,723.95,1.0,False
362,ORD000363,CUST0363,2024-09-12,Books,274.18,4,Debit Card,Delivered,West Raymondside,Michigan,72936,PROD0063,0.19,888.34,2.0,True
363,ORD000364,CUST0364,2025-02-16,Books,231.17,3,Cash on Delivery,Returned,Stewartborough,Colorado,57598,PROD0064,0.06,651.9,5.0,False
364,ORD000365,CUST0365,2024-11-26,Clothing,441.61,2,Cash on Delivery,Cancelled,North Jennifer,North Carolina,64846,PROD0065,0.06,830.23,,False
365,ORD000366,CUST0366,2024-10-10,Books,232.01,4,PayPal,Cancelled,Antoniohaven,New Hampshire,90789,PROD0066,0.07,863.08,4.0,False
366,ORD000367,CUST0367,2024-09-02,Books,363.46,1,Cash on Delivery,Pending,Timothymouth,Nebraska,41871,PROD0067,0.22,283.5,4.0,False
367,ORD000368,CUST0368,2024-10-05,Clothing,202.52,4,Debit Card,Delivered,Gonzalezburgh,Idaho,36579,PROD0068,0.15,688.57,4.0,False
368,ORD000369,CUST0369,2024-08-10,Clothing,452.5,1,PayPal,Pending,Jasminestad,Texas,63424,PROD0069,0.2,362.0,4.0,False
369,ORD000370,CUST0370,2024-08-14,Books,346.56,4,Debit Card,Delivered,South Deborahshire,Missouri,15402,PROD0070,0.24,1053.54,1.0,False
370,ORD000371,CUST0371,2024-09-28,Electronics,351.31,4,Credit Card,Cancelled,Port David,Tennessee,89425,PROD0071,0.17,1166.35,3.0,False
371,ORD000372,CUST0372,2024-10-30,Sports,167.22,1,Credit Card,Delivered,West Wesley,New Mexico,66808,PROD0072,0.14,143.81,3.0,True
372,ORD000373,CUST0373,2024-07-25,Home,379.61,3,Credit Card,Returned,Justinside,Wisconsin,34167,PROD0073,0.12,1002.17,,False
373,ORD000374,CUST0374,2024-08-08,Books,319.85,1,PayPal,Returned,Paulburgh,Arizona,64708,PROD0074,0.16,268.67,1.0,False
374,ORD000375,CUST0375,2024-11-03,Clothing,123.81,4,Debit Card,Delivered,Lake Amandafort,Pennsylvania,79952,PROD0075,0.04,475.43,4.0,False
375,ORD000376,CUST0376,2025-03-05,Electronics,84.47,1,Net Banking,Pending,Lindseyburgh,Florida,69214,PROD0076,0.24,64.2,3.0,False
376,ORD000377,CUST0377,2025-05-14,Home,399.21,2,Credit Card,Returned,Maciasfurt,Nebraska,25446,PROD0077,0.27,582.85,1.0,False
377,ORD000378,CUST0378,2025-05-27,Beauty,479.79,2,PayPal,Pending,Stewarttown,New Jersey,28521,PROD0078,0.24,729.28,3.0,False
378,ORD000379,CUST0379,2025-04-23,Beauty,231.78,2,Cash on Delivery,Delivered,Sandersbury,Idaho,87592,PROD0079,0.25,347.67,2.0,False
379,ORD000380,CUST0380,2025-03-09,Sports,297.54,2,Net Banking,Pending,Colestad,Arkansas,50661,PROD0080,0.25,446.31,1.0,False
380,ORD000381,CUST0381,2025-05-11,Sports,429.57,1,Net Banking,Pending,Bartlettland,Minnesota,77551,PROD0081,0.05,408.09,4.0,False
381,ORD000382,CUST0382,2025-01-13,Clothing,231.33,1,Net Banking,Delivered,Jonathanside,Alabama,53894,PROD0082,0.3,161.93,1.0,True
382,ORD000383,CUST0383,2024-11-24,Beauty,476.18,3,PayPal,Pending,Joneston,Texas,22059,PROD0083,0.2,1142.83,1.0,False
383,ORD000384,CUST0384,2024-07-27,Electronics,290.0,1,Credit Card,Delivered,Gilltown,Arkansas,39190,PROD0084,0.13,252.3,3.0,True
384,ORD000385,CUST0385,2025-04-17,Clothing,411.28,2,Net Banking,Cancelled,Pattersonmouth,Ohio,78614,PROD0085,0.27,600.47,2.0,False
385,ORD000386,CUST0386,2025-04-08,Books,454.88,3,Cash on Delivery,Delivered,Port Aaronfort,Nebraska,91220,PROD0086,0.17,1132.65,3.0,True
386,ORD000387,CUST0387,2024-09-02,Home,408.68,3,Debit Card,Returned,West Ericaborough,Georgia,3814,PROD0087,0.3,858.23,3.0,False
387,ORD000388,CUST0388,2025-06-07,Electronics,83.91,4,Debit Card,Returned,New Thomasfurt,Iowa,52977,PROD0088,0.23,258.44,2.0,False
388,ORD000389,CUST0389,2024-11-02,Electronics,316.3,1,Net Banking,Cancelled,Jenniferstad,Indiana,92140,PROD0089,0.11,281.51,4.0,False
389,ORD000390,CUST0390,2024-11-07,Electronics,202.22,1,Debit Card,Pending,Port Michaelfort,Arizona,34319,PROD0090,0.22,157.73,4.0,False
390,ORD000391,CUST0391,2024-08-25,Home,36.04,3,Net Banking,Returned,South Jack,Maryland,48282,PROD0091,0.22,84.33,4.0,False
391,ORD000392,CUST0392,2024-08-25,Beauty,214.9,4,Credit Card,Returned,Stephanieton,Utah,90984,PROD0092,0.09,782.24,5.0,False
392,ORD000393,CUST0393,2024-11-15,Sports,133.05,3,Net Banking,Pending,Wademouth,New Jersey,3543,PROD0093,0.27,291.38,1.0,False
393,ORD000394,CUST0394,2025-05-24,Home,425.27,3,PayPal,Returned,Gabriellastad,Kentucky,15885,PROD0094,0.04,1224.78,1.0,False
394,ORD000395,CUST0395,2024-09-21,Sports,21.49,1,PayPal,Delivered,North Brenda,Utah,95413,PROD0095,0.11,19.13,4.0,False
395,ORD000396,CUST0396,2025-02-09,Sports,479.7,2,PayPal,Pending,Port Toni,Georgia,29829,PROD0096,0.19,777.11,3.0,False
396,ORD000397,CUST0397,2025-03-25,Clothing,180.91,4,Net Banking,Pending,East Lori,Alabama,73958,PROD0097,0.14,622.33,,False
397,ORD000398,CUST0398,2024-08-10,Home,181.57,3,Net Banking,Delivered,Bradleyport,Washington,64220,PROD0098,0.2,435.77,3.0,True
398,ORD000399,CUST0399,2024-06-30,Home,13.08,1,Cash on Delivery,Delivered,Cynthiaside,Indiana,69008,PROD0099,0.3,9.16,3.0,True
399,ORD000400,CUST0400,2025-05-14,Home,96.69,4,Debit Card,Pending,Fuentesport,Vermont,4775,PROD0100,0.02,379.02,5.0,False
400,ORD000401,CUST0401,2024-11-01,Electronics,203.62,3,Debit Card,Delivered,Port Anthonychester,Idaho,64843,PROD0101,0.23,470.36,4.0,True
401,ORD000402,CUST0402,2025-03-26,Sports,465.0,1,Debit Card,Delivered,Pageville,Illinois,8904,PROD0102,0.25,348.75,1.0,True
402,ORD000403,CUST0403,2025-03-03,Sports,54.31,4,Net Banking,Pending,East Alexismouth,Wisconsin,41628,PROD0103,0.08,199.86,1.0,False
403,ORD000404,CUST0404,2024-06-23,Clothing,472.92,1,Cash on Delivery,Cancelled,Port Rachael,Oregon,7073,PROD0104,0.08,435.09,4.0,False
404,ORD000405,CUST0405,2024-09-23,Home,435.4,1,Debit Card,Pending,South Dawn,West Virginia,82992,PROD0105,0.13,378.8,3.0,False
405,ORD000406,CUST0406,2024-12-13,Home,229.81,1,Credit Card,Returned,Colemanmouth,South Dakota,22381,PROD0106,0.12,202.23,4.0,False
406,ORD000407,CUST0407,2024-10-16,Books,166.72,3,Debit Card,Delivered,Hernandezbury,Michigan,5951,PROD0107,0.15,425.14,4.0,True
407,ORD000408,CUST0408,2025-04-28,Electronics,120.21,2,PayPal,Delivered,Pamelaside,Maine,63462,PROD0108,0.06,225.99,1.0,False
408,ORD000409,CUST0409,2025-02-01,Home,309.16,3,Debit Card,Delivered,Port Molly,Iowa,63945,PROD0109,0.15,788.36,1.0,False
409,ORD000410,CUST0410,2025-04-08,Sports,21.37,3,Credit Card,Returned,Martinezberg,Massachusetts,97379,PROD0110,0.24,48.72,5.0,False
410,ORD000411,CUST0411,2025-05-22,Beauty,12.73,2,Debit Card,Pending,Jessicabury,North Dakota,34188,PROD0111,0.26,18.84,2.0,False
411,ORD000412,CUST0412,2024-08-19,Books,217.25,1,Cash on Delivery,Pending,New James,Maryland,37898,PROD0112,0.2,173.8,4.0,False
412,ORD000413,CUST0413,2025-03-20,Beauty,38.7,2,Debit Card,Pending,East Tommyburgh,Kansas,22088,PROD0113,0.09,70.43,5.0,False
413,ORD000414,CUST0414,2025-06-09,Clothing,129.71,3,Credit Card,Cancelled,Johnsontown,Mississippi,94037,PROD0114,0.26,287.96,,False
414,ORD000415,CUST0415,2025-02-07,Beauty,114.47,1,Net Banking,Returned,Lisaburgh,Wisconsin,81478,PROD0115,0.13,99.59,5.0,False
415,ORD000416,CUST0416,2024-09-04,Books,130.33,3,Debit Card,Delivered,Gregorymouth,Colorado,11272,PROD0116,0.07,363.62,5.0,True
416,ORD000417,CUST0417,2025-05-13,Home,69.87,4,Net Banking,Delivered,Johnview,Colorado,37371,PROD0117,0.04,268.3,5.0,False
417,ORD000418,CUST0418,2025-02-28,Sports,10.96,1,Debit Card,Delivered,Rachelmouth,Virginia,3320,PROD0118,0.29,7.78,1.0,False
418,ORD000419,CUST0419,2025-04-17,Sports,62.16,4,Net Banking,Pending,East Paulastad,New York,6046,PROD0119,0.03,241.18,5.0,False
419,ORD000420,CUST0420,2024-07-10,Home,311.15,3,Debit Card,Pending,Matthewhaven,Maine,55419,PROD0120,0.16,784.1,3.0,False
420,ORD000421,CUST0421,2025-03-13,Sports,487.26,1,Cash on Delivery,Cancelled,Elizabethmouth,North Carolina,70397,PROD0121,0.06,458.02,1.0,False
421,ORD000422,CUST0422,2024-07-07,Home,495.22,3,Debit Card,Pending,West Danielleburgh,North Carolina,43226,PROD0122,0.26,1099.39,4.0,False
422,ORD000423,CUST0423,2024-08-25,Books,207.48,4,Debit Card,Pending,South Travischester,Iowa,55212,PROD0123,0.06,780.12,2.0,False
423,ORD000424,CUST0424,2024-06-23,Electronics,85.66,1,Debit Card,Cancelled,Stephensburgh,Kansas,36674,PROD0124,0.22,66.81,1.0,False
424,ORD000425,CUST0425,2024-12-24,Electronics,321.19,2,PayPal,Cancelled,Mcdonaldville,Louisiana,37810,PROD0125,0.05,610.26,3.0,False
425,ORD000426,CUST0426,2025-01-31,Sports,247.7,3,Credit Card,Returned,Lake Lydiabury,South Carolina,80670,PROD0126,0.28,535.03,3.0,False
426,ORD000427,CUST0427,2025-05-07,Beauty,494.76,2,PayPal,Delivered,Joshuatown,Louisiana,25014,PROD0127,0.2,791.62,5.0,True
427,ORD000428,CUST0428,2024-10-30,Sports,37.33,1,Net Banking,Delivered,Lake Stacy,Michigan,21196,PROD0128,0.12,32.85,3.0,False
428,ORD000429,CUST0429,2024-11-13,Sports,392.7,1,Net Banking,Cancelled,Scottbury,Alabama,6238,PROD0129,0.29,278.82,5.0,False
429,ORD000430,CUST0430,2024-12-19,Books,147.76,2,Credit Card,Cancelled,Juanstad,Connecticut,93823,PROD0130,0.16,248.24,1.0,False
430,ORD000431,CUST0431,2024-07-09,Books,124.5,1,Net Banking,Pending,Moramouth,Montana,39786,PROD0131,0.12,109.56,5.0,False
431,ORD000432,CUST0432,2025-05-18,Beauty,332.94,4,Net Banking,Pending,Patrickport,Virginia,54414,PROD0132,0.05,1265.17,1.0,False
432,ORD000433,CUST0433,2024-07-18,Home,126.8,1,PayPal,Returned,South Laurenstad,Iowa,80714,PROD0133,0.22,98.9,3.0,False
433,ORD000434,CUST0434,2024-07-24,Books,334.6,1,PayPal,Delivered,New Austin,Oregon,27108,PROD0134,0.18,274.37,1.0,True
434,ORD000435,CUST0435,2025-03-13,Sports,261.07,4,Debit Card,Pending,Aprilside,Nebraska,11114,PROD0135,0.07,971.18,,False
435,ORD000436,CUST0436,2025-04-20,Beauty,214.92,2,Debit Card,Returned,New Jeffrey,Florida,40191,PROD0136,0.07,399.75,1.0,False
436,ORD000437,CUST0437,2025-03-22,Beauty,279.57,3,Debit Card,Returned,Jeremyfurt,Oklahoma,64438,PROD0137,0.07,780.0,3.0,False
437,ORD000438,CUST0438,2025-05-15,Electronics,147.09,4,Net Banking,Returned,Mirandafurt,Wyoming,7191,PROD0138,0.15,500.11,4.0,False
438,ORD000439,CUST0439,2024-09-13,Sports,354.75,3,Net Banking,Returned,Brittneyville,Connecticut,72782,PROD0139,0.01,1053.61,3.0,False
439,ORD000440,CUST0440,2024-07-21,Clothing,210.35,4,Net Banking,Pending,Debrafurt,Kentucky,40997,PROD0140,0.09,765.67,1.0,False
440,ORD000441,CUST0441,2024-09-14,Beauty,183.47,3,Net Banking,Returned,New Carolyn,Arizona,79918,PROD0141,0.22,429.32,2.0,False
441,ORD000442,CUST0442,2024-11-19,Clothing,415.19,1,Net Banking,Delivered,Saraport,Kansas,57500,PROD0142,0.19,336.3,4.0,False
442,ORD000443,CUST0443,2025-05-03,Home,462.86,1,Debit Card,Cancelled,New Kim,Oklahoma,62399,PROD0143,0.25,347.14,3.0,False
443,ORD000444,CUST0444,2024-09-04,Home,27.77,2,Net Banking,Delivered,Reynoldsmouth,New Mexico,43833,PROD0144,0.22,43.32,5.0,False
444,ORD000445,CUST0445,2025-04-18,Clothing,120.15,4,Credit Card,Delivered,South Kevin,Vermont,26548,PROD0145,0.01,475.79,4.0,False
445,ORD000446,CUST0446,2025-05-14,Home,177.52,2,Credit Card,Cancelled,Obrienmouth,Connecticut,39599,PROD0146,0.17,294.68,4.0,False
446,ORD000447,CUST0447,2024-08-26,Electronics,408.41,2,Cash on Delivery,Returned,Derekshire,New York,10700,PROD0147,0.13,710.63,1.0,False
447,ORD000448,CUST0448,2025-03-28,Sports,492.82,2,Credit Card,Cancelled,Gonzalesbury,South Carolina,34720,PROD0148,0.11,877.22,,False
448,ORD000449,CUST0449,2024-12-10,Home,484.64,1,Debit Card,Cancelled,Lake Nichole,Oklahoma,83069,PROD0149,0.3,339.25,4.0,False
449,ORD000450,CUST0450,2025-05-20,Books,452.95,4,Net Banking,Cancelled,West Kennethborough,Wisconsin,98162,PROD0150,0.2,1449.44,3.0,False
450,ORD000451,CUST0451,2024-08-26,Home,151.8,4,PayPal,Returned,New Maxwellfort,Virginia,95656,PROD0151,0.08,558.62,4.0,False
451,ORD000452,CUST0452,2024-06-17,Books,496.05,4,PayPal,Cancelled,Kruegerstad,Virginia,50372,PROD0152,0.16,1666.73,4.0,False
452,ORD000453,CUST0453,2024-09-10,Beauty,128.46,4,PayPal,Returned,Michaelshire,Ohio,51829,PROD0153,0.03,498.42,3.0,False
453,ORD000454,CUST0454,2025-02-20,Electronics,57.42,2,PayPal,Returned,New Jamesfort,Virginia,4678,PROD0154,0.22,89.58,4.0,False
454,ORD000455,CUST0455,2025-05-10,Electronics,475.72,4,PayPal,Pending,Wrightfurt,Kentucky,83398,PROD0155,0.1,1712.59,2.0,False
455,ORD000456,CUST0456,2024-08-23,Books,120.54,2,PayPal,Cancelled,South Brian,Mississippi,55725,PROD0156,0.05,229.03,5.0,False
456,ORD000457,CUST0457,2024-06-18,Home,346.44,2,Cash on Delivery,Returned,Lake Jesusmouth,Oregon,85428,PROD0157,0.05,658.24,4.0,False
457,ORD000458,CUST0458,2025-05-25,Beauty,33.89,4,Credit Card,Returned,North Gabrielleport,Minnesota,84790,PROD0158,0.0,135.56,4.0,False
458,ORD000459,CUST0459,2024-11-09,Electronics,366.7,4,PayPal,Pending,Millerbury,Kansas,63323,PROD0159,0.23,1129.44,2.0,False
459,ORD000460,CUST0460,2024-08-16,Home,441.45,4,Net Banking,Pending,Gregoryview,Massachusetts,99597,PROD0160,0.22,1377.32,4.0,False
460,ORD000461,CUST0461,2024-07-04,Books,139.86,3,Debit Card,Cancelled,Williamberg,Connecticut,67287,PROD0161,0.15,356.64,4.0,False
461,ORD000462,CUST0462,2025-01-16,Sports,192.63,1,PayPal,Pending,Harrisside,Idaho,25928,PROD0162,0.09,175.29,4.0,False
462,ORD000463,CUST0463,2024-10-29,Home,190.28,2,Debit Card,Delivered,South Shawn,Kentucky,10226,PROD0163,0.12,334.89,1.0,False
463,ORD000464,CUST0464,2024-11-28,Sports,375.65,4,Cash on Delivery,Pending,Figueroafurt,Utah,9838,PROD0164,0.27,1096.9,1.0,False
464,ORD000465,CUST0465,2024-07-11,Sports,122.71,1,Cash on Delivery,Delivered,Harrisshire,Rhode Island,52500,PROD0165,0.04,117.8,4.0,True
465,ORD000466,CUST0466,2024-11-01,Home,90.07,2,Cash on Delivery,Pending,South April,Utah,82446,PROD0166,0.01,178.34,4.0,False
466,ORD000467,CUST0467,2024-11-25,Beauty,227.4,4,Credit Card,Returned,Kimberlymouth,Arizona,79190,PROD0167,0.06,855.02,,False
467,ORD000468,CUST0468,2025-05-26,Clothing,155.71,3,PayPal,Delivered,Sharonview,Kansas,68605,PROD0168,0.16,392.39,4.0,False
468,ORD000469,CUST0469,2025-02-28,Sports,420.4,3,Net Banking,Pending,Tinaburgh,Wyoming,59118,PROD0169,0.0,1261.2,2.0,False
469,ORD000470,CUST0470,2024-06-19,Electronics,122.68,1,Debit Card,Delivered,Stevenville,Kentucky,85381,PROD0170,0.03,119.0,3.0,False
470,ORD000471,CUST0471,2024-11-20,Clothing,253.68,4,Net Banking,Pending,West Tylertown,Louisiana,92789,PROD0171,0.21,801.63,2.0,False
471,ORD000472,CUST0472,2024-11-19,Clothing,471.58,2,Credit Card,Cancelled,Lake Amy,Florida,63595,PROD0172,0.13,820.55,3.0,False
472,ORD000473,CUST0473,2025-04-26,Sports,318.83,3,Debit Card,Pending,Matthewland,Maine,37840,PROD0173,0.28,688.67,5.0,False
473,ORD000474,CUST0474,2024-10-28,Books,434.31,4,Credit Card,Returned,Melissaborough,South Carolina,69105,PROD0174,0.27,1268.19,3.0,False
474,ORD000475,CUST0475,2024-10-17,Beauty,470.4,4,Cash on Delivery,Pending,Josefort,Minnesota,5623,PROD0175,0.08,1731.07,1.0,False
475,ORD000476,CUST0476,2025-04-30,Clothing,376.63,4,Debit Card,Returned,Stephenborough,Oklahoma,28835,PROD0176,0.11,1340.8,2.0,False
476,ORD000477,CUST0477,2024-10-22,Sports,351.29,2,Debit Card,Returned,South Davidville,Alaska,95078,PROD0177,0.28,505.86,4.0,False
477,ORD000478,CUST0478,2025-03-20,Books,484.14,2,Debit Card,Pending,Lake Seanfort,Utah,86851,PROD0178,0.17,803.67,4.0,False
478,ORD000479,CUST0479,2025-05-12,Clothing,497.23,3,Debit Card,Pending,Lake Evan,New Mexico,57955,PROD0179,0.11,1327.6,2.0,False
479,ORD000480,CUST0480,2025-06-02,Beauty,228.65,3,Cash on Delivery,Pending,West Angela,Utah,74218,PROD0180,0.24,521.32,5.0,False
480,ORD000481,CUST0481,2024-11-25,Home,40.08,3,Cash on Delivery,Delivered,Williambury,Washington,85782,PROD0181,0.28,86.57,3.0,True
481,ORD000482,CUST0482,2024-11-05,Home,149.93,1,Net Banking,Returned,East Veronicaton,Maryland,92854,PROD0182,0.2,119.94,4.0,False
482,ORD000483,CUST0483,2024-10-31,Home,80.42,1,Net Banking,Returned,Robertview,Missouri,49338,PROD0183,0.07,74.79,3.0,False
483,ORD000484,CUST0484,2024-11-28,Books,211.66,1,Credit Card,Returned,West Joseph,Alabama,83432,PROD0184,0.25,158.74,4.0,False
484,ORD000485,CUST0485,2025-03-10,Beauty,69.99,1,PayPal,Returned,Martinezport,New Jersey,83135,PROD0185,0.13,60.89,3.0,False
485,ORD000486,CUST0486,2024-10-24,Beauty,304.04,3,PayPal,Cancelled,Sarahhaven,Iowa,27261,PROD0186,0.21,720.57,4.0,False
486,ORD000487,CUST0487,2024-08-01,Electronics,194.49,3,Cash on Delivery,Returned,Richmondborough,Missouri,84281,PROD0187,0.15,495.95,3.0,False
487,ORD000488,CUST0488,2025-05-14,Sports,448.22,4,Credit Card,Cancelled,Justinfort,Louisiana,36997,PROD0188,0.28,1290.87,4.0,False
488,ORD000489,CUST0489,2025-03-02,Books,484.06,3,PayPal,Delivered,New Kurtchester,Montana,81302,PROD0189,0.02,1423.14,5.0,True
489,ORD000490,CUST0490,2024-12-28,Books,275.71,2,Net Banking,Pending,Woodland,Alaska,11332,PROD0190,0.05,523.85,3.0,False
490,ORD000491,CUST0491,2025-01-17,Sports,141.04,4,Cash on Delivery,Pending,North Michael,Montana,58520,PROD0191,0.06,530.31,4.0,False
491,ORD000492,CUST0492,2025-01-10,Home,298.15,3,Credit Card,Pending,Josephburgh,Oregon,29376,PROD0192,0.07,831.84,2.0,False
492,ORD000493,CUST0493,2024-07-31,Electronics,448.9,3,Cash on Delivery,Delivered,Austinton,New Hampshire,26210,PROD0193,0.07,1252.43,4.0,False
493,ORD000494,CUST0494,2025-02-08,Clothing,206.33,3,Net Banking,Delivered,South Derek,North Carolina,69313,PROD0194,0.05,588.04,2.0,False
494,ORD000495,CUST0495,2025-03-22,Electronics,278.28,3,Debit Card,Cancelled,Annetteburgh,Indiana,23196,PROD0195,0.21,659.52,4.0,False
495,ORD000496,CUST0496,2025-01-10,Books,139.47,4,PayPal,Returned,Nelsonville,Kansas,49577,PROD0196,0.07,518.83,5.0,False
496,ORD000497,CUST0497,2024-11-24,Electronics,230.44,3,Credit Card,Pending,Paynefurt,Vermont,81086,PROD0197,0.07,642.93,5.0,False
497,ORD000498,CUST0498,2025-02-15,Electronics,203.85,4,Net Banking,Cancelled,South Teresamouth,Massachusetts,27407,PROD0198,0.06,766.48,5.0,False
498,ORD000499,CUST0499,2024-07-15,Clothing,127.96,1,Net Banking,Returned,Lake Alex,Michigan,10014,PROD0199,0.12,112.6,4.0,False
499,ORD000500,CUST0500,2024-09-14,Clothing,255.4,1,PayPal,Cancelled,Johnfort,Maine,14536,PROD0200,0.29,181.33,5.0,False
500,ORD000501,CUST0001,2024-07-31,Beauty,158.64,4,Debit Card,Pending,Debraville,Oklahoma,30172,PROD0201,0.11,564.76,3.0,False
501,ORD000502,CUST0002,2024-10-10,Home,189.65,3,PayPal,Pending,New Kristenside,Delaware,36655,PROD0202,0.09,517.74,3.0,False
502,ORD000503,CUST0003,2024-07-13,Home,264.86,4,Credit Card,Delivered,Velasquezbury,Florida,70437,PROD0203,0.02,1038.25,4.0,False
503,ORD000504,CUST0004,2024-09-20,Electronics,376.54,4,Cash on Delivery,Delivered,New Jessica,Wyoming,51968,PROD0204,0.11,1340.48,2.0,True
504,ORD000505,CUST0005,2024-09-29,Electronics,170.09,2,Debit Card,Cancelled,East Michael,Rhode Island,44465,PROD0205,0.07,316.37,1.0,False
505,ORD000506,CUST0006,2024-08-27,Clothing,462.46,4,PayPal,Delivered,East Jamieside,Illinois,33603,PROD0206,0.23,1424.38,3.0,False
506,ORD000507,CUST0007,2024-12-07,Home,431.85,2,Credit Card,Pending,Port Rickport,Louisiana,39803,PROD0207,0.03,837.79,3.0,False
507,ORD000508,CUST0008,2025-01-24,Sports,29.1,2,Credit Card,Cancelled,South Aliciafurt,Georgia,73878,PROD0208,0.04,55.87,2.0,False
508,ORD000509,CUST0009,2024-08-06,Clothing,130.55,2,PayPal,Cancelled,Lake Julie,Pennsylvania,3634,PROD0209,0.08,240.21,5.0,False
509,ORD000510,CUST0010,2024-09-30,Sports,225.84,4,Debit Card,Cancelled,West Deborahview,New York,89608,PROD0210,0.09,822.06,4.0,False
510,ORD000511,CUST0011,2024-06-17,Sports,56.79,3,PayPal,Returned,Marychester,Alabama,42741,PROD0211,0.25,127.78,1.0,False
511,ORD000512,CUST0012,2025-01-21,Books,177.5,2,Credit Card,Cancelled,Johnsonhaven,Vermont,50435,PROD0212,0.24,269.8,4.0,False
512,ORD000513,CUST0013,2025-04-17,Home,371.35,4,PayPal,Cancelled,Lake David,Mississippi,42120,PROD0213,0.17,1232.88,2.0,False
513,ORD000514,CUST0014,2024-12-16,Home,341.85,1,Debit Card,Pending,South Brianview,Maine,56202,PROD0214,0.09,311.08,4.0,False
514,ORD000515,CUST0015,2025-04-23,Sports,313.08,2,Credit Card,Delivered,Weaverborough,South Carolina,44662,PROD0215,0.1,563.54,4.0,False
515,ORD000516,CUST0016,2024-10-10,Beauty,356.71,2,Credit Card,Pending,Kimberlybury,Iowa,93102,PROD0216,0.18,585.0,3.0,False
516,ORD000517,CUST0017,2025-02-15,Clothing,106.44,2,PayPal,Returned,Henryfort,Minnesota,72397,PROD0217,0.22,166.05,4.0,False
517,ORD000518,CUST0018,2025-01-12,Sports,174.14,2,Net Banking,Delivered,Smithchester,Hawaii,13346,PROD0218,0.12,306.49,4.0,False
518,ORD000519,CUST0019,2025-05-15,Sports,339.74,4,PayPal,Pending,Greeneland,Missouri,16732,PROD0219,0.15,1155.12,4.0,False
519,ORD000520,CUST0020,2025-03-22,Home,440.22,1,PayPal,Returned,Dawnberg,Utah,71014,PROD0220,0.27,321.36,3.0,False
520,ORD000521,CUST0021,2025-04-08,Books,274.12,2,Credit Card,Pending,Nguyenstad,Connecticut,75236,PROD0221,0.19,444.07,2.0,False
521,ORD000522,CUST0022,2024-07-20,Electronics,144.94,1,Credit Card,Pending,Brittanybury,Kentucky,87303,PROD0222,0.16,121.75,2.0,False
522,ORD000523,CUST0023,2024-07-24,Clothing,19.97,2,Credit Card,Delivered,North Lucasmouth,California,38188,PROD0223,0.02,39.14,5.0,True
523,ORD000524,CUST0024,2025-02-26,Books,356.62,1,Credit Card,Returned,Tonishire,Connecticut,16568,PROD0224,0.05,338.79,4.0,False
524,ORD000525,CUST0025,2024-10-09,Clothing,8.9,4,PayPal,Pending,Port Amandastad,Michigan,66810,PROD0225,0.06,33.46,,False
525,ORD000526,CUST0026,2024-07-19,Clothing,189.48,3,Net Banking,Returned,New Christopher,Illinois,4495,PROD0226,0.19,460.44,1.0,False
526,ORD000527,CUST0027,2024-08-27,Electronics,267.62,1,Net Banking,Returned,Beanborough,North Carolina,33057,PROD0227,0.03,259.59,3.0,False
527,ORD000528,CUST0028,2024-09-22,Clothing,461.45,1,Credit Card,Cancelled,Marshallberg,Louisiana,638,PROD0228,0.01,456.84,,False
528,ORD000529,CUST0029,2024-09-16,Books,49.3,2,Cash on Delivery,Cancelled,Steeleborough,Massachusetts,72146,PROD0229,0.11,87.75,3.0,False
529,ORD000530,CUST0030,2025-03-25,Sports,205.94,1,Credit Card,Pending,Port Robert,South Carolina,73563,PROD0230,0.22,160.63,4.0,False
530,ORD000531,CUST0031,2024-10-17,Electronics,17.04,1,Cash on Delivery,Cancelled,Gutierrezview,Wyoming,49718,PROD0231,0.21,13.46,4.0,False
531,ORD000532,CUST0032,2025-01-27,Clothing,174.59,1,Debit Card,Pending,Jordantown,Oklahoma,55391,PROD0232,0.24,132.69,2.0,False
532,ORD000533,CUST0033,2025-02-15,Books,313.0,2,Net Banking,Pending,Port Whitney,Oregon,2436,PROD0233,0.21,494.54,4.0,False
533,ORD000534,CUST0034,2024-10-05,Sports,143.14,3,PayPal,Delivered,Richardsonhaven,Kansas,37666,PROD0234,0.18,352.12,1.0,True
534,ORD000535,CUST0035,2025-02-25,Sports,108.83,3,Net Banking,Returned,West Alan,Mississippi,97905,PROD0235,0.15,277.52,4.0,False
535,ORD000536,CUST0036,2025-04-12,Beauty,62.27,2,Debit Card,Delivered,Rubioborough,Maine,50455,PROD0236,0.06,117.07,4.0,False
536,ORD000537,CUST0037,2024-09-01,Clothing,290.68,3,PayPal,Pending,Whiteburgh,Washington,63784,PROD0237,0.17,723.79,2.0,False
537,ORD000538,CUST0038,2025-05-31,Clothing,349.16,2,Credit Card,Cancelled,New Steven,Nevada,80431,PROD0238,0.19,565.64,4.0,False
538,ORD000539,CUST0039,2025-05-10,Home,337.62,2,PayPal,Delivered,Port Gailshire,Virginia,22969,PROD0239,0.04,648.23,5.0,False
539,ORD000540,CUST0040,2025-01-20,Electronics,474.69,4,Credit Card,Returned,Ramseyfort,Alaska,34852,PROD0240,0.17,1575.97,,False
540,ORD000541,CUST0041,2025-03-10,Sports,6.34,1,Cash on Delivery,Returned,Lindaton,Florida,35869,PROD0241,0.03,6.15,1.0,False
541,ORD000542,CUST0042,2025-04-23,Home,325.36,2,Debit Card,Cancelled,Henryfurt,Connecticut,53469,PROD0242,0.16,546.6,3.0,False
542,ORD000543,CUST0043,2024-07-24,Sports,302.19,3,Credit Card,Returned,North Jasonfort,Oklahoma,37127,PROD0243,0.05,861.24,5.0,False
543,ORD000544,CUST0044,2025-01-06,Clothing,296.43,2,Net Banking,Returned,Masonhaven,Arizona,79234,PROD0244,0.04,569.15,1.0,False
544,ORD000545,CUST0045,2025-04-27,Beauty,481.57,1,Debit Card,Returned,Savageside,South Dakota,24528,PROD0245,0.03,467.12,3.0,False
545,ORD000546,CUST0046,2025-02-18,Home,13.35,4,Cash on Delivery,Returned,Alexandertown,North Carolina,16657,PROD0246,0.27,38.98,4.0,False
546,ORD000547,CUST0047,2025-05-27,Sports,349.76,1,Debit Card,Pending,East Dennis,Montana,27500,PROD0247,0.18,286.8,4.0,False
547,ORD000548,CUST0048,2025-01-12,Beauty,407.77,3,Debit Card,Returned,Jonesfort,Connecticut,55526,PROD0248,0.08,1125.45,2.0,False
548,ORD000549,CUST0049,2024-12-06,Home,257.35,4,Cash on Delivery,Returned,New Brianberg,Oregon,97513,PROD0249,0.02,1008.81,3.0,False
549,ORD000550,CUST0050,2024-12-13,Electronics,170.31,3,Net Banking,Returned,Meyersborough,Georgia,21242,PROD0250,0.16,429.18,2.0,False
550,ORD000551,CUST0051,2024-11-01,Sports,396.47,3,Credit Card,Delivered,Tylershire,Missouri,62153,PROD0251,0.04,1141.83,3.0,False
551,ORD000552,CUST0052,2024-08-03,Clothing,53.14,1,PayPal,Pending,Crystalchester,Alaska,34758,PROD0252,0.23,40.92,4.0,False
552,ORD000553,CUST0053,2025-04-27,Sports,223.81,2,Credit Card,Cancelled,Johnsonville,West Virginia,48769,PROD0253,0.15,380.48,5.0,False
553,ORD000554,CUST0054,2025-05-01,Sports,262.38,2,Credit Card,Returned,Pamelafurt,Montana,42050,PROD0254,0.22,409.31,4.0,False
554,ORD000555,CUST0055,2024-11-21,Home,348.51,4,Net Banking,Returned,Whitneyburgh,Wisconsin,12691,PROD0255,0.12,1226.76,4.0,False
555,ORD000556,CUST0056,2024-07-26,Beauty,49.99,1,Cash on Delivery,Pending,Gonzalezfurt,Idaho,44505,PROD0256,0.21,39.49,4.0,False
556,ORD000557,CUST0057,2024-11-11,Books,117.74,4,Credit Card,Cancelled,Simpsonmouth,Tennessee,47100,PROD0257,0.21,372.06,3.0,False
557,ORD000558,CUST0058,2024-11-20,Beauty,208.1,2,Credit Card,Returned,Veronicamouth,Georgia,74488,PROD0258,0.17,345.45,1.0,False
558,ORD000559,CUST0059,2025-03-01,Books,313.53,4,Credit Card,Returned,Wadetown,Kentucky,2592,PROD0259,0.25,940.59,3.0,False
559,ORD000560,CUST0060,2024-07-24,Books,444.05,2,PayPal,Pending,South Saraville,Delaware,82117,PROD0260,0.17,737.12,2.0,False
560,ORD000561,CUST0061,2024-07-07,Sports,311.32,2,Cash on Delivery,Cancelled,Port Amber,Missouri,51104,PROD0261,0.17,516.79,2.0,False
561,ORD000562,CUST0062,2025-04-12,Beauty,71.06,1,Cash on Delivery,Cancelled,Lake Karenside,California,79767,PROD0262,0.09,64.66,2.0,False
562,ORD000563,CUST0063,2024-09-15,Books,490.39,4,Credit Card,Delivered,Lake Alberttown,Mississippi,97101,PROD0263,0.28,1412.32,3.0,False
563,ORD000564,CUST0064,2025-05-26,Sports,436.53,2,Credit Card,Returned,South Dana,New Jersey,53209,PROD0264,0.16,733.37,3.0,False
564,ORD000565,CUST0065,2024-11-30,Sports,253.85,3,Cash on Delivery,Pending,South Mandy,New Hampshire,56661,PROD0265,0.12,670.16,3.0,False
565,ORD000566,CUST0066,2024-10-18,Electronics,461.56,4,Cash on Delivery,Cancelled,Brownfurt,New Jersey,30788,PROD0266,0.16,1550.84,5.0,False
566,ORD000567,CUST0067,2025-05-03,Books,272.98,1,Credit Card,Returned,North Denise,New Hampshire,53010,PROD0267,0.04,262.06,2.0,False
567,ORD000568,CUST0068,2025-01-10,Clothing,462.04,1,Debit Card,Pending,New Kara,North Dakota,44631,PROD0268,0.08,425.08,2.0,False
568,ORD000569,CUST0069,2024-10-03,Beauty,415.8,2,Cash on Delivery,Delivered,West Monica,Virginia,31177,PROD0269,0.09,756.76,1.0,False
569,ORD000570,CUST0070,2024-11-18,Electronics,484.3,4,Debit Card,Delivered,South John,Hawaii,84604,PROD0270,0.15,1646.62,5.0,True
570,ORD000571,CUST0071,2025-06-02,Home,460.29,3,Cash on Delivery,Cancelled,New Sharonville,Illinois,64970,PROD0271,0.21,1090.89,2.0,False
571,ORD000572,CUST0072,2025-03-27,Sports,22.84,1,PayPal,Cancelled,North Bryceton,Illinois,82043,PROD0272,0.09,20.78,4.0,False
572,ORD000573,CUST0073,2025-03-09,Clothing,91.51,2,Net Banking,Returned,Mccallville,Tennessee,45459,PROD0273,0.04,175.7,3.0,False
573,ORD000574,CUST0074,2024-12-18,Home,197.62,1,Net Banking,Cancelled,Port Mark,Texas,67957,PROD0274,0.17,164.02,4.0,False
574,ORD000575,CUST0075,2025-05-13,Electronics,476.31,1,PayPal,Cancelled,East Rebecca,Iowa,92940,PROD0275,0.26,352.47,4.0,False
575,ORD000576,CUST0076,2024-06-25,Books,153.51,1,Debit Card,Pending,East Maliktown,Wisconsin,58372,PROD0276,0.13,133.55,5.0,False
576,ORD000577,CUST0077,2024-06-20,Clothing,84.43,3,Debit Card,Delivered,North Richardberg,Hawaii,9828,PROD0277,0.14,217.83,4.0,True
577,ORD000578,CUST0078,2025-05-03,Clothing,443.72,3,Credit Card,Cancelled,New Brandonchester,South Dakota,61108,PROD0278,0.09,1211.36,3.0,False
578,ORD000579,CUST0079,2025-03-25,Books,225.97,3,Net Banking,Returned,East Joshua,Mississippi,88132,PROD0279,0.24,515.21,2.0,False
579,ORD000580,CUST0080,2025-01-20,Electronics,454.4,3,Net Banking,Pending,Lake Brenda,South Carolina,8216,PROD0280,0.04,1308.67,4.0,False
580,ORD000581,CUST0081,2024-06-26,Clothing,84.31,3,PayPal,Returned,Lake Richard,Indiana,99207,PROD0281,0.05,240.28,2.0,False
581,ORD000582,CUST0082,2024-09-13,Clothing,332.25,3,Credit Card,Delivered,Richardland,Alaska,87025,PROD0282,0.3,697.72,5.0,False
582,ORD000583,CUST0083,2024-11-04,Home,222.93,4,PayPal,Cancelled,Hayeston,Washington,90588,PROD0283,0.2,713.38,1.0,False
583,ORD000584,CUST0084,2024-10-19,Clothing,42.86,2,Cash on Delivery,Cancelled,Edwardshire,Idaho,80265,PROD0284,0.16,72.0,5.0,False
584,ORD000585,CUST0085,2024-09-16,Beauty,349.75,3,PayPal,Returned,Angelamouth,Alabama,50392,PROD0285,0.24,797.43,2.0,False
585,ORD000586,CUST0086,2025-03-04,Electronics,127.46,3,Net Banking,Delivered,Lake Andrew,Maryland,28982,PROD0286,0.3,267.67,3.0,False
586,ORD000587,CUST0087,2024-08-12,Electronics,24.61,4,PayPal,Returned,Robertberg,Illinois,71450,PROD0287,0.06,92.53,4.0,False
587,ORD000588,CUST0088,2025-05-23,Home,34.67,4,Credit Card,Pending,New Wayne,South Dakota,34797,PROD0288,0.24,105.4,4.0,False
588,ORD000589,CUST0089,2024-12-12,Electronics,35.23,1,Cash on Delivery,Cancelled,Davisside,Maryland,10952,PROD0289,0.1,31.71,3.0,False
589,ORD000590,CUST0090,2024-12-14,Home,454.33,4,Cash on Delivery,Pending,Tylerside,Pennsylvania,36811,PROD0290,0.22,1417.51,3.0,False
590,ORD000591,CUST0091,2025-03-29,Books,371.24,1,Credit Card,Cancelled,New Christopher,New Hampshire,87850,PROD0291,0.21,293.28,1.0,False
591,ORD000592,CUST0092,2024-06-15,Electronics,449.54,3,Cash on Delivery,Delivered,West Keithside,Illinois,32592,PROD0292,0.3,944.03,3.0,True
592,ORD000593,CUST0093,2025-04-09,Sports,337.93,3,Net Banking,Returned,Lynnport,North Carolina,3214,PROD0293,0.03,983.38,3.0,False
593,ORD000594,CUST0094,2025-01-16,Beauty,266.83,1,Credit Card,Cancelled,Salazarfurt,Utah,80521,PROD0294,0.0,266.83,3.0,False
594,ORD000595,CUST0095,2025-04-24,Books,155.7,4,Cash on Delivery,Returned,North John,Kentucky,27069,PROD0295,0.22,485.78,3.0,False
595,ORD000596,CUST0096,2024-09-29,Home,498.99,1,Credit Card,Cancelled,New Wandafort,Kansas,65682,PROD0296,0.17,414.16,2.0,False
596,ORD000597,CUST0097,2025-04-30,Beauty,184.28,1,Debit Card,Returned,West Richard,Kentucky,59787,PROD0297,0.21,145.58,5.0,False
597,ORD000598,CUST0098,2024-07-04,Home,237.97,4,Debit Card,Cancelled,Melissabury,Vermont,38355,PROD0298,0.23,732.95,3.0,False
598,ORD000599,CUST0099,2024-06-23,Electronics,192.23,1,Credit Card,Delivered,Villamouth,Vermont,32429,PROD0299,0.15,163.4,4.0,True
599,ORD000600,CUST0100,2025-05-07,Clothing,489.87,1,Debit Card,Returned,Brownton,Illinois,26030,PROD0300,0.11,435.98,5.0,False
600,ORD000601,CUST0101,2024-10-07,Beauty,91.46,1,PayPal,Returned,New Antonio,Michigan,71988,PROD0001,0.23,70.42,4.0,False
601,ORD000602,CUST0102,2025-01-14,Sports,167.35,1,Cash on Delivery,Returned,West Mariaview,Michigan,82975,PROD0002,0.11,148.94,2.0,False
602,ORD000603,CUST0103,2024-08-06,Clothing,341.77,2,Credit Card,Pending,East Jennifer,Pennsylvania,698,PROD0003,0.19,553.67,4.0,False
603,ORD000604,CUST0104,2025-05-05,Clothing,36.29,3,Debit Card,Delivered,East Jamesborough,Montana,61522,PROD0004,0.27,79.48,4.0,True
604,ORD000605,CUST0105,2024-07-14,Books,305.59,3,Cash on Delivery,Delivered,West Amberstad,Mississippi,53698,PROD0005,0.05,870.93,3.0,True
605,ORD000606,CUST0106,2024-11-28,Clothing,241.44,4,Debit Card,Delivered,Colemanhaven,Nebraska,35363,PROD0006,0.0,965.76,4.0,False
606,ORD000607,CUST0107,2025-02-20,Books,145.58,1,Cash on Delivery,Delivered,New Juliemouth,Nevada,24075,PROD0007,0.08,133.93,3.0,True
607,ORD000608,CUST0108,2025-01-17,Sports,123.01,3,Cash on Delivery,Delivered,Kelseyfurt,Louisiana,60053,PROD0008,0.24,280.46,2.0,True
608,ORD000609,CUST0109,2025-05-06,Beauty,259.68,1,PayPal,Pending,Port Timothyville,Connecticut,78039,PROD0009,0.17,215.53,4.0,False
609,ORD000610,CUST0110,2024-11-22,Electronics,187.12,2,PayPal,Cancelled,South Richard,Virginia,87561,PROD0010,0.28,269.45,4.0,False
610,ORD000611,CUST0111,2024-10-19,Home,230.98,2,PayPal,Returned,Paulashire,Louisiana,23028,PROD0011,0.16,388.05,4.0,False
611,ORD000612,CUST0112,2024-11-18,Sports,172.05,4,Credit Card,Returned,Kellerton,North Carolina,50228,PROD0012,0.08,633.14,3.0,False
612,ORD000613,CUST0113,2024-08-31,Home,485.39,3,Credit Card,Delivered,Brooksville,Colorado,41657,PROD0013,0.23,1121.25,3.0,False
613,ORD000614,CUST0114,2024-09-16,Books,71.05,4,Cash on Delivery,Pending,Andersonmouth,North Dakota,20987,PROD0014,0.2,227.36,3.0,False
614,ORD000615,CUST0115,2024-09-24,Books,52.92,2,Credit Card,Cancelled,Port Christopher,Alabama,41595,PROD0015,0.25,79.38,3.0,False
615,ORD000616,CUST0116,2024-07-15,Sports,174.98,1,Net Banking,Returned,Port Kimberlymouth,Arkansas,21959,PROD0016,0.2,139.98,5.0,False
616,ORD000617,CUST0117,2025-02-18,Books,297.56,2,Cash on Delivery,Cancelled,Williamsbury,New York,35613,PROD0017,0.14,511.8,5.0,False
617,ORD000618,CUST0118,2025-05-18,Home,331.29,1,Net Banking,Cancelled,South Allison,Maine,14395,PROD0018,0.08,304.79,1.0,False
618,ORD000619,CUST0119,2024-09-30,Electronics,201.64,3,Credit Card,Cancelled,Andrewfort,Alaska,67948,PROD0019,0.02,592.82,4.0,False
619,ORD000620,CUST0120,2024-11-29,Beauty,499.64,1,Credit Card,Cancelled,Port Bethany,New Hampshire,90080,PROD0020,0.09,454.67,3.0,False
620,ORD000621,CUST0121,2025-04-01,Home,179.19,3,Credit Card,Cancelled,Mercerton,California,6899,PROD0021,0.01,532.19,5.0,False
621,ORD000622,CUST0122,2024-08-15,Books,362.1,3,Net Banking,Cancelled,Kingborough,Pennsylvania,15167,PROD0022,0.13,945.08,2.0,False
622,ORD000623,CUST0123,2025-02-16,Books,320.6,4,Credit Card,Cancelled,Ianmouth,Alabama,47193,PROD0023,0.07,1192.63,3.0,False
623,ORD000624,CUST0124,2024-08-04,Clothing,407.46,1,Cash on Delivery,Delivered,Spencerview,Wyoming,71825,PROD0024,0.21,321.89,4.0,False
624,ORD000625,CUST0125,2024-08-21,Sports,488.23,3,Credit Card,Delivered,Guyfurt,South Carolina,12016,PROD0025,0.07,1362.16,1.0,True
625,ORD000626,CUST0126,2025-05-25,Home,445.45,3,Debit Card,Delivered,Meyerhaven,Ohio,59602,PROD0026,0.02,1309.62,4.0,True
626,ORD000627,CUST0127,2025-01-27,Beauty,383.46,2,Credit Card,Delivered,South Henry,Florida,34754,PROD0027,0.25,575.19,4.0,False
627,ORD000628,CUST0128,2025-04-01,Electronics,350.63,2,Cash on Delivery,Returned,New Robert,Wisconsin,19103,PROD0028,0.02,687.23,3.0,False
628,ORD000629,CUST0129,2024-08-17,Beauty,171.07,4,Credit Card,Pending,Perezland,Ohio,41207,PROD0029,0.23,526.9,4.0,False
629,ORD000630,CUST0130,2024-09-19,Books,78.1,4,Cash on Delivery,Delivered,South Sabrinaland,Oregon,69377,PROD0030,0.28,224.93,5.0,False
630,ORD000631,CUST0131,2025-04-27,Beauty,36.0,1,Credit Card,Delivered,Allenton,Missouri,42418,PROD0031,0.03,34.92,5.0,True
631,ORD000632,CUST0132,2025-03-03,Clothing,124.74,1,Credit Card,Returned,Perezstad,Hawaii,99153,PROD0032,0.17,103.53,4.0,False
632,ORD000633,CUST0133,2024-09-25,Sports,218.98,3,Debit Card,Returned,Port Kevin,Michigan,92376,PROD0033,0.14,564.97,2.0,False
633,ORD000634,CUST0134,2025-03-21,Books,263.39,2,Debit Card,Delivered,Peterville,Georgia,56648,PROD0034,0.24,400.35,5.0,True
634,ORD000635,CUST0135,2024-10-18,Beauty,387.68,3,Cash on Delivery,Cancelled,Kimberlyberg,New York,26652,PROD0035,0.19,942.06,3.0,False
635,ORD000636,CUST0136,2025-04-07,Books,479.58,1,Net Banking,Pending,West Angela,South Carolina,68153,PROD0036,0.08,441.21,3.0,False
636,ORD000637,CUST0137,2024-11-16,Books,63.07,1,PayPal,Delivered,Kathrynton,Washington,28691,PROD0037,0.0,63.07,4.0,True
637,ORD000638,CUST0138,2025-06-06,Beauty,57.97,4,Net Banking,Cancelled,Port Mariamouth,South Dakota,87689,PROD0038,0.14,199.42,2.0,False
638,ORD000639,CUST0139,2024-10-10,Books,296.9,2,Net Banking,Returned,South Jamieburgh,Pennsylvania,8340,PROD0039,0.27,433.47,3.0,False
639,ORD000640,CUST0140,2024-08-23,Beauty,373.97,3,Net Banking,Returned,North Donna,Louisiana,43824,PROD0040,0.27,818.99,4.0,False
640,ORD000641,CUST0141,2024-07-25,Electronics,424.83,2,Cash on Delivery,Cancelled,Kimberlyton,Montana,8028,PROD0041,0.04,815.67,4.0,False
641,ORD000642,CUST0142,2024-10-24,Beauty,468.24,4,PayPal,Cancelled,East Jennifer,North Dakota,36497,PROD0042,0.26,1385.99,4.0,False
642,ORD000643,CUST0143,2024-12-12,Electronics,491.8,1,Debit Card,Delivered,New Jennifertown,Delaware,32699,PROD0043,0.01,486.88,4.0,False
643,ORD000644,CUST0144,2024-08-26,Electronics,202.9,4,PayPal,Returned,West John,Utah,60821,PROD0044,0.03,787.25,4.0,False
644,ORD000645,CUST0145,2024-08-04,Home,193.27,1,PayPal,Pending,Stonefort,Colorado,78903,PROD0045,0.29,137.22,2.0,False
645,ORD000646,CUST0146,2024-12-10,Sports,78.17,2,PayPal,Delivered,Nelsonbury,Missouri,31480,PROD0046,0.12,137.58,4.0,True
646,ORD000647,CUST0147,2024-12-13,Sports,344.04,4,Net Banking,Pending,East Andrea,Maryland,39982,PROD0047,0.02,1348.64,3.0,False
647,ORD000648,CUST0148,2025-04-20,Clothing,330.1,2,Net Banking,Pending,Allenton,Louisiana,46369,PROD0048,0.14,567.77,1.0,False
648,ORD000649,CUST0149,2025-01-07,Sports,431.72,3,Debit Card,Pending,Garciaton,Iowa,20714,PROD0049,0.01,1282.21,5.0,False
649,ORD000650,CUST0150,2025-05-23,Beauty,53.14,2,PayPal,Returned,East Lucas,Kentucky,98479,PROD0050,0.0,106.28,2.0,False
650,ORD000651,CUST0151,2025-05-21,Beauty,251.4,3,Debit Card,Delivered,North Robertland,Virginia,50874,PROD0051,0.17,625.99,1.0,True
651,ORD000652,CUST0152,2024-09-18,Electronics,292.64,1,Net Banking,Returned,Christinahaven,Tennessee,73776,PROD0052,0.06,275.08,4.0,False
652,ORD000653,CUST0153,2025-02-19,Books,124.57,2,Cash on Delivery,Cancelled,West Haleychester,North Dakota,63294,PROD0053,0.19,201.8,2.0,False
653,ORD000654,CUST0154,2024-10-03,Sports,88.67,2,Debit Card,Delivered,New Sarahmouth,Wyoming,14315,PROD0054,0.1,159.61,1.0,True
654,ORD000655,CUST0155,2024-07-09,Home,430.49,3,PayPal,Pending,Barbaraville,Minnesota,49035,PROD0055,0.04,1239.81,5.0,False
655,ORD000656,CUST0156,2025-02-25,Books,33.97,4,Credit Card,Pending,Stokesfort,Kansas,56959,PROD0056,0.3,95.12,2.0,False
656,ORD000657,CUST0157,2024-07-07,Clothing,237.96,3,Credit Card,Returned,Margaretland,West Virginia,31930,PROD0057,0.07,663.91,4.0,False
657,ORD000658,CUST0158,2024-10-15,Books,62.34,3,Credit Card,Returned,New Jennifer,South Carolina,29255,PROD0058,0.02,183.28,3.0,False
658,ORD000659,CUST0159,2025-05-26,Books,231.24,1,PayPal,Returned,Cruzmouth,Nevada,18084,PROD0059,0.08,212.74,1.0,False
659,ORD000660,CUST0160,2025-03-12,Clothing,490.08,2,Net Banking,Cancelled,Perezville,Hawaii,86948,PROD0060,0.08,901.75,3.0,False
660,ORD000661,CUST0161,2024-10-15,Sports,214.73,4,Debit Card,Delivered,East Nicholasfurt,Oklahoma,61428,PROD0061,0.09,781.62,3.0,False
661,ORD000662,CUST0162,2025-02-11,Clothing,429.28,4,PayPal,Pending,Cummingschester,Massachusetts,63285,PROD0062,0.11,1528.24,3.0,False
662,ORD000663,CUST0163,2024-09-11,Sports,63.07,2,Credit Card,Returned,South Amandaport,Pennsylvania,23585,PROD0063,0.24,95.87,4.0,False
663,ORD000664,CUST0164,2024-06-24,Home,139.27,4,Debit Card,Delivered,Jamesville,Massachusetts,6590,PROD0064,0.02,545.94,,True
664,ORD000665,CUST0165,2024-08-24,Books,204.88,3,Cash on Delivery,Delivered,West Mariotown,Alaska,26228,PROD0065,0.11,547.03,4.0,True
665,ORD000666,CUST0166,2025-03-13,Electronics,202.91,1,Net Banking,Pending,Port Kylieland,Delaware,85751,PROD0066,0.03,196.82,5.0,False
666,ORD000667,CUST0167,2025-06-13,Home,337.33,2,Cash on Delivery,Pending,Porterside,Wisconsin,15888,PROD0067,0.29,479.01,4.0,False
667,ORD000668,CUST0168,2024-12-15,Home,175.64,1,Cash on Delivery,Cancelled,South Robert,Oregon,39767,PROD0068,0.04,168.61,4.0,False
668,ORD000669,CUST0169,2025-03-22,Beauty,358.31,3,Cash on Delivery,Cancelled,Melindachester,Nebraska,75838,PROD0069,0.14,924.44,2.0,False
669,ORD000670,CUST0170,2025-02-17,Clothing,321.4,3,Debit Card,Cancelled,West Audrey,Michigan,10625,PROD0070,0.14,829.21,4.0,False
670,ORD000671,CUST0171,2024-10-19,Home,202.58,1,Credit Card,Cancelled,Lake Victoria,Oregon,69461,PROD0071,0.23,155.99,3.0,False
671,ORD000672,CUST0172,2025-05-26,Home,218.72,4,Credit Card,Pending,South David,Vermont,98786,PROD0072,0.08,804.89,3.0,False
672,ORD000673,CUST0173,2025-03-03,Home,309.19,4,Net Banking,Pending,North Michellemouth,Georgia,30750,PROD0073,0.22,964.67,3.0,False
673,ORD000674,CUST0174,2025-01-11,Home,39.67,4,PayPal,Delivered,East Jasmine,Kansas,18437,PROD0074,0.01,157.09,4.0,False
674,ORD000675,CUST0175,2024-12-06,Electronics,412.09,1,Credit Card,Delivered,West Amber,Mississippi,31637,PROD0075,0.28,296.7,4.0,False
675,ORD000676,CUST0176,2024-09-17,Clothing,328.44,4,PayPal,Delivered,Kathleenberg,South Dakota,41731,PROD0076,0.03,1274.35,3.0,True
676,ORD000677,CUST0177,2024-10-25,Sports,364.54,4,Credit Card,Cancelled,Tanyaport,Mississippi,7540,PROD0077,0.14,1254.02,1.0,False
677,ORD000678,CUST0178,2024-07-18,Books,270.78,1,PayPal,Pending,Leeton,Missouri,63321,PROD0078,0.05,257.24,2.0,False
678,ORD000679,CUST0179,2024-10-04,Clothing,59.69,1,PayPal,Delivered,Sandovalville,Virginia,90040,PROD0079,0.11,53.12,3.0,True
679,ORD000680,CUST0180,2024-07-25,Sports,205.49,1,Debit Card,Cancelled,East Samanthaland,North Dakota,85688,PROD0080,0.19,166.45,5.0,False
680,ORD000681,CUST0181,2025-05-08,Electronics,205.66,4,Cash on Delivery,Returned,East Thomas,Iowa,79437,PROD0081,0.04,789.73,4.0,False
681,ORD000682,CUST0182,2025-02-10,Clothing,163.92,1,Credit Card,Cancelled,East Kaylee,Maryland,46932,PROD0082,0.09,149.17,5.0,False
682,ORD000683,CUST0183,2024-10-05,Beauty,19.83,3,Cash on Delivery,Delivered,Port Katiemouth,Pennsylvania,22662,PROD0083,0.2,47.59,4.0,True
683,ORD000684,CUST0184,2024-07-23,Electronics,369.94,4,Net Banking,Pending,West Williamport,North Carolina,34564,PROD0084,0.25,1109.82,3.0,False
684,ORD000685,CUST0185,2024-08-12,Home,59.34,1,Net Banking,Pending,Herringport,Maryland,95220,PROD0085,0.18,48.66,3.0,False
685,ORD000686,CUST0186,2025-05-02,Electronics,305.12,1,Cash on Delivery,Returned,Evanview,Rhode Island,50663,PROD0086,0.16,256.3,,False
686,ORD000687,CUST0187,2025-01-05,Books,353.09,2,Net Banking,Delivered,Laurenbury,Alabama,26737,PROD0087,0.03,684.99,3.0,False
687,ORD000688,CUST0188,2025-02-04,Clothing,319.22,3,Credit Card,Cancelled,Patelfurt,Massachusetts,27612,PROD0088,0.04,919.35,3.0,False
688,ORD000689,CUST0189,2025-03-24,Sports,479.78,3,Debit Card,Pending,Carolynland,Indiana,63000,PROD0089,0.29,1021.93,5.0,False
689,ORD000690,CUST0190,2025-01-27,Beauty,56.13,4,Cash on Delivery,Returned,West Andrew,Vermont,93745,PROD0090,0.0,224.52,5.0,False
690,ORD000691,CUST0191,2024-06-17,Beauty,434.25,3,Credit Card,Returned,South Jennifertown,Maine,39670,PROD0091,0.15,1107.34,4.0,False
691,ORD000692,CUST0192,2024-12-21,Home,19.45,4,Cash on Delivery,Pending,South Tracyfort,New Jersey,69023,PROD0092,0.23,59.91,4.0,False
692,ORD000693,CUST0193,2024-08-15,Home,269.78,1,Cash on Delivery,Delivered,Amychester,Wyoming,76888,PROD0093,0.06,253.59,3.0,False
693,ORD000694,CUST0194,2024-12-20,Books,205.1,4,Debit Card,Pending,New Davidton,Idaho,35595,PROD0094,0.14,705.54,1.0,False
694,ORD000695,CUST0195,2024-12-05,Home,264.47,1,PayPal,Returned,Diazchester,Ohio,70874,PROD0095,0.15,224.8,4.0,False
695,ORD000696,CUST0196,2024-09-17,Books,185.72,1,Credit Card,Pending,North Jackie,Illinois,18149,PROD0096,0.08,170.86,3.0,False
696,ORD000697,CUST0197,2024-08-18,Books,99.33,1,Cash on Delivery,Pending,East Stephanie,Nebraska,46552,PROD0097,0.26,73.5,1.0,False
697,ORD000698,CUST0198,2025-02-15,Electronics,14.47,2,Debit Card,Returned,Lake Carolynborough,Maine,69925,PROD0098,0.28,20.84,4.0,False
698,ORD000699,CUST0199,2025-01-31,Home,261.48,1,Debit Card,Pending,North Robertstad,Connecticut,33648,PROD0099,0.22,203.95,2.0,False
699,ORD000700,CUST0200,2025-03-20,Beauty,422.17,1,PayPal,Returned,West Kathleen,Hawaii,33374,PROD0100,0.0,422.17,4.0,False
700,ORD000701,CUST0201,2025-04-30,Beauty,189.74,4,Debit Card,Returned,North Brandonbury,Colorado,59293,PROD0101,0.19,614.76,3.0,False
701,ORD000702,CUST0202,2025-03-25,Sports,115.32,2,Credit Card,Cancelled,South David,New Jersey,91977,PROD0102,0.07,214.5,4.0,False
702,ORD000703,CUST0203,2024-09-15,Sports,44.86,1,PayPal,Delivered,Jeffreyfurt,Alaska,29635,PROD0103,0.08,41.27,4.0,False
703,ORD000704,CUST0204,2025-06-06,Home,47.23,1,Debit Card,Cancelled,Port Robert,Georgia,50878,PROD0104,0.06,44.4,2.0,False
704,ORD000705,CUST0205,2025-04-21,Electronics,114.59,2,Net Banking,Delivered,South Anna,Oregon,40239,PROD0105,0.17,190.22,3.0,True
705,ORD000706,CUST0206,2025-05-16,Books,54.51,1,PayPal,Pending,Jeffreyton,Montana,4714,PROD0106,0.13,47.42,5.0,False
706,ORD000707,CUST0207,2025-02-10,Books,136.19,4,Net Banking,Delivered,New Ronnie,Colorado,49035,PROD0107,0.06,512.07,,False
707,ORD000708,CUST0208,2024-08-20,Books,37.74,4,Debit Card,Returned,West Julie,Nebraska,46987,PROD0108,0.28,108.69,1.0,False
708,ORD000709,CUST0209,2024-11-17,Home,37.47,1,Credit Card,Returned,Riggsborough,Oklahoma,51915,PROD0109,0.07,34.85,2.0,False
709,ORD000710,CUST0210,2024-06-22,Electronics,428.86,4,Credit Card,Returned,Port Cynthiaborough,South Dakota,38291,PROD0110,0.23,1320.89,4.0,False
710,ORD000711,CUST0211,2025-01-19,Electronics,85.25,1,Credit Card,Cancelled,Brookschester,Maryland,15737,PROD0111,0.01,84.4,1.0,False
711,ORD000712,CUST0212,2025-04-04,Home,282.04,3,Cash on Delivery,Delivered,Millsburgh,Mississippi,23726,PROD0112,0.06,795.35,4.0,False
712,ORD000713,CUST0213,2025-06-02,Home,387.86,1,Cash on Delivery,Cancelled,South Michaelchester,Arizona,74720,PROD0113,0.25,290.9,4.0,False
713,ORD000714,CUST0214,2025-05-20,Sports,230.92,1,Debit Card,Cancelled,West Theresa,Oklahoma,38100,PROD0114,0.16,193.97,4.0,False
714,ORD000715,CUST0215,2025-02-18,Electronics,80.92,1,Debit Card,Pending,Lake Elizabethville,Indiana,48740,PROD0115,0.19,65.55,4.0,False
715,ORD000716,CUST0216,2024-08-05,Sports,103.8,3,Credit Card,Pending,Jasonside,Ohio,88925,PROD0116,0.13,270.92,4.0,False
716,ORD000717,CUST0217,2025-06-08,Electronics,219.33,2,Debit Card,Pending,New Brandi,Vermont,54221,PROD0117,0.13,381.63,2.0,False
717,ORD000718,CUST0218,2025-02-26,Beauty,266.48,2,Cash on Delivery,Pending,Waltertown,New Mexico,10405,PROD0118,0.04,511.64,2.0,False
718,ORD000719,CUST0219,2025-03-12,Beauty,177.97,1,Cash on Delivery,Pending,Adamville,South Dakota,33036,PROD0119,0.05,169.07,3.0,False
719,ORD000720,CUST0220,2025-05-27,Beauty,391.83,2,Debit Card,Returned,East Kennethshire,New Hampshire,87436,PROD0120,0.28,564.24,3.0,False
720,ORD000721,CUST0221,2025-04-04,Home,376.76,1,PayPal,Delivered,North Michellemouth,Alabama,55570,PROD0121,0.14,324.01,4.0,True
721,ORD000722,CUST0222,2024-09-18,Beauty,463.97,3,Credit Card,Cancelled,North Ashley,New Jersey,79747,PROD0122,0.14,1197.04,4.0,False
722,ORD000723,CUST0223,2024-12-09,Electronics,19.33,2,Net Banking,Returned,Baileyview,Alaska,57274,PROD0123,0.2,30.93,3.0,False
723,ORD000724,CUST0224,2024-11-10,Home,448.37,3,Debit Card,Pending,Johnsonborough,Hawaii,74232,PROD0124,0.0,1345.11,,False
724,ORD000725,CUST0225,2025-05-08,Electronics,199.32,2,Cash on Delivery,Pending,Cantuview,South Carolina,34554,PROD0125,0.16,334.86,4.0,False
725,ORD000726,CUST0226,2024-11-04,Home,439.79,3,Net Banking,Cancelled,East Dominic,Kansas,54611,PROD0126,0.27,963.14,5.0,False
726,ORD000727,CUST0227,2025-04-20,Electronics,346.94,3,Cash on Delivery,Pending,East Jasonborough,New York,27854,PROD0127,0.13,905.51,5.0,False
727,ORD000728,CUST0228,2025-04-12,Beauty,493.74,4,PayPal,Delivered,Barbarabury,Missouri,73523,PROD0128,0.12,1737.96,2.0,True
728,ORD000729,CUST0229,2025-05-21,Books,380.84,1,Credit Card,Cancelled,South Brenda,Oklahoma,83640,PROD0129,0.14,327.52,3.0,False
729,ORD000730,CUST0230,2025-02-04,Beauty,185.45,1,Net Banking,Returned,New Tracyfort,Illinois,44967,PROD0130,0.26,137.23,1.0,False
730,ORD000731,CUST0231,2025-03-05,Clothing,253.03,2,Debit Card,Pending,Smithfort,Illinois,52405,PROD0131,0.18,414.97,2.0,False
731,ORD000732,CUST0232,2024-12-23,Sports,191.31,3,Net Banking,Returned,Port Kristen,Montana,62092,PROD0132,0.22,447.67,4.0,False
732,ORD000733,CUST0233,2024-07-08,Beauty,185.63,4,Debit Card,Pending,Lake Cole,Hawaii,15672,PROD0133,0.22,579.17,4.0,False
733,ORD000734,CUST0234,2024-12-29,Beauty,134.15,4,Net Banking,Returned,East Sandra,Washington,2325,PROD0134,0.02,525.87,3.0,False
734,ORD000735,CUST0235,2025-01-22,Books,250.51,2,Cash on Delivery,Pending,New Denise,West Virginia,93227,PROD0135,0.29,355.72,4.0,False
735,ORD000736,CUST0236,2024-12-25,Electronics,342.46,1,PayPal,Delivered,Port Jonathan,Georgia,96505,PROD0136,0.21,270.54,3.0,True
736,ORD000737,CUST0237,2024-10-21,Electronics,142.28,4,Net Banking,Delivered,Levineton,Pennsylvania,25589,PROD0137,0.17,472.37,3.0,False
737,ORD000738,CUST0238,2024-07-23,Sports,264.57,3,Debit Card,Delivered,North Meganview,New Hampshire,4367,PROD0138,0.01,785.77,5.0,True
738,ORD000739,CUST0239,2024-09-03,Books,63.1,4,PayPal,Returned,Hoopertown,North Carolina,78056,PROD0139,0.28,181.73,4.0,False
739,ORD000740,CUST0240,2024-12-11,Beauty,84.12,1,PayPal,Delivered,North Lisamouth,Nebraska,90227,PROD0140,0.14,72.34,4.0,True
740,ORD000741,CUST0241,2024-07-29,Books,28.17,2,Cash on Delivery,Cancelled,Brandonport,Arizona,40697,PROD0141,0.27,41.13,4.0,False
741,ORD000742,CUST0242,2024-06-21,Clothing,485.51,3,PayPal,Returned,Port Paul,Colorado,14240,PROD0142,0.13,1267.18,3.0,False
742,ORD000743,CUST0243,2025-03-31,Home,6.91,1,Net Banking,Delivered,Christopherchester,West Virginia,84922,PROD0143,0.17,5.74,3.0,False
743,ORD000744,CUST0244,2024-12-07,Electronics,93.4,4,Net Banking,Delivered,Ashleyport,Massachusetts,8618,PROD0144,0.27,272.73,3.0,True
744,ORD000745,CUST0245,2024-06-14,Electronics,308.37,3,Debit Card,Returned,Lake Lorifort,Tennessee,33853,PROD0145,0.14,795.59,5.0,False
745,ORD000746,CUST0246,2024-08-10,Sports,45.28,3,Debit Card,Returned,West Ashlee,Nebraska,10698,PROD0146,0.05,129.05,3.0,False
746,ORD000747,CUST0247,2024-12-22,Clothing,441.54,2,Debit Card,Delivered,North Tim,New Jersey,17599,PROD0147,0.13,768.28,5.0,True
747,ORD000748,CUST0248,2024-09-01,Electronics,361.21,4,Net Banking,Pending,Ramoston,Louisiana,53706,PROD0148,0.11,1285.91,1.0,False
748,ORD000749,CUST0249,2024-07-11,Books,483.36,4,Cash on Delivery,Delivered,North Sharonmouth,New Hampshire,37233,PROD0149,0.22,1508.08,3.0,True
749,ORD000750,CUST0250,2024-08-04,Home,256.28,1,Cash on Delivery,Cancelled,Rodrigueztown,Mississippi,13374,PROD0150,0.25,192.21,5.0,False
750,ORD000751,CUST0251,2024-11-27,Beauty,153.7,4,PayPal,Returned,New Hailey,Indiana,44365,PROD0151,0.0,614.8,5.0,False
751,ORD000752,CUST0252,2025-04-24,Electronics,277.0,3,Debit Card,Cancelled,Port Matthew,Maryland,97821,PROD0152,0.15,706.35,2.0,False
752,ORD000753,CUST0253,2025-04-03,Home,465.76,4,Credit Card,Returned,East Michael,Illinois,25999,PROD0153,0.08,1714.0,2.0,False
753,ORD000754,CUST0254,2025-02-09,Home,262.78,2,Cash on Delivery,Delivered,Isaiahhaven,Kansas,4559,PROD0154,0.05,499.28,4.0,False
754,ORD000755,CUST0255,2025-01-28,Beauty,137.27,4,PayPal,Cancelled,Marcburgh,West Virginia,31883,PROD0155,0.2,439.26,3.0,False
755,ORD000756,CUST0256,2024-12-31,Sports,439.31,4,Debit Card,Cancelled,Ewingport,Wyoming,17743,PROD0156,0.25,1317.93,2.0,False
756,ORD000757,CUST0257,2024-06-21,Electronics,189.1,1,PayPal,Pending,Jonathanview,Alaska,9521,PROD0157,0.16,158.84,2.0,False
757,ORD000758,CUST0258,2024-08-20,Home,5.68,2,Cash on Delivery,Cancelled,Millsside,Connecticut,39792,PROD0158,0.06,10.68,3.0,False
758,ORD000759,CUST0259,2024-11-18,Sports,127.6,1,Debit Card,Delivered,Fergusonchester,West Virginia,43138,PROD0159,0.23,98.25,5.0,False
759,ORD000760,CUST0260,2024-10-30,Electronics,162.53,4,Net Banking,Returned,West Matthew,North Dakota,87701,PROD0160,0.16,546.1,3.0,False
760,ORD000761,CUST0261,2025-05-31,Home,430.09,3,Credit Card,Delivered,Leonardborough,Hawaii,38619,PROD0161,0.24,980.61,2.0,True
761,ORD000762,CUST0262,2024-11-06,Home,231.96,2,Cash on Delivery,Delivered,Andrewshire,Kentucky,82427,PROD0162,0.29,329.38,3.0,True
762,ORD000763,CUST0263,2025-05-23,Electronics,225.07,1,Net Banking,Cancelled,Gonzalezport,West Virginia,25443,PROD0163,0.13,195.81,3.0,False
763,ORD000764,CUST0264,2025-02-04,Beauty,171.37,2,Cash on Delivery,Delivered,Woodshire,Arkansas,60024,PROD0164,0.1,308.47,1.0,False
764,ORD000765,CUST0265,2025-03-07,Clothing,440.94,3,Cash on Delivery,Returned,Chambersview,North Dakota,28218,PROD0165,0.08,1216.99,5.0,False
765,ORD000766,CUST0266,2025-02-05,Electronics,472.79,3,PayPal,Returned,East Paultown,Rhode Island,89964,PROD0166,0.21,1120.51,4.0,False
766,ORD000767,CUST0267,2024-10-25,Clothing,495.99,1,Credit Card,Returned,West Johnhaven,Michigan,58217,PROD0167,0.29,352.15,3.0,False
767,ORD000768,CUST0268,2025-03-28,Sports,191.49,1,Net Banking,Returned,Williamsport,Montana,42830,PROD0168,0.09,174.26,4.0,False
768,ORD000769,CUST0269,2025-05-27,Beauty,483.24,1,PayPal,Cancelled,Richardhaven,Ohio,77122,PROD0169,0.14,415.59,3.0,False
769,ORD000770,CUST0270,2024-07-06,Beauty,396.98,3,Net Banking,Cancelled,Evanston,New Hampshire,84455,PROD0170,0.17,988.48,5.0,False
770,ORD000771,CUST0271,2025-05-24,Clothing,339.47,4,Cash on Delivery,Delivered,Kimville,Louisiana,70843,PROD0171,0.29,964.09,4.0,True
771,ORD000772,CUST0272,2025-04-06,Home,126.22,2,PayPal,Returned,East Anthonyland,New Hampshire,8836,PROD0172,0.07,234.77,2.0,False
772,ORD000773,CUST0273,2025-04-16,Home,112.15,1,Debit Card,Returned,New Jerome,North Carolina,21174,PROD0173,0.29,79.63,3.0,False
773,ORD000774,CUST0274,2025-04-21,Clothing,87.19,4,Cash on Delivery,Returned,Port Lawrencemouth,Indiana,65230,PROD0174,0.16,292.96,3.0,False
774,ORD000775,CUST0275,2025-03-22,Books,461.76,4,PayPal,Returned,Bethfort,Connecticut,59409,PROD0175,0.22,1440.69,1.0,False
775,ORD000776,CUST0276,2024-09-18,Home,150.57,4,Cash on Delivery,Cancelled,Ninafort,Maine,68950,PROD0176,0.23,463.76,3.0,False
776,ORD000777,CUST0277,2025-03-31,Sports,229.28,2,Debit Card,Cancelled,Boydstad,Florida,57694,PROD0177,0.05,435.63,,False
777,ORD000778,CUST0278,2025-06-09,Home,249.51,3,Credit Card,Pending,Larsonchester,Michigan,38507,PROD0178,0.29,531.46,3.0,False
778,ORD000779,CUST0279,2024-09-27,Home,390.19,4,Net Banking,Pending,Laurahaven,Oklahoma,31993,PROD0179,0.29,1108.14,4.0,False
779,ORD000780,CUST0280,2024-08-11,Beauty,422.9,2,Cash on Delivery,Delivered,Simmonsfurt,California,87486,PROD0180,0.26,625.89,2.0,True
780,ORD000781,CUST0281,2025-05-09,Sports,73.84,1,Debit Card,Returned,Josephbury,South Dakota,80338,PROD0181,0.25,55.38,2.0,False
781,ORD000782,CUST0282,2024-10-12,Clothing,216.32,4,PayPal,Delivered,North Carolyn,South Dakota,74007,PROD0182,0.1,778.75,3.0,False
782,ORD000783,CUST0283,2024-08-14,Sports,422.21,1,Credit Card,Delivered,Port Emilybury,California,5835,PROD0183,0.26,312.44,1.0,False
783,ORD000784,CUST0284,2024-10-06,Sports,409.93,1,Debit Card,Pending,South Roberthaven,New Hampshire,87166,PROD0184,0.27,299.25,3.0,False
784,ORD000785,CUST0285,2024-10-06,Clothing,55.69,3,Credit Card,Cancelled,South Jacob,Arizona,79061,PROD0185,0.08,153.7,,False
785,ORD000786,CUST0286,2024-12-01,Home,82.41,3,Debit Card,Delivered,Castilloberg,Nebraska,51969,PROD0186,0.05,234.87,3.0,True
786,ORD000787,CUST0287,2024-12-30,Beauty,155.58,4,Debit Card,Delivered,Davidmouth,Alaska,66232,PROD0187,0.23,479.19,4.0,True
787,ORD000788,CUST0288,2024-06-23,Sports,42.3,3,PayPal,Pending,Ryanstad,South Carolina,11502,PROD0188,0.17,105.33,5.0,False
788,ORD000789,CUST0289,2024-06-23,Home,215.21,2,Credit Card,Cancelled,Lauraview,Georgia,69466,PROD0189,0.03,417.51,5.0,False
789,ORD000790,CUST0290,2025-06-11,Sports,58.27,4,Debit Card,Returned,Kellertown,Illinois,23206,PROD0190,0.12,205.11,1.0,False
790,ORD000791,CUST0291,2024-10-25,Clothing,286.27,4,PayPal,Pending,North Maureen,North Dakota,90446,PROD0191,0.1,1030.57,5.0,False
791,ORD000792,CUST0292,2024-11-19,Electronics,127.05,1,Debit Card,Returned,Thomasburgh,Alaska,91355,PROD0192,0.2,101.64,1.0,False
792,ORD000793,CUST0293,2025-02-28,Books,300.23,4,Credit Card,Returned,New Noahstad,Mississippi,2724,PROD0193,0.13,1044.8,3.0,False
793,ORD000794,CUST0294,2025-01-29,Clothing,63.18,3,Cash on Delivery,Returned,West Jamesville,New Hampshire,52776,PROD0194,0.19,153.53,4.0,False
794,ORD000795,CUST0295,2024-07-06,Electronics,488.06,4,PayPal,Delivered,Webbchester,Pennsylvania,30253,PROD0195,0.24,1483.7,3.0,True
795,ORD000796,CUST0296,2025-02-10,Electronics,466.62,3,PayPal,Returned,Lake Katherineside,Hawaii,63742,PROD0196,0.21,1105.89,1.0,False
796,ORD000797,CUST0297,2024-08-27,Sports,198.94,1,Net Banking,Cancelled,North Andrewshire,Michigan,16342,PROD0197,0.19,161.14,4.0,False
797,ORD000798,CUST0298,2025-06-11,Clothing,124.88,1,Debit Card,Pending,North Robertborough,Utah,43422,PROD0198,0.27,91.16,4.0,False
798,ORD000799,CUST0299,2024-10-23,Clothing,128.95,1,Credit Card,Pending,South Alyssa,Pennsylvania,78705,PROD0199,0.07,119.92,3.0,False
799,ORD000800,CUST0300,2024-09-07,Clothing,244.28,2,Credit Card,Pending,Daniellechester,West Virginia,57591,PROD0200,0.15,415.28,3.0,False
800,ORD000801,CUST0301,2024-10-17,Books,24.8,2,PayPal,Returned,West Jacqueline,Nevada,67507,PROD0201,0.23,38.19,4.0,False
801,ORD000802,CUST0302,2025-03-23,Beauty,321.65,3,Net Banking,Cancelled,Port Meredithburgh,North Carolina,96458,PROD0202,0.07,897.4,5.0,False
802,ORD000803,CUST0303,2025-06-03,Books,207.11,2,Net Banking,Cancelled,Alexanderhaven,Illinois,94964,PROD0203,0.06,389.37,3.0,False
803,ORD000804,CUST0304,2024-12-28,Sports,191.82,3,Credit Card,Cancelled,Liuhaven,Oklahoma,47506,PROD0204,0.21,454.61,3.0,False
804,ORD000805,CUST0305,2025-01-12,Electronics,405.64,4,Net Banking,Delivered,Port Brian,Idaho,80654,PROD0205,0.23,1249.37,3.0,True
805,ORD000806,CUST0306,2024-09-27,Sports,355.97,4,Net Banking,Delivered,Michaelport,New Hampshire,18717,PROD0206,0.27,1039.43,2.0,False
806,ORD000807,CUST0307,2024-07-11,Beauty,477.4,1,Debit Card,Pending,East Kathleen,Pennsylvania,50773,PROD0207,0.13,415.34,5.0,False
807,ORD000808,CUST0308,2025-01-24,Sports,179.21,2,Net Banking,Returned,Jillfurt,Pennsylvania,68175,PROD0208,0.21,283.15,2.0,False
808,ORD000809,CUST0309,2024-07-20,Electronics,449.28,3,Net Banking,Pending,Adamsburgh,Tennessee,33697,PROD0209,0.05,1280.45,4.0,False
809,ORD000810,CUST0310,2024-08-09,Beauty,386.13,3,Credit Card,Returned,Christophertown,Georgia,54626,PROD0210,0.09,1054.13,4.0,False
810,ORD000811,CUST0311,2024-10-18,Electronics,181.93,2,Debit Card,Cancelled,Dennistown,New Hampshire,15261,PROD0211,0.19,294.73,1.0,False
811,ORD000812,CUST0312,2025-01-02,Electronics,312.72,3,Net Banking,Returned,Lopezside,Kansas,12375,PROD0212,0.04,900.63,4.0,False
812,ORD000813,CUST0313,2024-08-18,Electronics,147.84,1,Debit Card,Cancelled,Warrenshire,Texas,87933,PROD0213,0.29,104.97,3.0,False
813,ORD000814,CUST0314,2024-10-26,Books,437.83,3,Net Banking,Delivered,Murphyport,Pennsylvania,53614,PROD0214,0.04,1260.95,1.0,False
814,ORD000815,CUST0315,2025-01-24,Sports,60.65,1,Cash on Delivery,Returned,West Michellemouth,Alabama,17768,PROD0215,0.23,46.7,5.0,False
815,ORD000816,CUST0316,2024-08-05,Sports,110.16,4,Credit Card,Pending,Stephanietown,Wisconsin,32418,PROD0216,0.1,396.58,3.0,False
816,ORD000817,CUST0317,2024-06-21,Clothing,95.6,4,PayPal,Cancelled,Lake Colinberg,Kansas,3179,PROD0217,0.22,298.27,3.0,False
817,ORD000818,CUST0318,2024-09-25,Electronics,204.5,2,Credit Card,Returned,Craigmouth,Alaska,66608,PROD0218,0.12,359.92,4.0,False
818,ORD000819,CUST0319,2025-02-05,Beauty,373.89,4,Debit Card,Pending,South Reneeville,North Carolina,42955,PROD0219,0.22,1166.54,3.0,False
819,ORD000820,CUST0320,2024-10-22,Sports,265.82,2,Net Banking,Returned,Lesterburgh,Delaware,97766,PROD0220,0.27,388.1,3.0,False
820,ORD000821,CUST0321,2025-06-08,Home,246.4,3,Credit Card,Delivered,West Melindaton,Wisconsin,85864,PROD0221,0.18,606.14,4.0,True
821,ORD000822,CUST0322,2024-10-17,Beauty,5.27,2,Cash on Delivery,Cancelled,Meganfort,South Dakota,27461,PROD0222,0.05,10.01,3.0,False
822,ORD000823,CUST0323,2025-04-16,Sports,215.57,2,Net Banking,Delivered,East Jenniferton,Georgia,16299,PROD0223,0.29,306.11,4.0,True
823,ORD000824,CUST0324,2024-08-05,Home,36.46,4,Debit Card,Returned,Butlerfurt,Michigan,43054,PROD0224,0.16,122.51,4.0,False
824,ORD000825,CUST0325,2025-05-12,Books,108.09,1,Cash on Delivery,Returned,Lake Gregory,Louisiana,14133,PROD0225,0.07,100.52,4.0,False
825,ORD000826,CUST0326,2024-07-14,Clothing,466.53,1,Cash on Delivery,Delivered,North Joshuashire,Kentucky,91808,PROD0226,0.12,410.55,4.0,True
826,ORD000827,CUST0327,2025-04-19,Clothing,111.62,2,PayPal,Cancelled,Curtisland,North Dakota,6993,PROD0227,0.22,174.13,4.0,False
827,ORD000828,CUST0328,2024-10-13,Beauty,429.88,2,Debit Card,Delivered,South Carl,Pennsylvania,37905,PROD0228,0.28,619.03,5.0,False
828,ORD000829,CUST0329,2024-07-24,Books,402.43,4,PayPal,Pending,East Paul,Kansas,19727,PROD0229,0.27,1175.1,3.0,False
829,ORD000830,CUST0330,2024-10-11,Clothing,83.78,4,Debit Card,Delivered,Mistyfort,South Carolina,60236,PROD0230,0.04,321.72,5.0,True
830,ORD000831,CUST0331,2024-06-29,Beauty,304.83,3,Credit Card,Delivered,Salinasport,North Dakota,53112,PROD0231,0.26,676.72,3.0,False
831,ORD000832,CUST0332,2025-03-01,Home,62.25,1,Net Banking,Cancelled,East Katherinechester,North Carolina,91122,PROD0232,0.18,51.04,4.0,False
832,ORD000833,CUST0333,2024-07-17,Books,365.3,4,PayPal,Delivered,New Cassandrafurt,Ohio,87564,PROD0233,0.12,1285.86,2.0,False
833,ORD000834,CUST0334,2025-01-04,Sports,320.54,2,Cash on Delivery,Cancelled,Kingside,Michigan,50726,PROD0234,0.14,551.33,1.0,False
834,ORD000835,CUST0335,2025-02-22,Books,406.91,4,Credit Card,Returned,Wilkinsbury,Minnesota,67220,PROD0235,0.24,1237.01,1.0,False
835,ORD000836,CUST0336,2024-12-20,Books,242.3,3,PayPal,Cancelled,Mossmouth,South Dakota,45812,PROD0236,0.25,545.18,1.0,False
836,ORD000837,CUST0337,2024-06-26,Books,457.86,4,Debit Card,Cancelled,Moralesbury,West Virginia,53858,PROD0237,0.2,1465.15,4.0,False
837,ORD000838,CUST0338,2024-11-01,Clothing,29.43,4,Debit Card,Returned,East Anna,Tennessee,36826,PROD0238,0.02,115.37,4.0,False
838,ORD000839,CUST0339,2025-01-19,Books,149.98,1,Debit Card,Delivered,Grayton,South Carolina,74195,PROD0239,0.24,113.98,3.0,False
839,ORD000840,CUST0340,2025-01-25,Sports,358.95,3,Debit Card,Returned,West Cheryl,Maine,61391,PROD0240,0.01,1066.08,4.0,False
840,ORD000841,CUST0341,2024-07-23,Sports,211.96,4,Cash on Delivery,Cancelled,Port Tiffanychester,Massachusetts,2359,PROD0241,0.12,746.1,2.0,False
841,ORD000842,CUST0342,2025-05-18,Beauty,90.61,2,Debit Card,Cancelled,Port Wayneshire,Massachusetts,85654,PROD0242,0.13,157.66,5.0,False
842,ORD000843,CUST0343,2025-04-09,Beauty,58.07,2,Net Banking,Cancelled,Sheilamouth,New Hampshire,96237,PROD0243,0.15,98.72,4.0,False
843,ORD000844,CUST0344,2025-04-26,Sports,409.58,2,PayPal,Delivered,Port Aprilside,Connecticut,85123,PROD0244,0.08,753.63,3.0,False
844,ORD000845,CUST0345,2024-09-30,Electronics,239.21,1,Credit Card,Delivered,Johnsonmouth,Illinois,78825,PROD0245,0.13,208.11,5.0,False
845,ORD000846,CUST0346,2024-11-16,Electronics,441.73,1,PayPal,Cancelled,North Wendyview,North Carolina,19638,PROD0246,0.24,335.71,4.0,False
846,ORD000847,CUST0347,2024-11-02,Sports,367.98,2,PayPal,Delivered,Danielhaven,Minnesota,74293,PROD0247,0.08,677.08,3.0,False
847,ORD000848,CUST0348,2025-01-30,Clothing,207.81,3,PayPal,Delivered,Port Jillian,Massachusetts,85064,PROD0248,0.24,473.81,3.0,False
848,ORD000849,CUST0349,2025-01-18,Sports,189.89,2,Cash on Delivery,Cancelled,Kristaview,Florida,94117,PROD0249,0.0,379.78,2.0,False
849,ORD000850,CUST0350,2025-03-12,Sports,260.24,2,Credit Card,Returned,South Michael,Vermont,83174,PROD0250,0.04,499.66,2.0,False
850,ORD000851,CUST0351,2024-08-14,Books,445.08,4,Cash on Delivery,Delivered,Stewartfort,Georgia,27066,PROD0251,0.28,1281.83,3.0,False
851,ORD000852,CUST0352,2024-07-24,Beauty,369.95,1,Credit Card,Pending,New Kyleton,Alabama,99815,PROD0252,0.14,318.16,3.0,False
852,ORD000853,CUST0353,2025-02-14,Sports,7.55,3,Net Banking,Cancelled,Gibsonside,Mississippi,9780,PROD0253,0.02,22.2,1.0,False
853,ORD000854,CUST0354,2025-05-28,Beauty,348.61,3,Credit Card,Delivered,East Maria,Tennessee,55093,PROD0254,0.18,857.58,3.0,False
854,ORD000855,CUST0355,2024-08-11,Electronics,460.16,1,PayPal,Returned,Jordanview,Vermont,36892,PROD0255,0.14,395.74,2.0,False
855,ORD000856,CUST0356,2025-03-11,Sports,356.68,3,Debit Card,Pending,Lake Angelica,Maine,76462,PROD0256,0.03,1037.94,5.0,False
856,ORD000857,CUST0357,2025-06-01,Books,92.62,4,Cash on Delivery,Pending,Franklinstad,Texas,86479,PROD0257,0.1,333.43,3.0,False
857,ORD000858,CUST0358,2024-10-06,Books,244.34,3,Debit Card,Cancelled,Port Danielchester,Wyoming,80446,PROD0258,0.18,601.08,2.0,False
858,ORD000859,CUST0359,2024-09-26,Sports,74.46,4,Credit Card,Delivered,Grossfurt,Virginia,46381,PROD0259,0.19,241.25,2.0,True
859,ORD000860,CUST0360,2025-04-09,Books,182.7,2,Credit Card,Pending,North Patricia,Louisiana,83768,PROD0260,0.27,266.74,5.0,False
860,ORD000861,CUST0361,2025-04-18,Beauty,468.87,3,Debit Card,Returned,South Kaylaview,Montana,1028,PROD0261,0.15,1195.62,4.0,False
861,ORD000862,CUST0362,2024-06-20,Home,462.04,1,Net Banking,Pending,Amberside,Oklahoma,89807,PROD0262,0.03,448.18,4.0,False
862,ORD000863,CUST0363,2025-02-17,Home,145.0,4,Cash on Delivery,Pending,Smithstad,Nevada,81303,PROD0263,0.03,562.6,3.0,False
863,ORD000864,CUST0364,2025-04-12,Clothing,173.12,4,Net Banking,Returned,Lake Travis,Mississippi,34075,PROD0264,0.13,602.46,4.0,False
864,ORD000865,CUST0365,2025-06-02,Clothing,302.11,2,Credit Card,Delivered,New Kristina,Florida,56179,PROD0265,0.06,567.97,4.0,False
865,ORD000866,CUST0366,2024-11-01,Books,481.78,2,PayPal,Returned,Port Robin,Wisconsin,2237,PROD0266,0.28,693.76,2.0,False
866,ORD000867,CUST0367,2025-03-19,Beauty,78.16,1,Debit Card,Returned,South Joshua,Nebraska,67129,PROD0267,0.06,73.47,1.0,False
867,ORD000868,CUST0368,2024-10-19,Sports,132.17,3,Net Banking,Cancelled,Garciabury,Tennessee,60587,PROD0268,0.11,352.89,3.0,False
868,ORD000869,CUST0369,2024-12-21,Books,437.41,2,PayPal,Pending,North David,Missouri,47617,PROD0269,0.15,743.6,,False
869,ORD000870,CUST0370,2025-01-16,Home,248.49,4,Cash on Delivery,Returned,Castrotown,Kansas,16954,PROD0270,0.1,894.56,1.0,False
870,ORD000871,CUST0371,2025-03-07,Beauty,449.99,4,Credit Card,Cancelled,New Christopherberg,Nebraska,98502,PROD0271,0.2,1439.97,4.0,False
871,ORD000872,CUST0372,2025-05-31,Electronics,96.83,4,Net Banking,Cancelled,Penaton,Kentucky,57317,PROD0272,0.18,317.6,5.0,False
872,ORD000873,CUST0373,2024-10-22,Electronics,268.67,4,PayPal,Delivered,North Christopher,New Jersey,97801,PROD0273,0.28,773.77,1.0,True
873,ORD000874,CUST0374,2024-12-28,Home,166.5,4,PayPal,Delivered,Reedhaven,California,9042,PROD0274,0.25,499.5,2.0,True
874,ORD000875,CUST0375,2024-08-20,Home,161.69,3,Net Banking,Cancelled,Russellfort,Kentucky,60006,PROD0275,0.18,397.76,4.0,False
875,ORD000876,CUST0376,2024-09-09,Electronics,226.2,4,Debit Card,Cancelled,Webbmouth,North Carolina,57919,PROD0276,0.13,787.18,1.0,False
876,ORD000877,CUST0377,2025-04-18,Books,219.37,3,Cash on Delivery,Returned,Laurieville,Colorado,59149,PROD0277,0.18,539.65,5.0,False
877,ORD000878,CUST0378,2024-12-08,Beauty,181.89,3,Cash on Delivery,Pending,Lake Angelaview,Texas,58301,PROD0278,0.19,441.99,2.0,False
878,ORD000879,CUST0379,2024-08-27,Beauty,457.91,4,PayPal,Delivered,Anthonyville,Maryland,94581,PROD0279,0.08,1685.11,1.0,True
879,ORD000880,CUST0380,2024-11-03,Sports,367.21,1,PayPal,Cancelled,Daltonstad,Missouri,10699,PROD0280,0.05,348.85,2.0,False
880,ORD000881,CUST0381,2025-04-13,Electronics,365.14,4,PayPal,Cancelled,Lake Laurieland,Virginia,94663,PROD0281,0.16,1226.87,4.0,False
881,ORD000882,CUST0382,2025-04-16,Clothing,148.51,3,Net Banking,Delivered,Lake Martinstad,Iowa,67042,PROD0282,0.09,405.43,5.0,True
882,ORD000883,CUST0383,2025-02-03,Clothing,290.97,4,Cash on Delivery,Returned,Barnettburgh,Maine,33716,PROD0283,0.12,1024.21,3.0,False
883,ORD000884,CUST0384,2024-06-24,Sports,390.69,2,Credit Card,Cancelled,Robertfurt,Alaska,15963,PROD0284,0.0,781.38,4.0,False
884,ORD000885,CUST0385,2024-07-11,Home,398.82,2,Cash on Delivery,Delivered,Port Timothyville,Virginia,22565,PROD0285,0.2,638.11,3.0,False
885,ORD000886,CUST0386,2024-07-28,Beauty,175.54,1,Debit Card,Pending,North Stacy,Alabama,26275,PROD0286,0.02,172.03,4.0,False
886,ORD000887,CUST0387,2024-07-08,Books,386.58,4,Credit Card,Pending,Butlerport,West Virginia,13411,PROD0287,0.22,1206.13,3.0,False
887,ORD000888,CUST0388,2025-06-11,Clothing,369.27,2,Cash on Delivery,Cancelled,Josephshire,Virginia,70972,PROD0288,0.06,694.23,4.0,False
888,ORD000889,CUST0389,2024-11-08,Home,75.05,3,Credit Card,Delivered,Jonathantown,Mississippi,32178,PROD0289,0.05,213.89,4.0,False
889,ORD000890,CUST0390,2025-01-17,Beauty,433.64,2,Cash on Delivery,Pending,Robinsonmouth,Montana,87386,PROD0290,0.18,711.17,4.0,False
890,ORD000891,CUST0391,2025-04-25,Electronics,223.45,1,Credit Card,Pending,Halemouth,Colorado,4832,PROD0291,0.3,156.42,5.0,False
891,ORD000892,CUST0392,2024-09-12,Beauty,245.77,3,Debit Card,Delivered,Kimberlyhaven,Connecticut,34297,PROD0292,0.13,641.46,4.0,True
892,ORD000893,CUST0393,2025-02-12,Sports,226.94,3,Cash on Delivery,Cancelled,Gallowayside,Hawaii,21477,PROD0293,0.26,503.81,3.0,False
893,ORD000894,CUST0394,2024-12-22,Books,286.08,1,Credit Card,Returned,Bradleychester,Utah,14084,PROD0294,0.02,280.36,5.0,False
894,ORD000895,CUST0395,2024-07-19,Home,312.48,2,PayPal,Pending,West Nathanport,Louisiana,99269,PROD0295,0.15,531.22,4.0,False
895,ORD000896,CUST0396,2024-11-17,Home,251.6,3,Cash on Delivery,Delivered,Lake Jack,New Hampshire,63092,PROD0296,0.2,603.84,1.0,False
896,ORD000897,CUST0397,2025-06-02,Electronics,434.06,2,Credit Card,Returned,Tonyafort,New Hampshire,81116,PROD0297,0.11,772.63,5.0,False
897,ORD000898,CUST0398,2024-12-21,Sports,315.73,3,Cash on Delivery,Cancelled,Chadville,Kansas,54670,PROD0298,0.04,909.3,5.0,False
898,ORD000899,CUST0399,2024-09-10,Sports,203.71,1,PayPal,Delivered,Colechester,Idaho,89780,PROD0299,0.0,203.71,1.0,False
899,ORD000900,CUST0400,2024-06-14,Electronics,211.26,4,Cash on Delivery,Returned,Lopezside,Indiana,19052,PROD0300,0.12,743.64,4.0,False
900,ORD000901,CUST0401,2025-03-23,Home,406.37,2,Credit Card,Delivered,Sandersberg,Colorado,48335,PROD0001,0.22,633.94,,False
901,ORD000902,CUST0402,2025-02-05,Electronics,177.36,1,PayPal,Returned,Ryanland,Minnesota,49762,PROD0002,0.3,124.15,4.0,False
902,ORD000903,CUST0403,2024-11-14,Beauty,109.67,4,Credit Card,Pending,Port Peterfurt,Tennessee,45267,PROD0003,0.14,377.26,3.0,False
903,ORD000904,CUST0404,2024-08-19,Beauty,34.39,4,Cash on Delivery,Pending,Burnsmouth,New Hampshire,34100,PROD0004,0.09,125.18,4.0,False
904,ORD000905,CUST0405,2025-05-16,Sports,438.63,4,Net Banking,Pending,Markstad,Wyoming,12680,PROD0005,0.1,1579.07,3.0,False
905,ORD000906,CUST0406,2025-01-03,Clothing,459.68,1,Credit Card,Cancelled,West Charleneborough,Wyoming,13558,PROD0006,0.03,445.89,4.0,False
906,ORD000907,CUST0407,2025-05-03,Beauty,64.46,3,Debit Card,Cancelled,Williamsland,Alaska,45862,PROD0007,0.14,166.31,4.0,False
907,ORD000908,CUST0408,2025-05-03,Books,170.56,1,Debit Card,Cancelled,Lake Allisonton,Virginia,49021,PROD0008,0.19,138.15,4.0,False
908,ORD000909,CUST0409,2025-01-24,Home,91.81,2,Net Banking,Delivered,West Jessicaton,Washington,74333,PROD0009,0.19,148.73,3.0,False
909,ORD000910,CUST0410,2024-11-04,Clothing,62.37,4,Debit Card,Cancelled,Lake Michaelburgh,Nevada,68872,PROD0010,0.0,249.48,2.0,False
910,ORD000911,CUST0411,2025-04-24,Electronics,450.43,3,PayPal,Delivered,Patrickland,Oregon,24827,PROD0011,0.19,1094.54,3.0,True
911,ORD000912,CUST0412,2025-05-11,Beauty,33.15,3,Debit Card,Delivered,Michaelland,New Jersey,13908,PROD0012,0.2,79.56,3.0,False
912,ORD000913,CUST0413,2025-04-02,Electronics,490.34,1,Debit Card,Delivered,Port Jeffreyview,Mississippi,63421,PROD0013,0.15,416.79,4.0,False
913,ORD000914,CUST0414,2024-10-21,Sports,52.74,3,Cash on Delivery,Returned,West Mary,Wyoming,55596,PROD0014,0.28,113.92,3.0,False
914,ORD000915,CUST0415,2025-02-19,Sports,432.42,1,Credit Card,Delivered,Port Jamesview,Wyoming,45644,PROD0015,0.08,397.83,4.0,True
915,ORD000916,CUST0416,2024-08-26,Books,285.42,3,Credit Card,Delivered,Port Kimberlymouth,North Carolina,65909,PROD0016,0.26,633.63,2.0,False
916,ORD000917,CUST0417,2025-05-18,Clothing,187.12,4,Net Banking,Cancelled,Lake Robin,Oregon,70042,PROD0017,0.05,711.06,4.0,False
917,ORD000918,CUST0418,2025-03-16,Clothing,174.46,2,Cash on Delivery,Pending,Hodgesfort,Alaska,6234,PROD0018,0.08,321.01,4.0,False
918,ORD000919,CUST0419,2024-10-10,Sports,379.9,1,Debit Card,Cancelled,Michaeltown,Florida,72310,PROD0019,0.06,357.11,2.0,False
919,ORD000920,CUST0420,2025-05-13,Electronics,160.71,2,PayPal,Delivered,Ericport,New York,25284,PROD0020,0.27,234.64,4.0,True
920,ORD000921,CUST0421,2024-06-28,Beauty,330.37,2,Debit Card,Delivered,North Sharonside,Wyoming,65306,PROD0021,0.24,502.16,1.0,True
921,ORD000922,CUST0422,2025-04-13,Electronics,261.08,2,Debit Card,Delivered,Lake Megan,Montana,79979,PROD0022,0.14,449.06,,False
922,ORD000923,CUST0423,2025-04-13,Electronics,245.06,3,Cash on Delivery,Returned,Kennethville,Maine,80405,PROD0023,0.11,654.31,3.0,False
923,ORD000924,CUST0424,2025-05-02,Clothing,451.08,4,Credit Card,Returned,Michellefort,Illinois,51237,PROD0024,0.0,1804.32,1.0,False
924,ORD000925,CUST0425,2025-02-21,Beauty,279.55,4,Credit Card,Returned,Port Darrenview,Arkansas,25081,PROD0025,0.21,883.38,4.0,False
925,ORD000926,CUST0426,2025-05-15,Books,414.3,2,Debit Card,Returned,Robinsonfort,Illinois,89612,PROD0026,0.29,588.31,2.0,False
926,ORD000927,CUST0427,2025-04-29,Sports,364.16,2,PayPal,Cancelled,West Robert,South Carolina,42761,PROD0027,0.23,560.81,4.0,False
927,ORD000928,CUST0428,2025-02-03,Electronics,24.09,4,PayPal,Cancelled,Samanthafurt,Vermont,58665,PROD0028,0.07,89.61,4.0,False
928,ORD000929,CUST0429,2025-02-20,Books,387.69,3,Cash on Delivery,Returned,South Diana,Georgia,86156,PROD0029,0.08,1070.02,5.0,False
929,ORD000930,CUST0430,2024-07-16,Books,112.35,3,Net Banking,Delivered,Matthewview,Tennessee,14145,PROD0030,0.13,293.23,5.0,False
930,ORD000931,CUST0431,2024-10-16,Beauty,452.06,1,Credit Card,Cancelled,Lake Peterberg,Iowa,13090,PROD0031,0.12,397.81,3.0,False
931,ORD000932,CUST0432,2024-12-18,Electronics,26.25,4,Credit Card,Returned,Margaretbury,Georgia,43227,PROD0032,0.07,97.65,3.0,False
932,ORD000933,CUST0433,2024-06-30,Sports,169.87,4,Debit Card,Cancelled,New Thomas,Washington,24657,PROD0033,0.24,516.4,,False
933,ORD000934,CUST0434,2024-08-17,Books,54.37,4,PayPal,Cancelled,East Tylertown,Massachusetts,3868,PROD0034,0.24,165.28,3.0,False
934,ORD000935,CUST0435,2024-09-21,Sports,240.42,3,Debit Card,Delivered,Byrdfort,Indiana,52908,PROD0035,0.21,569.8,3.0,True
935,ORD000936,CUST0436,2024-07-10,Sports,410.91,3,Credit Card,Delivered,Davidchester,Montana,83187,PROD0036,0.0,1232.73,5.0,False
936,ORD000937,CUST0437,2025-04-19,Sports,152.6,1,Credit Card,Pending,West Robin,Kansas,70870,PROD0037,0.28,109.87,2.0,False
937,ORD000938,CUST0438,2024-11-10,Beauty,79.71,4,Net Banking,Pending,Sanchezton,New York,6171,PROD0038,0.1,286.96,3.0,False
938,ORD000939,CUST0439,2025-04-09,Electronics,168.48,1,Cash on Delivery,Delivered,Wrighttown,Wisconsin,87236,PROD0039,0.01,166.8,3.0,True
939,ORD000940,CUST0440,2024-12-15,Home,407.87,4,Debit Card,Returned,Annamouth,Texas,6459,PROD0040,0.19,1321.5,4.0,False
940,ORD000941,CUST0441,2024-08-10,Beauty,74.49,4,Debit Card,Cancelled,Cookport,New Hampshire,4769,PROD0041,0.22,232.41,3.0,False
941,ORD000942,CUST0442,2025-01-26,Books,117.54,4,Debit Card,Pending,Jacobland,Maine,91318,PROD0042,0.2,376.13,5.0,False
942,ORD000943,CUST0443,2024-09-26,Sports,39.08,1,Credit Card,Delivered,North Dana,Massachusetts,68047,PROD0043,0.12,34.39,4.0,True
943,ORD000944,CUST0444,2024-11-10,Electronics,354.33,2,Cash on Delivery,Returned,Lake Deborah,Utah,26293,PROD0044,0.26,524.41,5.0,False
944,ORD000945,CUST0445,2024-08-09,Books,200.64,3,Cash on Delivery,Returned,Port Michele,Maryland,2176,PROD0045,0.11,535.71,3.0,False
945,ORD000946,CUST0446,2025-05-19,Electronics,158.87,3,Cash on Delivery,Delivered,Monicamouth,Iowa,66730,PROD0046,0.16,400.35,5.0,False
946,ORD000947,CUST0447,2025-01-07,Books,360.72,1,Net Banking,Cancelled,Zamoraside,Washington,49578,PROD0047,0.28,259.72,2.0,False
947,ORD000948,CUST0448,2025-06-11,Sports,171.31,1,Credit Card,Delivered,Lunafurt,Minnesota,10185,PROD0048,0.22,133.62,5.0,False
948,ORD000949,CUST0449,2024-07-02,Sports,365.25,3,Cash on Delivery,Returned,Johnsonbury,Hawaii,15172,PROD0049,0.03,1062.88,5.0,False
949,ORD000950,CUST0450,2025-04-30,Clothing,408.52,4,PayPal,Pending,Hansenmouth,Michigan,14918,PROD0050,0.23,1258.24,3.0,False
950,ORD000951,CUST0451,2024-08-22,Beauty,112.74,1,Credit Card,Pending,Rebeccaton,Kentucky,37503,PROD0051,0.27,82.3,4.0,False
951,ORD000952,CUST0452,2025-05-21,Beauty,487.04,4,Debit Card,Returned,Powersland,West Virginia,40209,PROD0052,0.25,1461.12,,False
952,ORD000953,CUST0453,2024-09-29,Home,85.37,3,Net Banking,Delivered,East Jonathon,Mississippi,17783,PROD0053,0.14,220.25,2.0,True
953,ORD000954,CUST0454,2025-03-10,Beauty,148.97,3,Credit Card,Returned,Guzmantown,Pennsylvania,18260,PROD0054,0.25,335.18,4.0,False
954,ORD000955,CUST0455,2025-06-12,Home,94.0,3,Cash on Delivery,Returned,North Julianhaven,Florida,30474,PROD0055,0.02,276.36,1.0,False
955,ORD000956,CUST0456,2024-08-02,Home,176.03,4,Debit Card,Returned,South April,Washington,35034,PROD0056,0.08,647.79,3.0,False
956,ORD000957,CUST0457,2025-04-04,Electronics,242.63,1,PayPal,Returned,North Debbiemouth,Oklahoma,59491,PROD0057,0.26,179.55,2.0,False
957,ORD000958,CUST0458,2025-03-30,Clothing,263.48,3,Net Banking,Pending,North Davidborough,Montana,54036,PROD0058,0.01,782.54,4.0,False
958,ORD000959,CUST0459,2025-04-21,Clothing,427.53,4,Cash on Delivery,Returned,Stephanieton,Vermont,52047,PROD0059,0.12,1504.91,4.0,False
959,ORD000960,CUST0460,2024-11-16,Electronics,445.28,4,Net Banking,Pending,Lake Patricia,Texas,42486,PROD0060,0.26,1318.03,,False
960,ORD000961,CUST0461,2024-06-19,Books,113.95,2,Net Banking,Pending,South Coltonstad,Delaware,86138,PROD0061,0.13,198.27,,False
961,ORD000962,CUST0462,2024-09-15,Home,313.33,3,Debit Card,Returned,Port Jennifer,Montana,878,PROD0062,0.03,911.79,5.0,False
962,ORD000963,CUST0463,2025-04-03,Clothing,60.19,1,Net Banking,Pending,East Gary,Kansas,2398,PROD0063,0.14,51.76,4.0,False
963,ORD000964,CUST0464,2024-12-03,Home,232.19,3,Cash on Delivery,Returned,West Danielborough,Oklahoma,27692,PROD0064,0.22,543.32,5.0,False
964,ORD000965,CUST0465,2025-01-25,Sports,164.56,2,Debit Card,Pending,Marissamouth,Texas,60718,PROD0065,0.09,299.5,3.0,False
965,ORD000966,CUST0466,2024-07-16,Home,161.67,3,Cash on Delivery,Cancelled,Leahville,Hawaii,30948,PROD0066,0.27,354.06,2.0,False
966,ORD000967,CUST0467,2024-07-07,Electronics,243.88,2,Cash on Delivery,Cancelled,Rodriguezbury,Oklahoma,79233,PROD0067,0.28,351.19,4.0,False
967,ORD000968,CUST0468,2025-01-21,Books,366.26,2,PayPal,Pending,Ramoston,Maine,73819,PROD0068,0.05,695.89,4.0,False
968,ORD000969,CUST0469,2024-09-02,Electronics,39.25,3,Cash on Delivery,Pending,West Danielleberg,Texas,96985,PROD0069,0.03,114.22,5.0,False
969,ORD000970,CUST0470,2025-01-28,Clothing,440.19,1,Net Banking,Delivered,East Lisa,Texas,83593,PROD0070,0.09,400.57,1.0,True
970,ORD000971,CUST0471,2024-08-19,Beauty,368.73,3,PayPal,Returned,South Robert,Ohio,22735,PROD0071,0.14,951.32,5.0,False
971,ORD000972,CUST0472,2025-04-17,Clothing,92.37,4,Credit Card,Cancelled,Harrisburgh,Wyoming,32385,PROD0072,0.05,351.01,4.0,False
972,ORD000973,CUST0473,2025-02-11,Books,469.88,4,Credit Card,Cancelled,Adamsberg,Alabama,28045,PROD0073,0.07,1747.95,5.0,False
973,ORD000974,CUST0474,2025-01-08,Books,255.62,2,Credit Card,Returned,West Kellyborough,Oregon,85085,PROD0074,0.28,368.09,4.0,False
974,ORD000975,CUST0475,2025-01-09,Electronics,499.91,4,Credit Card,Cancelled,South Kathleenburgh,Oklahoma,24510,PROD0075,0.21,1579.72,3.0,False
975,ORD000976,CUST0476,2024-11-04,Books,102.64,3,Cash on Delivery,Pending,West Jeff,Utah,31434,PROD0076,0.18,252.49,4.0,False
976,ORD000977,CUST0477,2025-05-31,Books,269.78,4,PayPal,Delivered,Port Josephmouth,Maryland,46702,PROD0077,0.21,852.5,3.0,False
977,ORD000978,CUST0478,2024-08-17,Clothing,148.67,3,Cash on Delivery,Cancelled,Lake Jeffrey,Missouri,7893,PROD0078,0.0,446.01,5.0,False
978,ORD000979,CUST0479,2025-03-21,Sports,155.57,4,PayPal,Returned,Rodriguezbury,Rhode Island,70757,PROD0079,0.04,597.39,1.0,False
979,ORD000980,CUST0480,2025-05-02,Electronics,297.58,1,PayPal,Returned,Tonyachester,Kentucky,99304,PROD0080,0.21,235.09,4.0,False
980,ORD000981,CUST0481,2024-08-27,Electronics,461.25,4,Debit Card,Delivered,Phillipberg,Maine,79448,PROD0081,0.21,1457.55,4.0,False
981,ORD000982,CUST0482,2024-06-23,Home,403.61,2,PayPal,Delivered,Charlesland,Georgia,18883,PROD0082,0.26,597.34,2.0,True
982,ORD000983,CUST0483,2025-04-30,Home,363.35,1,Cash on Delivery,Delivered,Curtismouth,Alaska,91787,PROD0083,0.18,297.95,3.0,False
983,ORD000984,CUST0484,2024-12-14,Beauty,281.79,1,PayPal,Returned,Miabury,Kentucky,48255,PROD0084,0.17,233.89,3.0,False
984,ORD000985,CUST0485,2025-01-16,Sports,461.54,3,Credit Card,Cancelled,Markfort,South Dakota,34732,PROD0085,0.12,1218.47,4.0,False
985,ORD000986,CUST0486,2025-04-25,Sports,248.72,3,Credit Card,Delivered,West Charleston,Delaware,60829,PROD0086,0.24,567.08,4.0,True
986,ORD000987,CUST0487,2025-02-08,Electronics,437.55,2,Net Banking,Returned,Paulland,Arkansas,57368,PROD0087,0.26,647.57,4.0,False
987,ORD000988,CUST0488,2024-12-10,Electronics,417.82,2,Credit Card,Cancelled,Port Samuel,Kentucky,98442,PROD0088,0.14,718.65,3.0,False
988,ORD000989,CUST0489,2025-01-07,Home,110.85,2,Credit Card,Cancelled,Mendozaland,Minnesota,74951,PROD0089,0.11,197.31,2.0,False
989,ORD000990,CUST0490,2024-11-06,Sports,386.76,2,Net Banking,Pending,New Krystalborough,New York,52606,PROD0090,0.02,758.05,3.0,False
990,ORD000991,CUST0491,2025-01-28,Electronics,11.02,1,Net Banking,Returned,Lake Rogerville,Pennsylvania,22098,PROD0091,0.24,8.38,4.0,False
991,ORD000992,CUST0492,2025-06-02,Electronics,164.8,2,Net Banking,Returned,South Jessicabury,Alabama,93695,PROD0092,0.2,263.68,4.0,False
992,ORD000993,CUST0493,2024-10-26,Beauty,118.64,4,Debit Card,Cancelled,Velasquezmouth,New Jersey,52480,PROD0093,0.13,412.87,4.0,False
993,ORD000994,CUST0494,2025-06-04,Beauty,255.9,4,Cash on Delivery,Pending,Jenkinsborough,Indiana,52367,PROD0094,0.15,870.06,4.0,False
994,ORD000995,CUST0495,2025-04-16,Clothing,369.74,4,Debit Card,Cancelled,New Regina,Mississippi,12844,PROD0095,0.27,1079.64,2.0,False
995,ORD000996,CUST0496,2025-05-22,Beauty,53.35,2,Net Banking,Pending,West Corey,Minnesota,84298,PROD0096,0.26,78.96,4.0,False
996,ORD000997,CUST0497,2025-04-19,Home,259.89,4,Cash on Delivery,Delivered,Martinezview,Pennsylvania,80189,PROD0097,0.05,987.58,2.0,False
997,ORD000998,CUST0498,2025-03-01,Beauty,469.51,3,Debit Card,Returned,South Joseph,Oklahoma,69177,PROD0098,0.25,1056.4,5.0,False
998,ORD000999,CUST0499,2024-12-13,Books,118.18,1,Credit Card,Cancelled,Port Angelaville,Nevada,97699,PROD0099,0.15,100.45,4.0,False
999,ORD001000,CUST0500,2024-07-09,Clothing,340.18,2,Credit Card,Delivered,East Samuelhaven,Pennsylvania,77507,PROD0100,0.03,659.95,2.0,False
1000,ORD001001,CUST0001,2024-11-29,Home,298.48,1,Cash on Delivery,Returned,West Edward,Tennessee,88182,PROD0101,0.09,271.62,5.0,False
1001,ORD001002,CUST0002,2025-06-06,Home,9.98,3,PayPal,Delivered,Angelashire,Maryland,71302,PROD0102,0.21,23.65,4.0,True
1002,ORD001003,CUST0003,2025-05-08,Clothing,240.53,1,Credit Card,Pending,Bradleychester,Nebraska,86455,PROD0103,0.27,175.59,4.0,False
1003,ORD001004,CUST0004,2024-12-22,Sports,355.84,1,Net Banking,Cancelled,Millsland,Maryland,78356,PROD0104,0.03,345.16,3.0,False
1004,ORD001005,CUST0005,2025-04-20,Electronics,26.77,2,Debit Card,Returned,Charlesville,Oregon,50942,PROD0105,0.18,43.9,4.0,False
1005,ORD001006,CUST0006,2024-12-04,Beauty,440.36,1,Cash on Delivery,Returned,East Randyfort,Delaware,34461,PROD0106,0.2,352.29,3.0,False
1006,ORD001007,CUST0007,2025-05-27,Home,262.44,2,Debit Card,Returned,Christophertown,Arkansas,52785,PROD0107,0.08,482.89,4.0,False
1007,ORD001008,CUST0008,2025-04-24,Beauty,20.18,3,Credit Card,Cancelled,Ortizport,Michigan,16734,PROD0108,0.23,46.62,4.0,False
1008,ORD001009,CUST0009,2025-02-04,Electronics,116.08,4,PayPal,Pending,Shawntown,Delaware,4804,PROD0109,0.03,450.39,2.0,False
1009,ORD001010,CUST0010,2025-04-29,Clothing,477.07,2,Debit Card,Returned,South Georgeshire,Nevada,82418,PROD0110,0.07,887.35,5.0,False
1010,ORD001011,CUST0011,2024-12-12,Electronics,293.25,3,Net Banking,Delivered,Michaelfort,South Dakota,52482,PROD0111,0.0,879.75,3.0,True
1011,ORD001012,CUST0012,2024-11-17,Books,58.2,3,Net Banking,Pending,Barrettshire,Arkansas,16778,PROD0112,0.15,148.41,2.0,False
1012,ORD001013,CUST0013,2025-02-08,Beauty,147.33,2,Net Banking,Returned,Mckenzieview,Mississippi,78067,PROD0113,0.08,271.09,4.0,False
1013,ORD001014,CUST0014,2024-08-07,Electronics,231.07,2,Cash on Delivery,Delivered,South Charlesville,Louisiana,32094,PROD0114,0.02,452.9,4.0,False
1014,ORD001015,CUST0015,2025-05-18,Sports,15.37,1,Credit Card,Delivered,Stephensfort,Missouri,82309,PROD0115,0.26,11.37,3.0,False
1015,ORD001016,CUST0016,2024-11-12,Home,208.75,2,Net Banking,Cancelled,Humphreyfort,New Hampshire,65107,PROD0116,0.06,392.45,4.0,False
1016,ORD001017,CUST0017,2025-03-07,Sports,247.28,4,Debit Card,Pending,Benjaminmouth,Florida,2661,PROD0117,0.17,820.97,4.0,False
1017,ORD001018,CUST0018,2024-11-28,Beauty,125.62,4,Debit Card,Cancelled,West Jenniferhaven,Alaska,7145,PROD0118,0.08,462.28,3.0,False
1018,ORD001019,CUST0019,2024-06-27,Home,296.38,4,PayPal,Cancelled,West David,Ohio,43002,PROD0119,0.18,972.13,2.0,False
1019,ORD001020,CUST0020,2024-11-12,Electronics,377.85,3,PayPal,Cancelled,Jenkinsburgh,Kansas,12639,PROD0120,0.2,906.84,4.0,False
1020,ORD001021,CUST0021,2024-09-27,Beauty,121.74,4,Credit Card,Cancelled,North Tyler,Maryland,63779,PROD0121,0.22,379.83,3.0,False
1021,ORD001022,CUST0022,2024-06-27,Sports,312.15,4,Debit Card,Returned,Lopezville,Maine,37152,PROD0122,0.09,1136.23,3.0,False
1022,ORD001023,CUST0023,2025-05-07,Home,321.61,1,Net Banking,Cancelled,North Shannonton,Alaska,61419,PROD0123,0.01,318.39,3.0,False
1023,ORD001024,CUST0024,2025-04-04,Beauty,474.53,2,Credit Card,Returned,Rogerburgh,Kentucky,95445,PROD0124,0.26,702.3,4.0,False
1024,ORD001025,CUST0025,2025-06-09,Books,390.25,1,Net Banking,Pending,Cherylfort,Texas,8568,PROD0125,0.29,277.08,1.0,False
1025,ORD001026,CUST0026,2025-04-22,Beauty,424.93,1,Net Banking,Delivered,Lewisberg,Connecticut,12831,PROD0126,0.27,310.2,3.0,True
1026,ORD001027,CUST0027,2024-10-06,Beauty,247.76,3,PayPal,Delivered,New Juliebury,Illinois,8887,PROD0127,0.02,728.41,2.0,False
1027,ORD001028,CUST0028,2024-09-01,Home,96.75,3,PayPal,Delivered,East Jorge,Missouri,7011,PROD0128,0.24,220.59,5.0,False
1028,ORD001029,CUST0029,2024-07-06,Home,497.93,3,Net Banking,Returned,New Janice,Florida,23845,PROD0129,0.15,1269.72,3.0,False
1029,ORD001030,CUST0030,2025-01-31,Sports,69.03,2,Cash on Delivery,Cancelled,North Toni,Arizona,33948,PROD0130,0.19,111.83,3.0,False
1030,ORD001031,CUST0031,2024-10-12,Beauty,238.37,3,Cash on Delivery,Returned,Carlchester,Arizona,5981,PROD0131,0.18,586.39,1.0,False
1031,ORD001032,CUST0032,2024-10-09,Electronics,38.71,4,Debit Card,Cancelled,Caseybury,Illinois,59452,PROD0132,0.16,130.07,2.0,False
1032,ORD001033,CUST0033,2024-11-06,Sports,472.21,1,Debit Card,Delivered,West Emilyville,Arizona,90174,PROD0133,0.2,377.77,1.0,False
1033,ORD001034,CUST0034,2025-06-10,Clothing,482.64,3,Net Banking,Cancelled,Serranoland,New Jersey,67607,PROD0134,0.18,1187.29,3.0,False
1034,ORD001035,CUST0035,2025-02-10,Beauty,361.1,1,Cash on Delivery,Pending,Carrshire,South Dakota,3576,PROD0135,0.17,299.71,5.0,False
1035,ORD001036,CUST0036,2024-10-23,Sports,178.25,3,Net Banking,Delivered,East Stevenmouth,Texas,17064,PROD0136,0.04,513.36,4.0,False
1036,ORD001037,CUST0037,2025-06-07,Sports,130.92,4,PayPal,Returned,New Samantha,Ohio,26956,PROD0137,0.26,387.52,5.0,False
1037,ORD001038,CUST0038,2025-05-02,Sports,136.33,1,Credit Card,Pending,Lukeview,Georgia,84269,PROD0138,0.23,104.97,2.0,False
1038,ORD001039,CUST0039,2024-08-27,Beauty,68.01,2,Net Banking,Returned,East Dennis,Utah,5351,PROD0139,0.29,96.57,4.0,False
1039,ORD001040,CUST0040,2024-09-18,Sports,265.28,1,Credit Card,Delivered,West Josephmouth,Utah,89783,PROD0140,0.24,201.61,4.0,True
1040,ORD001041,CUST0041,2024-08-10,Sports,75.2,1,PayPal,Cancelled,Shermanton,North Dakota,97920,PROD0141,0.17,62.42,3.0,False
1041,ORD001042,CUST0042,2024-09-25,Clothing,161.78,4,Debit Card,Cancelled,Port Jessicastad,Colorado,85790,PROD0142,0.28,465.93,2.0,False
1042,ORD001043,CUST0043,2025-01-18,Electronics,315.22,2,Cash on Delivery,Cancelled,South Stephanieberg,Hawaii,94263,PROD0143,0.2,504.35,4.0,False
1043,ORD001044,CUST0044,2025-01-24,Sports,365.13,2,PayPal,Returned,Williamschester,Michigan,66372,PROD0144,0.09,664.54,4.0,False
1044,ORD001045,CUST0045,2024-11-24,Sports,17.01,3,Credit Card,Cancelled,West Matthew,Illinois,12519,PROD0145,0.05,48.48,3.0,False
1045,ORD001046,CUST0046,2024-07-08,Books,217.91,3,Net Banking,Delivered,Lake Zachary,New Hampshire,30402,PROD0146,0.18,536.06,5.0,True
1046,ORD001047,CUST0047,2024-07-09,Sports,327.8,2,Credit Card,Returned,Lake Nathanfurt,Oregon,90440,PROD0147,0.22,511.37,3.0,False
1047,ORD001048,CUST0048,2024-11-17,Home,427.36,2,Net Banking,Pending,Danielchester,Illinois,14442,PROD0148,0.25,641.04,3.0,False
1048,ORD001049,CUST0049,2024-08-24,Sports,240.29,2,Credit Card,Returned,Lake Billyshire,Utah,4250,PROD0149,0.09,437.33,4.0,False
1049,ORD001050,CUST0050,2025-03-16,Beauty,484.76,3,Net Banking,Returned,West Melissa,Iowa,5256,PROD0150,0.27,1061.62,3.0,False
1050,ORD001051,CUST0051,2024-12-03,Beauty,136.49,3,Credit Card,Cancelled,Blakestad,Michigan,40725,PROD0151,0.17,339.86,3.0,False
1051,ORD001052,CUST0052,2024-09-25,Sports,11.69,4,Credit Card,Returned,Carolfurt,Alabama,64273,PROD0152,0.22,36.47,2.0,False
1052,ORD001053,CUST0053,2025-03-17,Sports,244.46,2,Net Banking,Pending,Port Katrina,New Jersey,32296,PROD0153,0.24,371.58,2.0,False
1053,ORD001054,CUST0054,2025-03-19,Beauty,131.78,4,Cash on Delivery,Returned,New Dwayneville,Washington,6004,PROD0154,0.28,379.53,5.0,False
1054,ORD001055,CUST0055,2024-06-27,Electronics,412.74,2,Cash on Delivery,Returned,East Kevin,Idaho,72019,PROD0155,0.09,751.19,4.0,False
1055,ORD001056,CUST0056,2025-01-14,Clothing,120.22,4,PayPal,Cancelled,Bennettberg,New Hampshire,68832,PROD0156,0.12,423.17,3.0,False
1056,ORD001057,CUST0057,2024-10-16,Clothing,158.76,1,Debit Card,Cancelled,Johnsonmouth,North Dakota,58516,PROD0157,0.27,115.89,4.0,False
1057,ORD001058,CUST0058,2024-06-18,Beauty,396.66,2,Debit Card,Returned,Port Brookeshire,Texas,66235,PROD0158,0.25,594.99,,False
1058,ORD001059,CUST0059,2024-12-12,Books,359.0,4,Debit Card,Delivered,Clarkberg,Maine,35864,PROD0159,0.12,1263.68,3.0,False
1059,ORD001060,CUST0060,2024-07-07,Sports,281.24,3,PayPal,Returned,Tammymouth,Oregon,55158,PROD0160,0.14,725.6,3.0,False
1060,ORD001061,CUST0061,2025-04-17,Clothing,353.95,3,PayPal,Delivered,East Elizabethmouth,Hawaii,26642,PROD0161,0.22,828.24,4.0,False
1061,ORD001062,CUST0062,2024-06-17,Home,212.23,4,Debit Card,Cancelled,Pamelaville,Colorado,26917,PROD0162,0.02,831.94,3.0,False
1062,ORD001063,CUST0063,2024-10-26,Beauty,7.63,2,Net Banking,Returned,Port Jeremyshire,Nebraska,45166,PROD0163,0.11,13.58,2.0,False
1063,ORD001064,CUST0064,2024-11-04,Beauty,10.62,3,PayPal,Pending,Lake Kimberlyside,Hawaii,40183,PROD0164,0.06,29.95,3.0,False
1064,ORD001065,CUST0065,2024-07-04,Clothing,258.05,4,Debit Card,Returned,Colemanshire,California,51947,PROD0165,0.16,867.05,4.0,False
1065,ORD001066,CUST0066,2024-09-19,Sports,46.23,4,Net Banking,Cancelled,North Felicia,Illinois,17837,PROD0166,0.23,142.39,3.0,False
1066,ORD001067,CUST0067,2024-08-04,Sports,30.28,2,Cash on Delivery,Pending,West Robert,Alabama,43755,PROD0167,0.04,58.14,4.0,False
1067,ORD001068,CUST0068,2025-06-02,Beauty,482.93,1,Cash on Delivery,Delivered,Armstrongfurt,South Carolina,9700,PROD0168,0.3,338.05,4.0,False
1068,ORD001069,CUST0069,2025-04-03,Clothing,430.21,3,Debit Card,Cancelled,Ashleyland,Texas,54771,PROD0169,0.14,1109.94,4.0,False
1069,ORD001070,CUST0070,2025-04-15,Sports,80.25,4,PayPal,Cancelled,North Sheriton,Connecticut,31974,PROD0170,0.23,247.17,2.0,False
1070,ORD001071,CUST0071,2024-09-22,Beauty,5.33,3,Debit Card,Cancelled,Lake Michael,Missouri,41445,PROD0171,0.11,14.23,4.0,False
1071,ORD001072,CUST0072,2025-04-30,Sports,471.13,4,PayPal,Cancelled,Cortezberg,Ohio,55637,PROD0172,0.15,1601.84,1.0,False
1072,ORD001073,CUST0073,2025-04-09,Electronics,142.77,2,PayPal,Pending,South Jamie,Florida,96413,PROD0173,0.29,202.73,3.0,False
1073,ORD001074,CUST0074,2024-07-23,Beauty,97.02,2,Credit Card,Cancelled,New Terristad,Vermont,30805,PROD0174,0.21,153.29,3.0,False
1074,ORD001075,CUST0075,2024-09-27,Electronics,347.3,3,Net Banking,Returned,East Dennismouth,West Virginia,84130,PROD0175,0.01,1031.48,4.0,False
1075,ORD001076,CUST0076,2025-06-11,Sports,58.91,2,Net Banking,Cancelled,Johnsonmouth,Vermont,74404,PROD0176,0.07,109.57,5.0,False
1076,ORD001077,CUST0077,2024-09-24,Home,136.0,3,Credit Card,Cancelled,Lake Eric,Maryland,9077,PROD0177,0.08,375.36,4.0,False
1077,ORD001078,CUST0078,2024-10-17,Home,487.67,1,Credit Card,Cancelled,Michaeltown,Nevada,13053,PROD0178,0.29,346.25,4.0,False
1078,ORD001079,CUST0079,2025-04-18,Sports,321.53,4,Net Banking,Pending,Richardview,New Mexico,3281,PROD0179,0.23,990.31,5.0,False
1079,ORD001080,CUST0080,2025-02-28,Sports,262.74,1,Debit Card,Cancelled,Bautistaview,South Dakota,11298,PROD0180,0.2,210.19,3.0,False
1080,ORD001081,CUST0081,2024-11-08,Home,201.97,3,PayPal,Returned,New Jamesborough,Ohio,8682,PROD0181,0.02,593.79,3.0,False
1081,ORD001082,CUST0082,2024-12-01,Books,388.38,2,Debit Card,Returned,Nicholasmouth,Iowa,92251,PROD0182,0.24,590.34,3.0,False
1082,ORD001083,CUST0083,2024-08-08,Clothing,74.77,3,Cash on Delivery,Returned,Wardburgh,Kentucky,1546,PROD0183,0.05,213.09,3.0,False
1083,ORD001084,CUST0084,2024-10-19,Beauty,483.83,2,PayPal,Delivered,Lake Jennifermouth,Wisconsin,99224,PROD0184,0.04,928.95,3.0,True
1084,ORD001085,CUST0085,2024-09-10,Beauty,431.26,3,PayPal,Cancelled,South Jake,New Hampshire,88135,PROD0185,0.26,957.4,3.0,False
1085,ORD001086,CUST0086,2024-08-08,Home,310.74,1,Net Banking,Cancelled,West Amandamouth,Arkansas,14198,PROD0186,0.0,310.74,,False
1086,ORD001087,CUST0087,2025-02-22,Clothing,26.24,4,Net Banking,Pending,Johnsonburgh,Oklahoma,30630,PROD0187,0.02,102.86,,False
1087,ORD001088,CUST0088,2025-01-29,Beauty,351.92,4,PayPal,Returned,North Karen,Ohio,21862,PROD0188,0.28,1013.53,4.0,False
1088,ORD001089,CUST0089,2024-12-31,Clothing,457.08,1,Net Banking,Cancelled,Lake Joshua,Florida,38759,PROD0189,0.08,420.51,5.0,False
1089,ORD001090,CUST0090,2024-10-10,Books,264.67,1,PayPal,Returned,Nelsonburgh,Maryland,63473,PROD0190,0.23,203.8,4.0,False
1090,ORD001091,CUST0091,2025-02-26,Home,180.34,1,PayPal,Cancelled,Jennaport,Indiana,49556,PROD0191,0.2,144.27,4.0,False
1091,ORD001092,CUST0092,2025-04-10,Beauty,64.54,3,Cash on Delivery,Delivered,Pearsonborough,Oregon,26063,PROD0192,0.03,187.81,2.0,False
1092,ORD001093,CUST0093,2024-07-04,Beauty,378.68,1,Debit Card,Pending,North Melissa,Mississippi,38259,PROD0193,0.24,287.8,2.0,False
1093,ORD001094,CUST0094,2025-04-08,Clothing,443.09,4,Net Banking,Returned,Alexbury,Idaho,75547,PROD0194,0.06,1666.02,5.0,False
1094,ORD001095,CUST0095,2024-08-29,Beauty,54.62,2,Credit Card,Returned,New Susanside,Nevada,74692,PROD0195,0.21,86.3,1.0,False
1095,ORD001096,CUST0096,2024-09-26,Home,380.7,4,Credit Card,Delivered,Sherylbury,Kentucky,58255,PROD0196,0.11,1355.29,4.0,True
1096,ORD001097,CUST0097,2024-11-19,Electronics,13.44,1,Debit Card,Cancelled,Lunamouth,Virginia,99821,PROD0197,0.16,11.29,5.0,False
1097,ORD001098,CUST0098,2024-09-23,Books,483.69,2,Debit Card,Cancelled,East Kendrafort,West Virginia,80777,PROD0198,0.28,696.51,4.0,False
1098,ORD001099,CUST0099,2025-05-02,Home,309.45,4,Cash on Delivery,Cancelled,Williamsfurt,North Dakota,62091,PROD0199,0.08,1138.78,2.0,False
1099,ORD001100,CUST0100,2025-03-25,Home,278.46,4,PayPal,Delivered,New Tiffany,Indiana,41185,PROD0200,0.09,1013.59,4.0,True
1100,ORD001101,CUST0101,2024-06-26,Home,151.5,4,Net Banking,Returned,East Rachelview,Washington,87329,PROD0201,0.09,551.46,2.0,False
1101,ORD001102,CUST0102,2024-10-19,Sports,465.0,1,Credit Card,Delivered,Hunterchester,Alabama,60127,PROD0202,0.11,413.85,3.0,False
1102,ORD001103,CUST0103,2024-09-08,Books,136.62,2,PayPal,Delivered,Stephanieshire,Vermont,77084,PROD0203,0.17,226.79,4.0,False
1103,ORD001104,CUST0104,2024-12-09,Books,414.93,1,Cash on Delivery,Cancelled,New Davidburgh,Oklahoma,59912,PROD0204,0.24,315.35,3.0,False
1104,ORD001105,CUST0105,2025-04-13,Home,492.63,3,Debit Card,Pending,Hallhaven,Indiana,72484,PROD0205,0.27,1078.86,4.0,False
1105,ORD001106,CUST0106,2024-07-19,Home,392.78,1,Credit Card,Pending,New Josephberg,Hawaii,53977,PROD0206,0.02,384.92,5.0,False
1106,ORD001107,CUST0107,2025-02-12,Clothing,261.9,1,Debit Card,Delivered,Lake Valerieborough,Texas,18371,PROD0207,0.2,209.52,3.0,True
1107,ORD001108,CUST0108,2024-12-06,Home,37.71,3,Cash on Delivery,Pending,Sanchezborough,Nevada,83469,PROD0208,0.18,92.77,2.0,False
1108,ORD001109,CUST0109,2024-08-01,Home,238.84,1,Debit Card,Pending,New Scottview,Minnesota,25513,PROD0209,0.18,195.85,5.0,False
1109,ORD001110,CUST0110,2025-01-15,Clothing,221.94,3,Debit Card,Delivered,East Tamaraborough,Texas,95859,PROD0210,0.24,506.02,3.0,False
1110,ORD001111,CUST0111,2024-10-21,Home,105.38,2,Cash on Delivery,Pending,Lisafort,Illinois,24975,PROD0211,0.28,151.75,3.0,False
1111,ORD001112,CUST0112,2025-06-02,Home,214.68,4,Credit Card,Delivered,Floresland,New Mexico,32319,PROD0212,0.22,669.8,,False
1112,ORD001113,CUST0113,2025-01-22,Beauty,182.09,2,PayPal,Delivered,North Hannahland,Louisiana,37613,PROD0213,0.05,345.97,3.0,False
1113,ORD001114,CUST0114,2024-09-03,Beauty,86.02,3,Cash on Delivery,Returned,North Stacey,South Carolina,22400,PROD0214,0.29,183.22,4.0,False
1114,ORD001115,CUST0115,2024-08-09,Sports,223.48,3,Cash on Delivery,Delivered,Port Annafort,Utah,58808,PROD0215,0.26,496.13,4.0,False
1115,ORD001116,CUST0116,2025-06-12,Electronics,135.09,3,Net Banking,Returned,Lake Christina,Maryland,59392,PROD0216,0.09,368.8,4.0,False
1116,ORD001117,CUST0117,2024-07-09,Sports,263.42,3,Debit Card,Pending,Staceyport,Michigan,27160,PROD0217,0.04,758.65,3.0,False
1117,ORD001118,CUST0118,2024-10-24,Sports,22.4,3,PayPal,Cancelled,Baileymouth,Rhode Island,88308,PROD0218,0.24,51.07,3.0,False
1118,ORD001119,CUST0119,2024-07-01,Clothing,453.58,1,Cash on Delivery,Delivered,West Heather,Texas,97691,PROD0219,0.29,322.04,2.0,False
1119,ORD001120,CUST0120,2025-05-13,Clothing,409.1,1,Credit Card,Cancelled,Ronniehaven,Idaho,70721,PROD0220,0.04,392.74,,False
1120,ORD001121,CUST0121,2025-06-02,Home,278.53,3,Cash on Delivery,Delivered,Davidmouth,North Dakota,11554,PROD0221,0.2,668.47,4.0,True
1121,ORD001122,CUST0122,2024-09-30,Clothing,426.65,1,Debit Card,Delivered,Lake Heidi,West Virginia,67642,PROD0222,0.0,426.65,3.0,False
1122,ORD001123,CUST0123,2025-01-27,Beauty,481.39,3,Cash on Delivery,Cancelled,South Scott,Texas,9347,PROD0223,0.01,1429.73,3.0,False
1123,ORD001124,CUST0124,2025-04-05,Sports,59.71,2,Credit Card,Cancelled,Gregoryside,Utah,26054,PROD0224,0.24,90.76,1.0,False
1124,ORD001125,CUST0125,2024-06-26,Electronics,317.26,4,Cash on Delivery,Returned,Romerochester,Indiana,13164,PROD0225,0.24,964.47,1.0,False
1125,ORD001126,CUST0126,2025-03-09,Home,499.01,3,Debit Card,Cancelled,West Anne,Maryland,60517,PROD0226,0.1,1347.33,5.0,False
1126,ORD001127,CUST0127,2024-07-10,Books,494.01,3,Cash on Delivery,Delivered,North Haley,Washington,77176,PROD0227,0.13,1289.37,1.0,True
1127,ORD001128,CUST0128,2024-06-16,Home,303.64,2,Credit Card,Delivered,Leroyton,Georgia,26551,PROD0228,0.23,467.61,4.0,False
1128,ORD001129,CUST0129,2025-05-22,Home,68.37,3,Debit Card,Returned,Montgomeryfurt,Alabama,15680,PROD0229,0.26,151.78,4.0,False
1129,ORD001130,CUST0130,2025-02-13,Beauty,293.68,2,Credit Card,Cancelled,Robertshire,Alabama,74265,PROD0230,0.08,540.37,4.0,False
1130,ORD001131,CUST0131,2024-08-30,Clothing,6.02,2,Debit Card,Delivered,East Caseyhaven,Minnesota,46213,PROD0231,0.24,9.15,4.0,True
1131,ORD001132,CUST0132,2024-08-31,Home,103.46,2,PayPal,Delivered,Bryantown,Maryland,2225,PROD0232,0.06,194.5,3.0,True
1132,ORD001133,CUST0133,2025-04-17,Clothing,478.28,3,Credit Card,Pending,Timshire,West Virginia,38166,PROD0233,0.13,1248.31,,False
1133,ORD001134,CUST0134,2024-07-24,Sports,168.57,2,Debit Card,Returned,Rebeccahaven,Vermont,89695,PROD0234,0.22,262.97,5.0,False
1134,ORD001135,CUST0135,2024-08-02,Home,321.0,4,Net Banking,Pending,Zhangtown,Arkansas,50704,PROD0235,0.21,1014.36,3.0,False
1135,ORD001136,CUST0136,2025-03-22,Sports,144.03,2,Credit Card,Delivered,Leeland,Wyoming,50370,PROD0236,0.15,244.85,2.0,False
1136,ORD001137,CUST0137,2024-07-15,Sports,474.17,3,Debit Card,Pending,Lake Rachaelville,Nebraska,41411,PROD0237,0.2,1138.01,2.0,False
1137,ORD001138,CUST0138,2025-02-07,Electronics,365.64,2,Cash on Delivery,Returned,Davidfurt,Rhode Island,21313,PROD0238,0.02,716.65,1.0,False
1138,ORD001139,CUST0139,2024-07-07,Beauty,168.18,3,Debit Card,Cancelled,Tinabury,Missouri,45214,PROD0239,0.09,459.13,5.0,False
1139,ORD001140,CUST0140,2025-05-25,Books,396.92,4,PayPal,Cancelled,South Elizabethton,Arkansas,22120,PROD0240,0.06,1492.42,3.0,False
1140,ORD001141,CUST0141,2025-01-22,Sports,58.54,3,Net Banking,Delivered,Martinshire,Arkansas,46481,PROD0241,0.02,172.11,3.0,True
1141,ORD001142,CUST0142,2025-01-20,Home,199.2,3,Debit Card,Cancelled,Owensport,Ohio,8059,PROD0242,0.06,561.74,4.0,False
1142,ORD001143,CUST0143,2024-12-14,Home,114.5,4,Cash on Delivery,Cancelled,North David,Washington,39954,PROD0243,0.26,338.92,4.0,False
1143,ORD001144,CUST0144,2024-06-18,Clothing,343.44,4,PayPal,Returned,New Sheriland,Nebraska,50300,PROD0244,0.27,1002.84,4.0,False
1144,ORD001145,CUST0145,2025-01-08,Sports,55.71,3,Cash on Delivery,Delivered,South Steveview,California,80396,PROD0245,0.16,140.39,1.0,True
1145,ORD001146,CUST0146,2024-07-25,Clothing,201.53,1,Credit Card,Delivered,Lake Jessica,North Carolina,74306,PROD0246,0.15,171.3,3.0,True
1146,ORD001147,CUST0147,2024-11-22,Beauty,141.94,2,Cash on Delivery,Delivered,Ruthville,Iowa,29117,PROD0247,0.14,244.14,3.0,True
1147,ORD001148,CUST0148,2025-05-26,Books,255.64,4,Cash on Delivery,Cancelled,Holtton,Iowa,89989,PROD0248,0.29,726.02,4.0,False
1148,ORD001149,CUST0149,2024-12-10,Home,178.2,3,Debit Card,Delivered,Joelmouth,Minnesota,48042,PROD0249,0.28,384.91,4.0,False
1149,ORD001150,CUST0150,2025-04-18,Clothing,354.67,2,Cash on Delivery,Pending,Jacobhaven,Ohio,61299,PROD0250,0.06,666.78,1.0,False
1150,ORD001151,CUST0151,2024-12-02,Books,17.17,2,Debit Card,Pending,Loganchester,Nebraska,76469,PROD0251,0.03,33.31,4.0,False
1151,ORD001152,CUST0152,2024-07-16,Beauty,318.82,1,Net Banking,Delivered,Carterborough,Tennessee,72469,PROD0252,0.02,312.44,1.0,True
1152,ORD001153,CUST0153,2024-11-15,Clothing,119.13,4,Net Banking,Returned,Hessburgh,South Carolina,84942,PROD0253,0.11,424.1,5.0,False
1153,ORD001154,CUST0154,2024-09-12,Beauty,138.01,4,Credit Card,Cancelled,Oconnorbury,Montana,33265,PROD0254,0.13,480.27,2.0,False
1154,ORD001155,CUST0155,2024-12-02,Books,401.13,1,PayPal,Returned,Lake Davidville,Pennsylvania,54810,PROD0255,0.07,373.05,3.0,False
1155,ORD001156,CUST0156,2025-03-07,Sports,478.01,1,Debit Card,Delivered,East Janetburgh,Illinois,27206,PROD0256,0.28,344.17,2.0,True
1156,ORD001157,CUST0157,2024-07-01,Beauty,161.69,2,Credit Card,Pending,Brianland,Connecticut,1628,PROD0257,0.25,242.54,5.0,False
1157,ORD001158,CUST0158,2025-02-12,Electronics,414.27,2,Credit Card,Pending,Matthewborough,Oregon,92639,PROD0258,0.22,646.26,3.0,False
1158,ORD001159,CUST0159,2024-12-28,Clothing,56.48,3,Cash on Delivery,Returned,Susanfort,Oklahoma,16839,PROD0259,0.15,144.02,4.0,False
1159,ORD001160,CUST0160,2025-05-18,Books,318.82,2,Credit Card,Returned,Jordanville,Mississippi,94611,PROD0260,0.27,465.48,4.0,False
1160,ORD001161,CUST0161,2024-12-12,Books,376.76,1,Cash on Delivery,Pending,South Tiffanystad,Tennessee,67132,PROD0261,0.28,271.27,5.0,False
1161,ORD001162,CUST0162,2024-10-19,Electronics,82.21,2,Net Banking,Cancelled,West Robertland,Georgia,38086,PROD0262,0.27,120.03,2.0,False
1162,ORD001163,CUST0163,2025-05-07,Home,215.87,1,Debit Card,Delivered,Patriciashire,New Jersey,13739,PROD0263,0.08,198.6,4.0,False
1163,ORD001164,CUST0164,2024-10-09,Books,446.89,1,Cash on Delivery,Pending,Amandaborough,Wyoming,1570,PROD0264,0.26,330.7,5.0,False
1164,ORD001165,CUST0165,2024-12-01,Books,56.27,1,Credit Card,Pending,South Peter,Massachusetts,85398,PROD0265,0.11,50.08,4.0,False
1165,ORD001166,CUST0166,2024-12-25,Electronics,13.96,1,Cash on Delivery,Delivered,North Dennis,Nevada,52324,PROD0266,0.04,13.4,1.0,False
1166,ORD001167,CUST0167,2024-07-05,Books,297.34,1,Credit Card,Returned,Lake Stevenmouth,Pennsylvania,22300,PROD0267,0.22,231.93,3.0,False
1167,ORD001168,CUST0168,2025-05-23,Home,220.59,1,Net Banking,Returned,South Tami,Rhode Island,18539,PROD0268,0.24,167.65,4.0,False
1168,ORD001169,CUST0169,2025-05-12,Sports,400.35,1,Net Banking,Cancelled,Greenville,Pennsylvania,91893,PROD0269,0.3,280.24,4.0,False
1169,ORD001170,CUST0170,2025-05-15,Sports,462.11,2,Debit Card,Pending,South Judy,Kentucky,63739,PROD0270,0.14,794.83,5.0,False
1170,ORD001171,CUST0171,2025-01-27,Beauty,153.08,4,Credit Card,Pending,Griffinfort,Oregon,97216,PROD0271,0.08,563.33,5.0,False
1171,ORD001172,CUST0172,2024-11-02,Electronics,197.26,2,Debit Card,Cancelled,Port Amyborough,Tennessee,45777,PROD0272,0.02,386.63,5.0,False
1172,ORD001173,CUST0173,2025-02-10,Clothing,245.7,3,Debit Card,Delivered,Robertsbury,Nevada,39244,PROD0273,0.12,648.65,2.0,False
1173,ORD001174,CUST0174,2024-12-15,Books,296.13,4,PayPal,Pending,Garytown,Wyoming,15113,PROD0274,0.17,983.15,3.0,False
1174,ORD001175,CUST0175,2024-12-17,Books,492.01,4,Cash on Delivery,Pending,New Michelleview,Florida,9088,PROD0275,0.15,1672.83,,False
1175,ORD001176,CUST0176,2024-09-10,Clothing,350.18,3,Debit Card,Pending,Fieldstown,Nevada,64505,PROD0276,0.05,998.01,3.0,False
1176,ORD001177,CUST0177,2025-02-07,Beauty,197.83,3,Credit Card,Cancelled,Cowanburgh,Oregon,56975,PROD0277,0.11,528.21,3.0,False
1177,ORD001178,CUST0178,2025-02-12,Home,135.57,1,Cash on Delivery,Cancelled,Taylormouth,Virginia,80532,PROD0278,0.28,97.61,,False
1178,ORD001179,CUST0179,2024-09-04,Clothing,472.59,2,Cash on Delivery,Pending,Port Robertshire,Massachusetts,20316,PROD0279,0.14,812.85,4.0,False
1179,ORD001180,CUST0180,2025-03-22,Home,72.1,4,Debit Card,Pending,Hendersonside,Montana,37320,PROD0280,0.15,245.14,4.0,False
1180,ORD001181,CUST0181,2025-06-12,Sports,361.53,2,Net Banking,Returned,North Austin,Maine,68270,PROD0281,0.14,621.83,3.0,False
1181,ORD001182,CUST0182,2024-07-16,Sports,463.07,2,Credit Card,Delivered,South Kristinamouth,Illinois,36182,PROD0282,0.12,815.0,1.0,False
1182,ORD001183,CUST0183,2024-10-07,Electronics,334.01,3,Debit Card,Returned,South Judy,South Carolina,38185,PROD0283,0.02,981.99,,False
1183,ORD001184,CUST0184,2024-09-26,Books,214.41,1,Net Banking,Pending,Port Annetteton,South Carolina,2880,PROD0284,0.07,199.4,1.0,False
1184,ORD001185,CUST0185,2024-06-29,Clothing,103.5,2,Cash on Delivery,Returned,Graytown,Idaho,90404,PROD0285,0.15,175.95,4.0,False
1185,ORD001186,CUST0186,2024-10-24,Beauty,186.9,3,Net Banking,Returned,Port Nicholaschester,Illinois,74639,PROD0286,0.18,459.77,1.0,False
1186,ORD001187,CUST0187,2025-04-14,Beauty,354.9,4,Net Banking,Pending,Jenniferhaven,Louisiana,23007,PROD0287,0.14,1220.86,1.0,False
1187,ORD001188,CUST0188,2024-07-18,Beauty,326.52,4,Debit Card,Pending,New Ashley,Louisiana,68323,PROD0288,0.11,1162.41,1.0,False
1188,ORD001189,CUST0189,2024-10-22,Books,464.35,4,Net Banking,Cancelled,Port Lisatown,Arkansas,60678,PROD0289,0.24,1411.62,5.0,False
1189,ORD001190,CUST0190,2025-06-06,Books,434.1,4,Cash on Delivery,Pending,Williamshaven,Kentucky,40719,PROD0290,0.21,1371.76,3.0,False
1190,ORD001191,CUST0191,2024-12-21,Beauty,408.99,3,Cash on Delivery,Pending,New Paulhaven,Alaska,23912,PROD0291,0.28,883.42,4.0,False
1191,ORD001192,CUST0192,2025-06-02,Books,456.17,2,PayPal,Pending,Connerfort,Florida,32011,PROD0292,0.01,903.22,2.0,False
1192,ORD001193,CUST0193,2025-01-02,Home,141.79,2,Debit Card,Cancelled,New Charlesport,Oregon,49186,PROD0293,0.22,221.19,3.0,False
1193,ORD001194,CUST0194,2024-08-14,Books,187.91,2,Cash on Delivery,Pending,Port Jamesbury,Kansas,24400,PROD0294,0.02,368.3,4.0,False
1194,ORD001195,CUST0195,2024-08-16,Home,193.05,2,Debit Card,Cancelled,Wagnerbury,South Carolina,9158,PROD0295,0.09,351.35,2.0,False
1195,ORD001196,CUST0196,2025-02-16,Sports,282.42,2,Cash on Delivery,Delivered,Stephaniehaven,Mississippi,22491,PROD0296,0.28,406.68,3.0,True
1196,ORD001197,CUST0197,2025-06-08,Electronics,335.77,4,PayPal,Delivered,West Leah,Louisiana,28959,PROD0297,0.23,1034.17,5.0,False
1197,ORD001198,CUST0198,2025-04-19,Clothing,146.92,3,PayPal,Cancelled,Amyton,Delaware,89234,PROD0298,0.2,352.61,4.0,False
1198,ORD001199,CUST0199,2024-09-10,Home,14.63,2,Debit Card,Pending,West Isabella,New Mexico,76410,PROD0299,0.12,25.75,2.0,False
1199,ORD001200,CUST0200,2025-04-10,Electronics,202.62,3,Debit Card,Cancelled,Schmidtland,Colorado,66147,PROD0300,0.01,601.78,,False
1200,ORD001201,CUST0201,2025-01-08,Home,157.72,3,Cash on Delivery,Returned,Port Ralphborough,Georgia,63003,PROD0001,0.08,435.31,5.0,False
1201,ORD001202,CUST0202,2024-07-01,Electronics,471.38,2,Debit Card,Delivered,Lake Aprilfort,Michigan,1062,PROD0002,0.14,810.77,5.0,True
1202,ORD001203,CUST0203,2024-11-15,Home,444.69,4,Debit Card,Delivered,Cathyshire,Utah,50636,PROD0003,0.13,1547.52,4.0,False
1203,ORD001204,CUST0204,2025-03-05,Home,430.85,2,Net Banking,Delivered,Lake Gregoryside,North Carolina,36953,PROD0004,0.14,741.06,4.0,False
1204,ORD001205,CUST0205,2024-08-22,Electronics,328.23,3,Credit Card,Delivered,West Stephanie,Michigan,72001,PROD0005,0.01,974.84,4.0,True
1205,ORD001206,CUST0206,2024-09-23,Home,175.42,4,Cash on Delivery,Pending,Wattsside,Florida,77181,PROD0006,0.19,568.36,4.0,False
1206,ORD001207,CUST0207,2024-10-29,Home,276.68,4,Credit Card,Delivered,Michellebury,Utah,93708,PROD0007,0.14,951.78,1.0,True
1207,ORD001208,CUST0208,2024-12-27,Beauty,408.54,2,Debit Card,Returned,Wallport,Pennsylvania,43754,PROD0008,0.01,808.91,2.0,False
1208,ORD001209,CUST0209,2024-08-25,Home,53.81,3,Net Banking,Cancelled,North Nicholas,Iowa,23633,PROD0009,0.28,116.23,2.0,False
1209,ORD001210,CUST0210,2024-09-07,Clothing,401.53,2,PayPal,Cancelled,North Jonathan,Rhode Island,73371,PROD0010,0.06,754.88,4.0,False
1210,ORD001211,CUST0211,2025-03-16,Clothing,25.38,1,PayPal,Pending,Port Kylehaven,Wyoming,4104,PROD0011,0.05,24.11,4.0,False
1211,ORD001212,CUST0212,2025-01-03,Electronics,409.13,2,PayPal,Delivered,Port Linda,Rhode Island,79279,PROD0012,0.23,630.06,5.0,True
1212,ORD001213,CUST0213,2025-05-07,Electronics,404.74,4,PayPal,Returned,Hillstad,Mississippi,27407,PROD0013,0.1,1457.06,5.0,False
1213,ORD001214,CUST0214,2025-01-06,Sports,30.25,2,PayPal,Returned,South Christopherview,California,72686,PROD0014,0.18,49.61,4.0,False
1214,ORD001215,CUST0215,2024-07-15,Electronics,315.44,1,Cash on Delivery,Returned,Wangchester,Arizona,63352,PROD0015,0.0,315.44,4.0,False
1215,ORD001216,CUST0216,2024-08-30,Sports,253.71,1,PayPal,Returned,North Riley,South Dakota,81207,PROD0016,0.13,220.73,1.0,False
1216,ORD001217,CUST0217,2025-01-23,Electronics,89.06,2,Cash on Delivery,Delivered,South Sherri,Connecticut,93330,PROD0017,0.01,176.34,4.0,True
1217,ORD001218,CUST0218,2024-09-01,Home,78.45,2,Credit Card,Delivered,Howellmouth,Louisiana,2485,PROD0018,0.06,147.49,3.0,True
1218,ORD001219,CUST0219,2025-05-01,Books,387.76,1,Cash on Delivery,Delivered,North Wendychester,North Carolina,16490,PROD0019,0.06,364.49,5.0,True
1219,ORD001220,CUST0220,2025-03-30,Sports,286.01,3,PayPal,Cancelled,Alanfurt,Minnesota,89312,PROD0020,0.29,609.2,2.0,False
1220,ORD001221,CUST0221,2025-02-07,Sports,491.58,1,Net Banking,Pending,Colleenmouth,Alabama,45781,PROD0021,0.09,447.34,4.0,False
1221,ORD001222,CUST0222,2024-08-08,Sports,491.21,2,Cash on Delivery,Returned,Port Adrian,Vermont,46811,PROD0022,0.25,736.82,2.0,False
1222,ORD001223,CUST0223,2024-08-03,Home,496.37,1,Cash on Delivery,Returned,East Chad,Idaho,78508,PROD0023,0.13,431.84,3.0,False
1223,ORD001224,CUST0224,2024-08-13,Beauty,63.71,4,Cash on Delivery,Delivered,Port Michelechester,Idaho,23650,PROD0024,0.26,188.58,2.0,True
1224,ORD001225,CUST0225,2024-08-03,Clothing,469.44,4,Net Banking,Returned,Port Brandon,Oklahoma,32161,PROD0025,0.2,1502.21,5.0,False
1225,ORD001226,CUST0226,2024-12-25,Books,126.06,1,Cash on Delivery,Pending,Port Helentown,Ohio,97290,PROD0026,0.0,126.06,4.0,False
1226,ORD001227,CUST0227,2025-04-14,Home,231.82,2,Cash on Delivery,Returned,Christopherstad,Michigan,82863,PROD0027,0.03,449.73,,False
1227,ORD001228,CUST0228,2024-09-03,Electronics,379.92,1,PayPal,Cancelled,Katelynside,Arkansas,30905,PROD0028,0.01,376.12,2.0,False
1228,ORD001229,CUST0229,2024-11-12,Clothing,105.79,3,PayPal,Delivered,Randyton,Oregon,29165,PROD0029,0.03,307.85,5.0,False
1229,ORD001230,CUST0230,2025-01-04,Sports,285.32,1,Cash on Delivery,Returned,South Michelleton,Montana,91499,PROD0030,0.07,265.35,4.0,False
1230,ORD001231,CUST0231,2024-11-27,Electronics,96.98,1,PayPal,Pending,Port Diane,Wyoming,29164,PROD0031,0.24,73.7,3.0,False
1231,ORD001232,CUST0232,2025-01-03,Beauty,56.84,1,Debit Card,Cancelled,Sandrafurt,Alaska,79390,PROD0032,0.22,44.34,1.0,False
1232,ORD001233,CUST0233,2024-10-07,Beauty,62.7,1,Cash on Delivery,Cancelled,Jimenezburgh,New York,39009,PROD0033,0.07,58.31,4.0,False
1233,ORD001234,CUST0234,2025-06-07,Beauty,182.03,3,Cash on Delivery,Cancelled,Halltown,Vermont,7684,PROD0034,0.12,480.56,1.0,False
1234,ORD001235,CUST0235,2024-09-17,Sports,7.3,4,Cash on Delivery,Returned,Brandonside,Kansas,38511,PROD0035,0.26,21.61,5.0,False
1235,ORD001236,CUST0236,2024-07-07,Beauty,215.3,2,Debit Card,Returned,Hernandezborough,California,19044,PROD0036,0.02,421.99,4.0,False
1236,ORD001237,CUST0237,2024-12-19,Beauty,333.78,2,PayPal,Returned,Port Joshuaside,Minnesota,13275,PROD0037,0.17,554.07,2.0,False
1237,ORD001238,CUST0238,2024-08-05,Sports,203.84,4,Credit Card,Cancelled,New Laurenbury,Delaware,46884,PROD0038,0.03,790.9,,False
1238,ORD001239,CUST0239,2024-10-27,Beauty,47.47,2,Net Banking,Delivered,Port Williamfurt,Delaware,88881,PROD0039,0.3,66.46,4.0,False
1239,ORD001240,CUST0240,2025-03-05,Beauty,36.03,4,PayPal,Returned,Jacobshaven,Oregon,68677,PROD0040,0.13,125.38,4.0,False
1240,ORD001241,CUST0241,2024-07-22,Home,142.67,2,PayPal,Pending,Davidhaven,Nebraska,5290,PROD0041,0.27,208.3,4.0,False
1241,ORD001242,CUST0242,2024-11-23,Clothing,88.81,4,Debit Card,Pending,Sandovaltown,Arkansas,23277,PROD0042,0.05,337.48,3.0,False
1242,ORD001243,CUST0243,2024-07-23,Sports,482.72,2,Net Banking,Returned,South Amyside,Illinois,54133,PROD0043,0.3,675.81,1.0,False
1243,ORD001244,CUST0244,2025-01-10,Clothing,79.86,2,Net Banking,Pending,North Kimberly,Florida,54236,PROD0044,0.02,156.53,4.0,False
1244,ORD001245,CUST0245,2025-02-02,Books,403.7,2,Credit Card,Cancelled,Stewartburgh,Alaska,24070,PROD0045,0.02,791.25,3.0,False
1245,ORD001246,CUST0246,2024-07-13,Electronics,295.12,4,Net Banking,Pending,Wolfborough,Iowa,11622,PROD0046,0.25,885.36,,False
1246,ORD001247,CUST0247,2025-01-21,Home,286.8,3,Cash on Delivery,Delivered,Jacksonview,Nebraska,40162,PROD0047,0.23,662.51,1.0,True
1247,ORD001248,CUST0248,2025-02-14,Books,258.48,1,Credit Card,Returned,Averyside,Arkansas,50302,PROD0048,0.07,240.39,2.0,False
1248,ORD001249,CUST0249,2025-05-25,Sports,486.02,1,Debit Card,Pending,West Paula,Wisconsin,65239,PROD0049,0.07,452.0,5.0,False
1249,ORD001250,CUST0250,2025-02-05,Home,185.1,2,Net Banking,Returned,South Sean,Arizona,27162,PROD0050,0.14,318.37,3.0,False
1250,ORD001251,CUST0251,2024-10-18,Clothing,395.02,4,Cash on Delivery,Delivered,Loriside,West Virginia,47509,PROD0051,0.28,1137.66,2.0,False
1251,ORD001252,CUST0252,2025-03-14,Beauty,279.87,4,Cash on Delivery,Delivered,Victorburgh,Nebraska,76656,PROD0052,0.19,906.78,3.0,False
1252,ORD001253,CUST0253,2024-09-18,Home,200.84,2,Debit Card,Delivered,West Vincent,Georgia,12978,PROD0053,0.25,301.26,1.0,True
1253,ORD001254,CUST0254,2025-01-01,Beauty,477.96,1,PayPal,Pending,Latoyaborough,Georgia,31013,PROD0054,0.26,353.69,4.0,False
1254,ORD001255,CUST0255,2025-04-06,Beauty,301.17,1,Credit Card,Delivered,South Danielleville,Maryland,77809,PROD0055,0.04,289.12,5.0,True
1255,ORD001256,CUST0256,2025-05-11,Books,63.86,1,Credit Card,Cancelled,Port Valerie,Nebraska,52202,PROD0056,0.17,53.0,4.0,False
1256,ORD001257,CUST0257,2025-04-27,Clothing,211.68,3,Net Banking,Returned,Hughesside,Florida,84393,PROD0057,0.3,444.53,4.0,False
1257,ORD001258,CUST0258,2024-09-11,Books,391.88,2,PayPal,Delivered,Hawkinschester,Indiana,43549,PROD0058,0.03,760.25,3.0,False
1258,ORD001259,CUST0259,2025-03-01,Home,348.4,2,Debit Card,Delivered,Cherryfurt,South Carolina,15067,PROD0059,0.13,606.22,4.0,True
1259,ORD001260,CUST0260,2024-07-21,Electronics,458.59,2,Debit Card,Returned,New John,Rhode Island,19182,PROD0060,0.23,706.23,5.0,False
1260,ORD001261,CUST0261,2024-06-28,Sports,133.39,3,Net Banking,Cancelled,Ashleyton,Missouri,42793,PROD0061,0.3,280.12,1.0,False
1261,ORD001262,CUST0262,2024-06-28,Electronics,380.31,1,PayPal,Cancelled,West Jenniferberg,Idaho,57677,PROD0062,0.04,365.1,2.0,False
1262,ORD001263,CUST0263,2025-05-20,Sports,232.64,4,PayPal,Delivered,Christensenborough,Illinois,56757,PROD0063,0.12,818.89,5.0,False
1263,ORD001264,CUST0264,2025-03-07,Home,288.94,4,PayPal,Delivered,Andreatown,Michigan,31612,PROD0064,0.23,889.94,5.0,True
1264,ORD001265,CUST0265,2025-03-18,Home,477.75,4,PayPal,Cancelled,Williamsstad,Maryland,9615,PROD0065,0.18,1567.02,1.0,False
1265,ORD001266,CUST0266,2025-04-18,Beauty,489.75,2,Credit Card,Returned,Adamton,Texas,42236,PROD0066,0.26,724.83,2.0,False
1266,ORD001267,CUST0267,2024-10-11,Home,431.49,1,Cash on Delivery,Cancelled,New Thomasville,Kansas,60827,PROD0067,0.03,418.55,3.0,False
1267,ORD001268,CUST0268,2024-11-20,Sports,182.75,2,Debit Card,Cancelled,Port Hunterfurt,Georgia,28646,PROD0068,0.16,307.02,3.0,False
1268,ORD001269,CUST0269,2025-06-11,Sports,444.41,1,Cash on Delivery,Cancelled,Davidshire,Alaska,1949,PROD0069,0.18,364.42,1.0,False
1269,ORD001270,CUST0270,2024-10-25,Home,321.11,3,Debit Card,Delivered,East Billy,South Carolina,99816,PROD0070,0.24,732.13,2.0,True
1270,ORD001271,CUST0271,2024-07-20,Electronics,217.85,2,Credit Card,Delivered,South Margaret,Florida,97922,PROD0071,0.25,326.77,3.0,False
1271,ORD001272,CUST0272,2025-05-07,Sports,22.69,2,Debit Card,Delivered,Anthonyville,New Hampshire,77391,PROD0072,0.14,39.03,2.0,True
1272,ORD001273,CUST0273,2024-06-22,Beauty,386.21,1,PayPal,Returned,Howardchester,Massachusetts,42798,PROD0073,0.18,316.69,5.0,False
1273,ORD001274,CUST0274,2024-06-23,Clothing,253.54,2,PayPal,Delivered,Baxterside,Utah,48243,PROD0074,0.0,507.08,4.0,False
1274,ORD001275,CUST0275,2025-04-19,Electronics,394.16,4,Credit Card,Cancelled,Haleyshire,Arkansas,69821,PROD0075,0.21,1245.55,2.0,False
1275,ORD001276,CUST0276,2024-07-31,Books,375.27,3,Debit Card,Returned,Lake Jared,Indiana,95053,PROD0076,0.0,1125.81,5.0,False
1276,ORD001277,CUST0277,2025-05-04,Clothing,397.82,1,PayPal,Cancelled,West Jacquelinetown,Ohio,63594,PROD0077,0.19,322.23,4.0,False
1277,ORD001278,CUST0278,2024-07-04,Clothing,153.82,4,Credit Card,Pending,Mosleymouth,Oregon,98729,PROD0078,0.15,522.99,3.0,False
1278,ORD001279,CUST0279,2024-09-22,Clothing,401.4,2,Debit Card,Cancelled,East Diamondhaven,Mississippi,95423,PROD0079,0.29,569.99,5.0,False
1279,ORD001280,CUST0280,2024-10-25,Clothing,276.68,1,Cash on Delivery,Delivered,Jeffreyshire,Montana,37063,PROD0080,0.05,262.85,4.0,False
1280,ORD001281,CUST0281,2025-05-24,Clothing,239.3,4,Cash on Delivery,Returned,Maryfurt,Kentucky,75055,PROD0081,0.12,842.34,4.0,False
1281,ORD001282,CUST0282,2025-05-28,Books,339.19,1,Cash on Delivery,Cancelled,South Kiarastad,Connecticut,20765,PROD0082,0.26,251.0,2.0,False
1282,ORD001283,CUST0283,2025-01-02,Electronics,15.57,4,PayPal,Delivered,Lake Ericburgh,Rhode Island,97781,PROD0083,0.15,52.94,3.0,True
1283,ORD001284,CUST0284,2025-02-02,Beauty,55.65,4,Cash on Delivery,Pending,Robertberg,Oregon,72520,PROD0084,0.24,169.18,1.0,False
1284,ORD001285,CUST0285,2025-02-28,Home,149.63,4,Net Banking,Pending,South Melissaview,Massachusetts,21999,PROD0085,0.15,508.74,3.0,False
1285,ORD001286,CUST0286,2024-11-04,Electronics,491.58,2,Debit Card,Pending,New Meghan,Idaho,12601,PROD0086,0.2,786.53,1.0,False
1286,ORD001287,CUST0287,2024-09-19,Sports,74.17,1,Cash on Delivery,Cancelled,Brianchester,Mississippi,26246,PROD0087,0.26,54.89,2.0,False
1287,ORD001288,CUST0288,2024-07-23,Electronics,168.65,1,Debit Card,Pending,Port Rebekah,Alaska,35584,PROD0088,0.02,165.28,3.0,False
1288,ORD001289,CUST0289,2024-07-12,Clothing,30.27,1,Cash on Delivery,Pending,Jenniferbury,Idaho,70948,PROD0089,0.26,22.4,4.0,False
1289,ORD001290,CUST0290,2025-04-21,Electronics,168.98,4,Cash on Delivery,Delivered,Johnsonfort,South Dakota,21475,PROD0090,0.05,642.12,2.0,False
1290,ORD001291,CUST0291,2024-09-09,Sports,163.56,3,Net Banking,Cancelled,Michaeltown,Arizona,42234,PROD0091,0.23,377.82,1.0,False
1291,ORD001292,CUST0292,2024-10-08,Clothing,473.67,3,PayPal,Returned,Port Jenniferton,Hawaii,90520,PROD0092,0.17,1179.44,5.0,False
1292,ORD001293,CUST0293,2024-09-24,Books,423.35,3,Debit Card,Pending,Lake Linda,Ohio,80369,PROD0093,0.1,1143.05,1.0,False
1293,ORD001294,CUST0294,2025-01-20,Books,194.47,2,PayPal,Delivered,West Mark,Montana,91286,PROD0094,0.29,276.15,4.0,True
1294,ORD001295,CUST0295,2025-02-20,Home,17.26,4,Debit Card,Delivered,Lake Kent,Texas,31588,PROD0095,0.25,51.78,4.0,False
1295,ORD001296,CUST0296,2025-04-21,Clothing,416.36,1,Debit Card,Delivered,Wilsonview,Georgia,25536,PROD0096,0.09,378.89,2.0,False
1296,ORD001297,CUST0297,2025-01-04,Electronics,331.97,2,Net Banking,Delivered,New Wesley,Tennessee,84167,PROD0097,0.06,624.1,4.0,True
1297,ORD001298,CUST0298,2024-07-04,Beauty,80.42,2,Net Banking,Returned,Jamietown,West Virginia,38939,PROD0098,0.11,143.15,4.0,False
1298,ORD001299,CUST0299,2024-11-13,Beauty,498.06,3,PayPal,Cancelled,Port Kevinville,West Virginia,75213,PROD0099,0.1,1344.76,4.0,False
1299,ORD001300,CUST0300,2025-02-12,Clothing,54.62,3,Debit Card,Pending,Thomaston,Oregon,79075,PROD0100,0.05,155.67,1.0,False
1300,ORD001301,CUST0301,2025-01-04,Books,434.22,1,PayPal,Delivered,Lake Craigberg,Missouri,81486,PROD0101,0.28,312.64,4.0,False
1301,ORD001302,CUST0302,2024-08-04,Books,150.66,2,PayPal,Cancelled,West Joseph,Minnesota,29799,PROD0102,0.27,219.96,2.0,False
1302,ORD001303,CUST0303,2024-07-23,Home,220.5,2,Cash on Delivery,Pending,South Elizabeth,Pennsylvania,59612,PROD0103,0.26,326.34,3.0,False
1303,ORD001304,CUST0304,2024-10-11,Home,398.75,4,Cash on Delivery,Returned,Schroedermouth,Alaska,48164,PROD0104,0.14,1371.7,5.0,False
1304,ORD001305,CUST0305,2025-03-18,Beauty,340.37,4,Credit Card,Delivered,East Mistyfort,Ohio,18027,PROD0105,0.24,1034.72,1.0,True
1305,ORD001306,CUST0306,2024-07-04,Books,469.24,1,Net Banking,Pending,Lake Jesse,Massachusetts,5035,PROD0106,0.11,417.62,5.0,False
1306,ORD001307,CUST0307,2025-02-24,Electronics,312.46,3,Debit Card,Returned,West Kristenville,California,40691,PROD0107,0.26,693.66,4.0,False
1307,ORD001308,CUST0308,2024-07-30,Sports,53.42,3,Cash on Delivery,Delivered,New Jonathan,Mississippi,60092,PROD0108,0.27,116.99,1.0,True
1308,ORD001309,CUST0309,2025-02-17,Sports,442.76,3,Debit Card,Delivered,Brendanville,Massachusetts,27171,PROD0109,0.16,1115.76,4.0,True
1309,ORD001310,CUST0310,2024-09-12,Electronics,385.73,3,Cash on Delivery,Cancelled,Jeanneland,North Carolina,61747,PROD0110,0.14,995.18,5.0,False
1310,ORD001311,CUST0311,2025-02-19,Beauty,357.38,1,Cash on Delivery,Pending,Johnsontown,North Carolina,87208,PROD0111,0.16,300.2,3.0,False
1311,ORD001312,CUST0312,2025-01-19,Home,31.6,1,PayPal,Delivered,Lake Markstad,New York,29165,PROD0112,0.07,29.39,4.0,True
1312,ORD001313,CUST0313,2024-08-05,Beauty,201.13,1,Net Banking,Delivered,Portermouth,Michigan,62724,PROD0113,0.03,195.1,5.0,True
1313,ORD001314,CUST0314,2024-07-06,Electronics,87.88,4,PayPal,Pending,Jamesfurt,New York,42030,PROD0114,0.12,309.34,4.0,False
1314,ORD001315,CUST0315,2025-06-04,Home,411.84,1,Cash on Delivery,Delivered,Lindseyborough,Maine,51931,PROD0115,0.24,313.0,5.0,False
1315,ORD001316,CUST0316,2025-05-11,Beauty,351.76,1,Debit Card,Cancelled,East Jacquelineshire,North Dakota,61868,PROD0116,0.2,281.41,3.0,False
1316,ORD001317,CUST0317,2024-12-02,Electronics,442.12,4,Cash on Delivery,Returned,Rachelbury,Alaska,13960,PROD0117,0.25,1326.36,5.0,False
1317,ORD001318,CUST0318,2024-07-09,Sports,483.45,4,Credit Card,Delivered,Jonesview,Idaho,98271,PROD0118,0.14,1663.07,4.0,False
1318,ORD001319,CUST0319,2024-10-23,Beauty,388.5,3,PayPal,Delivered,South Tonimouth,California,15597,PROD0119,0.04,1118.88,4.0,False
1319,ORD001320,CUST0320,2024-07-30,Electronics,497.15,3,Net Banking,Returned,Cathyshire,New Jersey,27827,PROD0120,0.16,1252.82,3.0,False
1320,ORD001321,CUST0321,2024-10-27,Home,309.31,4,PayPal,Returned,Margaretmouth,Colorado,15455,PROD0121,0.01,1224.87,3.0,False
1321,ORD001322,CUST0322,2025-03-08,Electronics,23.38,2,Credit Card,Pending,New Brenda,Texas,45569,PROD0122,0.13,40.68,2.0,False
1322,ORD001323,CUST0323,2024-10-15,Clothing,12.05,3,Cash on Delivery,Delivered,Angelatown,Arkansas,69445,PROD0123,0.06,33.98,3.0,True
1323,ORD001324,CUST0324,2024-07-05,Books,174.34,4,Credit Card,Delivered,Edwardsview,Oklahoma,7926,PROD0124,0.25,523.02,4.0,True
1324,ORD001325,CUST0325,2025-05-27,Electronics,412.62,2,Cash on Delivery,Pending,West Kristin,Indiana,36466,PROD0125,0.04,792.23,3.0,False
1325,ORD001326,CUST0326,2024-11-23,Beauty,433.74,3,Net Banking,Pending,Jennifershire,Alaska,57678,PROD0126,0.14,1119.05,4.0,False
1326,ORD001327,CUST0327,2024-07-13,Electronics,480.6,3,PayPal,Delivered,Alexandermouth,Virginia,99581,PROD0127,0.12,1268.78,4.0,True
1327,ORD001328,CUST0328,2024-09-28,Books,37.24,1,Cash on Delivery,Cancelled,Lake Maxhaven,Maryland,15670,PROD0128,0.25,27.93,3.0,False
1328,ORD001329,CUST0329,2025-01-17,Electronics,27.06,4,Net Banking,Cancelled,South Kayla,Connecticut,61143,PROD0129,0.17,89.84,2.0,False
1329,ORD001330,CUST0330,2024-11-11,Beauty,457.08,3,Debit Card,Delivered,Sarahside,Pennsylvania,42760,PROD0130,0.14,1179.27,3.0,True
1330,ORD001331,CUST0331,2024-09-22,Clothing,156.0,2,PayPal,Pending,Kellerville,Kentucky,54199,PROD0131,0.18,255.84,3.0,False
1331,ORD001332,CUST0332,2024-11-30,Electronics,281.2,1,PayPal,Delivered,Jasonhaven,Massachusetts,21481,PROD0132,0.07,261.52,4.0,True
1332,ORD001333,CUST0333,2024-07-23,Home,491.31,1,Debit Card,Delivered,East Keith,Hawaii,63105,PROD0133,0.16,412.7,1.0,True
1333,ORD001334,CUST0334,2025-05-09,Sports,203.22,3,Cash on Delivery,Pending,South Joshua,Vermont,39029,PROD0134,0.11,542.6,5.0,False
1334,ORD001335,CUST0335,2025-01-05,Sports,334.61,4,PayPal,Pending,West Derekview,Hawaii,11840,PROD0135,0.03,1298.29,4.0,False
1335,ORD001336,CUST0336,2025-05-23,Clothing,203.44,1,Credit Card,Cancelled,East Matthewstad,Alaska,8671,PROD0136,0.24,154.61,1.0,False
1336,ORD001337,CUST0337,2025-01-16,Sports,385.26,2,Cash on Delivery,Pending,New Brittany,Vermont,97017,PROD0137,0.11,685.76,3.0,False
1337,ORD001338,CUST0338,2024-11-05,Home,266.22,2,Debit Card,Delivered,Donnahaven,Massachusetts,55034,PROD0138,0.08,489.84,2.0,False
1338,ORD001339,CUST0339,2024-10-27,Beauty,122.57,2,Net Banking,Returned,New Leslie,Nevada,18186,PROD0139,0.0,245.14,4.0,False
1339,ORD001340,CUST0340,2024-10-19,Home,139.3,2,Net Banking,Cancelled,New Joefort,Ohio,69320,PROD0140,0.01,275.81,4.0,False
1340,ORD001341,CUST0341,2024-11-01,Books,132.74,4,Credit Card,Cancelled,East Zachary,Arizona,98520,PROD0141,0.08,488.48,3.0,False
1341,ORD001342,CUST0342,2024-11-11,Sports,268.5,1,Debit Card,Cancelled,Boydview,Missouri,2894,PROD0142,0.1,241.65,4.0,False
1342,ORD001343,CUST0343,2025-06-05,Clothing,353.08,2,Debit Card,Delivered,Jasonside,Ohio,38313,PROD0143,0.21,557.87,1.0,False
1343,ORD001344,CUST0344,2025-04-15,Electronics,474.89,2,PayPal,Pending,Andrewsland,Massachusetts,92105,PROD0144,0.11,845.3,5.0,False
1344,ORD001345,CUST0345,2025-01-12,Clothing,348.57,4,Cash on Delivery,Cancelled,Ashleyfort,Montana,4255,PROD0145,0.24,1059.65,5.0,False
1345,ORD001346,CUST0346,2025-03-05,Sports,391.69,2,Net Banking,Pending,Port Davidfort,New Hampshire,3448,PROD0146,0.18,642.37,2.0,False
1346,ORD001347,CUST0347,2025-04-21,Clothing,88.62,3,Net Banking,Delivered,Webbview,Georgia,23780,PROD0147,0.11,236.62,5.0,True
1347,ORD001348,CUST0348,2024-09-05,Electronics,190.16,4,Credit Card,Cancelled,Angelaland,Virginia,43406,PROD0148,0.05,722.61,4.0,False
1348,ORD001349,CUST0349,2025-03-10,Beauty,209.82,3,PayPal,Returned,Waltersview,Colorado,86987,PROD0149,0.0,629.46,5.0,False
1349,ORD001350,CUST0350,2024-08-07,Home,344.76,4,Credit Card,Delivered,Floresfort,Nevada,97167,PROD0150,0.11,1227.35,4.0,True
1350,ORD001351,CUST0351,2025-02-27,Sports,151.47,1,Debit Card,Returned,Katherinehaven,Alabama,53663,PROD0151,0.12,133.29,1.0,False
1351,ORD001352,CUST0352,2025-05-04,Clothing,155.13,4,Cash on Delivery,Delivered,West Patrickland,Vermont,61705,PROD0152,0.11,552.26,2.0,False
1352,ORD001353,CUST0353,2025-06-12,Sports,181.17,2,Credit Card,Delivered,Janiceberg,New Hampshire,36720,PROD0153,0.24,275.38,5.0,True
1353,ORD001354,CUST0354,2025-05-05,Beauty,406.1,1,PayPal,Pending,East Lauraborough,Delaware,24606,PROD0154,0.03,393.92,1.0,False
1354,ORD001355,CUST0355,2025-03-30,Clothing,290.91,3,Debit Card,Delivered,Camachoport,Pennsylvania,12099,PROD0155,0.03,846.55,4.0,True
1355,ORD001356,CUST0356,2024-11-28,Beauty,42.26,3,Credit Card,Delivered,West Kelseyhaven,Nevada,21342,PROD0156,0.07,117.91,4.0,True
1356,ORD001357,CUST0357,2024-12-07,Clothing,43.73,1,Credit Card,Cancelled,East Garrettside,California,92040,PROD0157,0.15,37.17,3.0,False
1357,ORD001358,CUST0358,2024-12-19,Home,188.79,4,Cash on Delivery,Cancelled,Robinfurt,South Carolina,42138,PROD0158,0.22,589.02,4.0,False
1358,ORD001359,CUST0359,2024-12-12,Books,384.46,3,Net Banking,Delivered,Lake Craig,Maryland,86361,PROD0159,0.27,841.97,3.0,False
1359,ORD001360,CUST0360,2025-05-14,Clothing,345.9,2,Credit Card,Pending,North Johnmouth,Rhode Island,4377,PROD0160,0.08,636.46,4.0,False
1360,ORD001361,CUST0361,2025-04-16,Beauty,355.45,3,Net Banking,Returned,Lake Shawnton,Maine,13306,PROD0161,0.04,1023.7,4.0,False
1361,ORD001362,CUST0362,2024-12-22,Books,384.77,2,Debit Card,Pending,Jameston,Montana,93154,PROD0162,0.15,654.11,3.0,False
1362,ORD001363,CUST0363,2025-05-08,Electronics,147.14,3,PayPal,Returned,Coxtown,Alaska,11293,PROD0163,0.09,401.69,2.0,False
1363,ORD001364,CUST0364,2024-12-25,Home,276.39,3,Debit Card,Delivered,Brookschester,Delaware,31525,PROD0164,0.3,580.42,5.0,False
1364,ORD001365,CUST0365,2025-04-18,Clothing,273.96,1,Net Banking,Returned,East John,Kansas,91963,PROD0165,0.01,271.22,,False
1365,ORD001366,CUST0366,2025-02-17,Books,371.12,3,Net Banking,Delivered,Lake Kevinstad,Nebraska,68049,PROD0166,0.06,1046.56,1.0,False
1366,ORD001367,CUST0367,2025-04-07,Books,478.65,4,Credit Card,Delivered,Blairberg,Nevada,43528,PROD0167,0.23,1474.24,1.0,True
1367,ORD001368,CUST0368,2025-05-04,Home,142.61,1,PayPal,Pending,Lake Michelle,New Hampshire,91574,PROD0168,0.12,125.5,3.0,False
1368,ORD001369,CUST0369,2024-10-21,Beauty,397.67,2,Debit Card,Delivered,Shelbyshire,Iowa,63812,PROD0169,0.17,660.13,5.0,True
1369,ORD001370,CUST0370,2025-05-19,Sports,331.69,1,Cash on Delivery,Returned,West Rachaelport,Rhode Island,16002,PROD0170,0.24,252.08,3.0,False
1370,ORD001371,CUST0371,2025-02-04,Home,292.22,3,PayPal,Cancelled,Dorseytown,New Mexico,69194,PROD0171,0.2,701.33,2.0,False
1371,ORD001372,CUST0372,2025-04-28,Home,388.57,2,Debit Card,Delivered,South Davidville,Rhode Island,91424,PROD0172,0.18,637.25,,False
1372,ORD001373,CUST0373,2024-07-07,Clothing,472.3,1,Cash on Delivery,Cancelled,South Robert,Tennessee,74248,PROD0173,0.2,377.84,2.0,False
1373,ORD001374,CUST0374,2025-05-10,Sports,23.16,1,Credit Card,Returned,South Mike,New York,27287,PROD0174,0.02,22.7,4.0,False
1374,ORD001375,CUST0375,2024-08-24,Home,77.96,1,Debit Card,Returned,Davidmouth,Arkansas,34813,PROD0175,0.03,75.62,2.0,False
1375,ORD001376,CUST0376,2024-08-02,Home,379.36,1,Debit Card,Returned,Port Alexandermouth,Alabama,48337,PROD0176,0.18,311.08,4.0,False
1376,ORD001377,CUST0377,2024-08-07,Beauty,46.48,3,Net Banking,Cancelled,Andrewstad,Virginia,75597,PROD0177,0.11,124.1,2.0,False
1377,ORD001378,CUST0378,2024-12-31,Books,260.48,2,Net Banking,Cancelled,Lake Jenniferport,New Hampshire,38247,PROD0178,0.3,364.67,3.0,False
1378,ORD001379,CUST0379,2025-04-30,Home,113.83,1,Credit Card,Pending,Cynthiaville,Utah,42141,PROD0179,0.25,85.37,3.0,False
1379,ORD001380,CUST0380,2024-07-07,Beauty,140.78,4,Cash on Delivery,Delivered,Port Leah,Delaware,80809,PROD0180,0.28,405.45,4.0,True
1380,ORD001381,CUST0381,2025-01-12,Clothing,352.41,1,PayPal,Returned,Timberg,Hawaii,92213,PROD0181,0.05,334.79,4.0,False
1381,ORD001382,CUST0382,2025-03-08,Home,19.95,1,Debit Card,Delivered,Alexanderland,North Dakota,45334,PROD0182,0.19,16.16,2.0,False
1382,ORD001383,CUST0383,2024-12-01,Clothing,437.29,3,PayPal,Cancelled,East Nancy,Maine,91512,PROD0183,0.01,1298.75,4.0,False
1383,ORD001384,CUST0384,2025-05-02,Home,225.02,3,Debit Card,Returned,Nicholasmouth,Wisconsin,9601,PROD0184,0.22,526.55,4.0,False
1384,ORD001385,CUST0385,2024-11-01,Electronics,253.68,4,PayPal,Cancelled,South Andrewchester,Maine,42789,PROD0185,0.01,1004.57,1.0,False
1385,ORD001386,CUST0386,2025-01-28,Books,272.32,4,Credit Card,Delivered,Lake Jeffreyside,Maine,28649,PROD0186,0.2,871.42,1.0,True
1386,ORD001387,CUST0387,2024-11-23,Sports,324.54,1,Net Banking,Cancelled,South Matthew,Connecticut,48987,PROD0187,0.06,305.07,1.0,False
1387,ORD001388,CUST0388,2024-09-06,Sports,175.7,1,PayPal,Delivered,East Jacqueline,Montana,75429,PROD0188,0.18,144.07,2.0,True
1388,ORD001389,CUST0389,2025-02-21,Beauty,55.05,2,Credit Card,Cancelled,Davidfurt,Colorado,83668,PROD0189,0.08,101.29,3.0,False
1389,ORD001390,CUST0390,2024-09-15,Beauty,162.6,4,Cash on Delivery,Pending,Lesliechester,Tennessee,85755,PROD0190,0.01,643.9,4.0,False
1390,ORD001391,CUST0391,2025-04-03,Beauty,88.23,2,PayPal,Cancelled,East Charlestown,New Jersey,26121,PROD0191,0.21,139.4,4.0,False
1391,ORD001392,CUST0392,2024-10-10,Sports,280.29,3,Debit Card,Returned,New Robert,Vermont,39748,PROD0192,0.13,731.56,5.0,False
1392,ORD001393,CUST0393,2024-10-15,Home,162.42,1,Debit Card,Pending,Lake Maurice,North Carolina,86559,PROD0193,0.22,126.69,5.0,False
1393,ORD001394,CUST0394,2024-10-07,Clothing,479.24,3,Net Banking,Returned,Lake Robert,Georgia,22004,PROD0194,0.02,1408.97,4.0,False
1394,ORD001395,CUST0395,2025-02-16,Home,483.04,4,Net Banking,Delivered,West Ronnie,South Dakota,28407,PROD0195,0.16,1623.01,4.0,False
1395,ORD001396,CUST0396,2025-06-05,Electronics,311.96,1,Cash on Delivery,Delivered,Port Marthaburgh,Utah,29933,PROD0196,0.02,305.72,2.0,False
1396,ORD001397,CUST0397,2024-08-10,Sports,310.66,4,Debit Card,Pending,Emilyland,Arkansas,84303,PROD0197,0.04,1192.93,4.0,False
1397,ORD001398,CUST0398,2024-12-21,Sports,492.76,4,Debit Card,Delivered,Kimberlyville,West Virginia,49133,PROD0198,0.24,1497.99,3.0,False
1398,ORD001399,CUST0399,2024-12-26,Beauty,444.21,2,Credit Card,Returned,Nicolefort,Rhode Island,53342,PROD0199,0.07,826.23,4.0,False
1399,ORD001400,CUST0400,2024-10-01,Beauty,383.71,4,Cash on Delivery,Returned,Gailburgh,Idaho,26198,PROD0200,0.03,1488.79,3.0,False
1400,ORD001401,CUST0401,2024-10-16,Home,160.23,2,Net Banking,Pending,Matthewview,Alaska,55066,PROD0201,0.04,307.64,2.0,False
1401,ORD001402,CUST0402,2024-08-20,Electronics,185.94,3,Credit Card,Returned,Chadshire,Virginia,44616,PROD0202,0.04,535.51,4.0,False
1402,ORD001403,CUST0403,2025-05-25,Sports,104.63,3,Debit Card,Cancelled,Lake Michaelshire,Wyoming,4850,PROD0203,0.25,235.42,5.0,False
1403,ORD001404,CUST0404,2024-07-23,Beauty,246.14,4,Credit Card,Returned,Lake Staceyfort,Maine,1823,PROD0204,0.18,807.34,2.0,False
1404,ORD001405,CUST0405,2024-09-23,Books,495.23,3,Credit Card,Pending,Gutierrezview,Maine,40728,PROD0205,0.24,1129.12,3.0,False
1405,ORD001406,CUST0406,2024-07-29,Beauty,456.51,2,Cash on Delivery,Returned,Davisborough,Iowa,31081,PROD0206,0.08,839.98,3.0,False
1406,ORD001407,CUST0407,2024-06-27,Beauty,63.58,1,Debit Card,Returned,Sierraberg,Arizona,38590,PROD0207,0.19,51.5,4.0,False
1407,ORD001408,CUST0408,2024-08-04,Sports,17.47,1,PayPal,Cancelled,Prattshire,Nebraska,26767,PROD0208,0.27,12.75,2.0,False
1408,ORD001409,CUST0409,2024-09-21,Electronics,449.83,3,Cash on Delivery,Returned,New John,Ohio,68124,PROD0209,0.16,1133.57,3.0,False
1409,ORD001410,CUST0410,2025-01-21,Clothing,270.9,1,Cash on Delivery,Delivered,West Williamside,Washington,6921,PROD0210,0.26,200.47,3.0,False
1410,ORD001411,CUST0411,2025-03-28,Electronics,104.09,1,Cash on Delivery,Returned,East Kevin,Iowa,30973,PROD0211,0.07,96.8,4.0,False
1411,ORD001412,CUST0412,2025-01-18,Beauty,338.46,4,Credit Card,Delivered,Ortegachester,Rhode Island,82344,PROD0212,0.29,961.23,3.0,False
1412,ORD001413,CUST0413,2024-08-10,Beauty,323.89,3,Debit Card,Delivered,East Staceyfurt,Hawaii,35667,PROD0213,0.02,952.24,2.0,True
1413,ORD001414,CUST0414,2025-03-07,Books,65.43,2,Net Banking,Cancelled,Danielmouth,Wyoming,43044,PROD0214,0.23,100.76,1.0,False
1414,ORD001415,CUST0415,2025-06-13,Sports,133.5,4,Credit Card,Delivered,New Patriciafort,South Dakota,20134,PROD0215,0.06,501.96,3.0,False
1415,ORD001416,CUST0416,2024-07-07,Electronics,34.74,3,PayPal,Returned,North Theodore,Florida,83282,PROD0216,0.04,100.05,2.0,False
1416,ORD001417,CUST0417,2024-06-25,Sports,108.88,3,Debit Card,Pending,Walkerland,New Jersey,74728,PROD0217,0.17,271.11,4.0,False
1417,ORD001418,CUST0418,2025-04-03,Books,70.49,3,Credit Card,Delivered,Port Kevinborough,New Mexico,11799,PROD0218,0.1,190.32,2.0,True
1418,ORD001419,CUST0419,2025-03-26,Sports,100.65,1,Debit Card,Cancelled,South Clayton,Colorado,5987,PROD0219,0.07,93.6,4.0,False
1419,ORD001420,CUST0420,2024-08-23,Home,344.31,4,Debit Card,Returned,Hernandezhaven,Wisconsin,98494,PROD0220,0.13,1198.2,4.0,False
1420,ORD001421,CUST0421,2025-05-05,Clothing,29.5,3,Debit Card,Returned,Chambersstad,Arkansas,30320,PROD0221,0.3,61.95,5.0,False
1421,ORD001422,CUST0422,2024-06-27,Books,55.42,4,Net Banking,Pending,Lake Ronaldstad,New York,89607,PROD0222,0.19,179.56,5.0,False
1422,ORD001423,CUST0423,2025-03-11,Books,71.42,3,Credit Card,Cancelled,Hollybury,Maine,62920,PROD0223,0.08,197.12,4.0,False
1423,ORD001424,CUST0424,2024-07-25,Sports,161.69,2,Credit Card,Returned,North Anthony,Massachusetts,3998,PROD0224,0.3,226.37,2.0,False
1424,ORD001425,CUST0425,2024-06-30,Sports,152.88,2,Credit Card,Delivered,Courtneyfurt,Utah,3478,PROD0225,0.08,281.3,1.0,True
1425,ORD001426,CUST0426,2024-12-02,Beauty,131.26,3,Credit Card,Returned,Lindsayshire,Oklahoma,25752,PROD0226,0.22,307.15,4.0,False
1426,ORD001427,CUST0427,2024-11-06,Sports,376.52,4,Credit Card,Pending,East Richard,Arizona,8949,PROD0227,0.08,1385.59,3.0,False
1427,ORD001428,CUST0428,2024-06-30,Beauty,499.02,2,Credit Card,Returned,Colemanport,Alaska,69388,PROD0228,0.23,768.49,2.0,False
1428,ORD001429,CUST0429,2024-06-17,Books,269.32,3,PayPal,Delivered,Owensberg,Arizona,69439,PROD0229,0.19,654.45,5.0,False
1429,ORD001430,CUST0430,2025-04-01,Home,472.38,2,PayPal,Pending,Lake Derek,California,50313,PROD0230,0.17,784.15,4.0,False
1430,ORD001431,CUST0431,2024-09-30,Beauty,201.32,3,Cash on Delivery,Delivered,Brendaborough,Maine,27293,PROD0231,0.14,519.41,5.0,True
1431,ORD001432,CUST0432,2024-09-25,Electronics,57.81,4,Debit Card,Pending,Jamesbury,Nevada,75474,PROD0232,0.07,215.05,4.0,False
1432,ORD001433,CUST0433,2025-03-12,Clothing,207.34,2,Cash on Delivery,Cancelled,New Andrew,North Carolina,29883,PROD0233,0.18,340.04,,False
1433,ORD001434,CUST0434,2024-11-11,Sports,151.58,1,Debit Card,Returned,Wyattland,Delaware,34012,PROD0234,0.26,112.17,4.0,False
1434,ORD001435,CUST0435,2024-07-02,Home,249.24,2,Cash on Delivery,Returned,Youngton,New Mexico,29405,PROD0235,0.01,493.5,2.0,False
1435,ORD001436,CUST0436,2024-08-16,Books,330.24,2,Debit Card,Returned,Ashleyborough,Massachusetts,45639,PROD0236,0.22,515.17,,False
1436,ORD001437,CUST0437,2025-01-21,Home,233.22,3,Net Banking,Cancelled,Brownville,Maine,70036,PROD0237,0.26,517.75,1.0,False
1437,ORD001438,CUST0438,2025-03-29,Beauty,467.9,4,Credit Card,Delivered,Pamelaland,Hawaii,95415,PROD0238,0.19,1516.0,2.0,False
1438,ORD001439,CUST0439,2024-11-09,Home,442.96,2,Net Banking,Returned,Masonborough,New Jersey,91306,PROD0239,0.08,815.05,,False
1439,ORD001440,CUST0440,2025-04-21,Beauty,352.48,4,PayPal,Returned,Scottville,South Dakota,71576,PROD0240,0.11,1254.83,4.0,False
1440,ORD001441,CUST0441,2025-05-21,Clothing,247.39,2,PayPal,Delivered,Timothyfort,Wyoming,85072,PROD0241,0.22,385.93,5.0,False
1441,ORD001442,CUST0442,2024-09-29,Sports,70.19,1,PayPal,Cancelled,West Craigchester,Maryland,99553,PROD0242,0.11,62.47,3.0,False
1442,ORD001443,CUST0443,2024-07-14,Clothing,201.52,3,Cash on Delivery,Delivered,Taylorhaven,Mississippi,17965,PROD0243,0.0,604.56,3.0,False
1443,ORD001444,CUST0444,2025-01-18,Beauty,353.68,1,Net Banking,Pending,Mackfurt,Arkansas,87251,PROD0244,0.03,343.07,3.0,False
1444,ORD001445,CUST0445,2024-09-24,Beauty,146.02,4,PayPal,Returned,North Maria,Texas,77512,PROD0245,0.09,531.51,1.0,False
1445,ORD001446,CUST0446,2024-07-12,Home,56.47,3,Net Banking,Cancelled,Lisaport,West Virginia,86669,PROD0246,0.12,149.08,1.0,False
1446,ORD001447,CUST0447,2024-12-12,Books,454.41,3,Net Banking,Pending,Chapmanport,Pennsylvania,10915,PROD0247,0.11,1213.27,3.0,False
1447,ORD001448,CUST0448,2025-05-11,Clothing,355.98,3,Credit Card,Cancelled,Port Cheyenne,Arkansas,62224,PROD0248,0.24,811.63,2.0,False
1448,ORD001449,CUST0449,2025-04-29,Beauty,309.56,2,Net Banking,Returned,Jonesstad,South Dakota,89595,PROD0249,0.07,575.78,4.0,False
1449,ORD001450,CUST0450,2024-08-18,Electronics,397.29,3,PayPal,Returned,New Brandon,Utah,92845,PROD0250,0.12,1048.85,2.0,False
1450,ORD001451,CUST0451,2025-04-21,Clothing,418.64,1,Cash on Delivery,Delivered,East Mariomouth,North Dakota,52684,PROD0251,0.24,318.17,5.0,True
1451,ORD001452,CUST0452,2024-09-15,Home,244.31,2,Cash on Delivery,Cancelled,Port Johnstad,Hawaii,16128,PROD0252,0.24,371.35,,False
1452,ORD001453,CUST0453,2025-05-07,Electronics,441.19,3,Credit Card,Pending,Mccarthytown,California,89350,PROD0253,0.06,1244.16,3.0,False
1453,ORD001454,CUST0454,2024-12-17,Sports,458.63,3,Debit Card,Pending,Lake Roberthaven,Delaware,519,PROD0254,0.11,1224.54,1.0,False
1454,ORD001455,CUST0455,2024-09-23,Electronics,139.42,4,PayPal,Pending,Lucasville,North Dakota,96292,PROD0255,0.05,529.8,2.0,False
1455,ORD001456,CUST0456,2025-04-25,Beauty,305.73,2,Cash on Delivery,Cancelled,Romanshire,Oregon,25079,PROD0256,0.03,593.12,3.0,False
1456,ORD001457,CUST0457,2024-12-19,Beauty,265.66,4,Net Banking,Delivered,Simston,Louisiana,19098,PROD0257,0.17,881.99,5.0,True
1457,ORD001458,CUST0458,2025-03-01,Books,271.28,4,Debit Card,Pending,West Ericshire,Maine,83298,PROD0258,0.1,976.61,5.0,False
1458,ORD001459,CUST0459,2025-02-16,Books,469.14,1,Debit Card,Cancelled,Rubioport,Louisiana,28797,PROD0259,0.15,398.77,,False
1459,ORD001460,CUST0460,2024-12-11,Clothing,156.07,1,Net Banking,Pending,Thomasmouth,Idaho,61238,PROD0260,0.18,127.98,3.0,False
1460,ORD001461,CUST0461,2024-07-28,Clothing,491.8,2,Credit Card,Delivered,Lake Christopherfort,Nevada,99849,PROD0261,0.18,806.55,2.0,False
1461,ORD001462,CUST0462,2025-05-04,Books,451.55,2,Net Banking,Cancelled,South Jeffrey,North Dakota,59624,PROD0262,0.28,650.23,4.0,False
1462,ORD001463,CUST0463,2024-11-18,Clothing,232.07,2,Cash on Delivery,Delivered,Port Jennifer,Maryland,89229,PROD0263,0.07,431.65,3.0,False
1463,ORD001464,CUST0464,2024-08-23,Clothing,409.64,2,PayPal,Delivered,Maysport,Louisiana,27253,PROD0264,0.27,598.07,3.0,True
1464,ORD001465,CUST0465,2024-10-17,Sports,385.68,4,Debit Card,Cancelled,South Benjamin,Louisiana,91571,PROD0265,0.02,1511.87,3.0,False
1465,ORD001466,CUST0466,2025-01-20,Beauty,340.56,2,PayPal,Delivered,Allenshire,Vermont,21696,PROD0266,0.01,674.31,1.0,False
1466,ORD001467,CUST0467,2025-03-17,Clothing,163.32,4,Cash on Delivery,Returned,Melissafort,Arkansas,39805,PROD0267,0.03,633.68,3.0,False
1467,ORD001468,CUST0468,2025-04-18,Home,102.24,3,Net Banking,Delivered,Perryfurt,Wyoming,77334,PROD0268,0.19,248.44,4.0,False
1468,ORD001469,CUST0469,2024-11-12,Clothing,337.41,1,Cash on Delivery,Returned,Michaelland,Utah,23651,PROD0269,0.16,283.42,3.0,False
1469,ORD001470,CUST0470,2024-08-30,Sports,422.27,2,Debit Card,Delivered,North Danny,Louisiana,30357,PROD0270,0.05,802.31,4.0,False
1470,ORD001471,CUST0471,2025-04-24,Electronics,13.05,3,Debit Card,Delivered,Nealbury,Wyoming,61241,PROD0271,0.04,37.58,4.0,False
1471,ORD001472,CUST0472,2024-10-31,Clothing,323.19,4,Net Banking,Returned,West Christopher,Missouri,66738,PROD0272,0.16,1085.92,5.0,False
1472,ORD001473,CUST0473,2025-02-15,Beauty,224.22,2,Debit Card,Pending,West Jenniferton,Utah,27572,PROD0273,0.29,318.39,4.0,False
1473,ORD001474,CUST0474,2024-11-05,Books,449.55,4,Net Banking,Pending,West Brianborough,Georgia,16347,PROD0274,0.05,1708.29,4.0,False
1474,ORD001475,CUST0475,2024-06-29,Sports,164.13,1,PayPal,Cancelled,West Steventown,Iowa,53510,PROD0275,0.08,151.0,2.0,False
1475,ORD001476,CUST0476,2024-12-13,Clothing,239.72,4,PayPal,Delivered,Woodtown,Colorado,70451,PROD0276,0.04,920.52,5.0,True
1476,ORD001477,CUST0477,2024-08-27,Home,259.81,1,Cash on Delivery,Pending,Johnsonview,North Carolina,75348,PROD0277,0.18,213.04,,False
1477,ORD001478,CUST0478,2025-01-01,Sports,74.52,1,Net Banking,Returned,Spencerton,Wisconsin,61353,PROD0278,0.28,53.65,5.0,False
1478,ORD001479,CUST0479,2024-09-25,Clothing,357.88,1,PayPal,Pending,Danielside,Hawaii,74018,PROD0279,0.07,332.83,1.0,False
1479,ORD001480,CUST0480,2024-07-07,Sports,416.09,3,PayPal,Cancelled,South Robert,Wyoming,99652,PROD0280,0.14,1073.51,2.0,False
1480,ORD001481,CUST0481,2024-07-22,Clothing,33.67,1,Cash on Delivery,Cancelled,Chelsealand,Mississippi,43074,PROD0281,0.27,24.58,3.0,False
1481,ORD001482,CUST0482,2024-07-06,Beauty,149.24,2,Cash on Delivery,Pending,New Karenbury,Virginia,62966,PROD0282,0.21,235.8,4.0,False
1482,ORD001483,CUST0483,2025-04-04,Home,23.83,4,Credit Card,Returned,New Phillip,Vermont,33525,PROD0283,0.16,80.07,5.0,False
1483,ORD001484,CUST0484,2025-04-21,Home,478.49,1,Cash on Delivery,Cancelled,New Jenniferborough,Arizona,90807,PROD0284,0.19,387.58,2.0,False
1484,ORD001485,CUST0485,2024-09-23,Books,335.25,3,Cash on Delivery,Returned,New Lisaton,Kentucky,71036,PROD0285,0.22,784.48,4.0,False
1485,ORD001486,CUST0486,2024-07-16,Sports,482.28,1,Net Banking,Delivered,Millerland,Florida,14204,PROD0286,0.22,376.18,2.0,False
1486,ORD001487,CUST0487,2025-05-04,Beauty,268.09,2,Net Banking,Returned,South Scottmouth,South Carolina,50631,PROD0287,0.15,455.75,2.0,False
1487,ORD001488,CUST0488,2025-05-25,Books,402.02,3,PayPal,Pending,East Caitlin,Wyoming,21169,PROD0288,0.08,1109.58,3.0,False
1488,ORD001489,CUST0489,2024-10-03,Sports,190.33,4,PayPal,Returned,Lewisview,California,27626,PROD0289,0.06,715.64,5.0,False
1489,ORD001490,CUST0490,2025-01-04,Clothing,180.14,3,Debit Card,Delivered,Annaberg,Arizona,51994,PROD0290,0.28,389.1,4.0,True
1490,ORD001491,CUST0491,2025-05-30,Sports,192.24,2,Credit Card,Returned,Chelseaton,New Mexico,76086,PROD0291,0.02,376.79,4.0,False
1491,ORD001492,CUST0492,2024-11-23,Home,330.64,1,Cash on Delivery,Cancelled,New Monica,New Hampshire,18974,PROD0292,0.1,297.58,3.0,False
1492,ORD001493,CUST0493,2025-04-01,Sports,182.93,1,Net Banking,Delivered,Andrewberg,Tennessee,76716,PROD0293,0.21,144.51,3.0,False
1493,ORD001494,CUST0494,2024-11-14,Clothing,450.68,1,Cash on Delivery,Returned,Robertsville,Alabama,25923,PROD0294,0.18,369.56,5.0,False
1494,ORD001495,CUST0495,2025-04-11,Sports,491.72,1,Debit Card,Delivered,Lopezton,Washington,58926,PROD0295,0.13,427.8,3.0,True
1495,ORD001496,CUST0496,2024-07-25,Home,20.06,4,Credit Card,Delivered,Bensonland,New Mexico,47631,PROD0296,0.03,77.83,4.0,True
1496,ORD001497,CUST0497,2025-06-03,Electronics,100.84,1,Credit Card,Pending,South Pennyton,New Jersey,58741,PROD0297,0.04,96.81,1.0,False
1497,ORD001498,CUST0498,2025-01-12,Sports,60.56,1,Credit Card,Returned,Samanthaview,Nebraska,71876,PROD0298,0.21,47.84,1.0,False
1498,ORD001499,CUST0499,2025-01-03,Electronics,25.97,4,PayPal,Delivered,Gibsonmouth,Ohio,71515,PROD0299,0.15,88.3,4.0,True
1499,ORD001500,CUST0500,2025-05-31,Sports,117.73,1,Credit Card,Cancelled,Smithbury,Louisiana,95554,PROD0300,0.1,105.96,5.0,False
1500,ORD001501,CUST0001,2025-04-08,Electronics,226.16,3,Credit Card,Delivered,South Raymondchester,Indiana,33310,PROD0001,0.11,603.85,4.0,True
1501,ORD001502,CUST0002,2024-06-16,Clothing,419.31,1,Credit Card,Cancelled,Melindaberg,California,99086,PROD0002,0.13,364.8,5.0,False
1502,ORD001503,CUST0003,2024-06-22,Electronics,114.8,1,Net Banking,Delivered,East Chloe,Hawaii,61692,PROD0003,0.2,91.84,4.0,True
1503,ORD001504,CUST0004,2025-05-30,Books,249.5,1,Debit Card,Delivered,Boyerfurt,New Hampshire,19513,PROD0004,0.18,204.59,2.0,True
1504,ORD001505,CUST0005,2025-02-21,Sports,465.16,2,Cash on Delivery,Cancelled,Leslieton,Wyoming,19931,PROD0005,0.02,911.71,1.0,False
1505,ORD001506,CUST0006,2025-03-30,Books,335.27,4,Cash on Delivery,Cancelled,West Kevinview,Florida,62354,PROD0006,0.05,1274.03,5.0,False
1506,ORD001507,CUST0007,2025-02-10,Electronics,400.05,4,PayPal,Returned,West Laura,Arizona,7282,PROD0007,0.02,1568.2,2.0,False
1507,ORD001508,CUST0008,2025-06-09,Beauty,277.74,1,PayPal,Delivered,South Michaelmouth,Arkansas,91918,PROD0008,0.01,274.96,4.0,True
1508,ORD001509,CUST0009,2025-02-14,Home,490.33,3,Debit Card,Pending,Leebury,New Hampshire,23451,PROD0009,0.23,1132.66,2.0,False
1509,ORD001510,CUST0010,2024-12-19,Sports,296.39,4,PayPal,Returned,Lake Thomastown,Massachusetts,59050,PROD0010,0.26,877.31,4.0,False
1510,ORD001511,CUST0011,2024-06-25,Books,27.53,4,Debit Card,Pending,Julieburgh,Oklahoma,90089,PROD0011,0.12,96.91,3.0,False
1511,ORD001512,CUST0012,2025-04-10,Clothing,103.0,1,Cash on Delivery,Returned,East Davidport,Minnesota,98508,PROD0012,0.29,73.13,4.0,False
1512,ORD001513,CUST0013,2024-11-14,Clothing,205.36,3,Debit Card,Pending,New Donna,Montana,20738,PROD0013,0.26,455.9,5.0,False
1513,ORD001514,CUST0014,2025-03-30,Home,302.63,2,Cash on Delivery,Delivered,South Trevor,Delaware,76928,PROD0014,0.26,447.89,,True
1514,ORD001515,CUST0015,2025-01-11,Beauty,387.11,2,Net Banking,Cancelled,New Petertown,Ohio,86228,PROD0015,0.11,689.06,2.0,False
1515,ORD001516,CUST0016,2025-04-21,Sports,209.48,3,Net Banking,Delivered,Christopherburgh,Utah,54762,PROD0016,0.29,446.19,3.0,False
1516,ORD001517,CUST0017,2024-08-14,Electronics,356.48,3,Cash on Delivery,Returned,South Nicholas,Ohio,97183,PROD0017,0.22,834.16,3.0,False
1517,ORD001518,CUST0018,2025-02-10,Books,395.99,2,Credit Card,Returned,Joshualand,California,10401,PROD0018,0.11,704.86,1.0,False
1518,ORD001519,CUST0019,2024-09-03,Clothing,162.04,3,PayPal,Returned,Edwardberg,Louisiana,15542,PROD0019,0.27,354.87,2.0,False
1519,ORD001520,CUST0020,2025-04-08,Beauty,489.74,4,Cash on Delivery,Cancelled,Perkinschester,Delaware,93231,PROD0020,0.0,1958.96,4.0,False
1520,ORD001521,CUST0021,2025-05-27,Beauty,326.58,1,PayPal,Returned,Nicolebury,Ohio,95889,PROD0021,0.17,271.06,5.0,False
1521,ORD001522,CUST0022,2024-06-30,Beauty,441.09,4,Debit Card,Pending,Pamelamouth,Delaware,79166,PROD0022,0.16,1482.06,3.0,False
1522,ORD001523,CUST0023,2024-07-16,Books,280.19,2,Cash on Delivery,Returned,Williamsstad,Connecticut,73370,PROD0023,0.02,549.17,4.0,False
1523,ORD001524,CUST0024,2025-02-11,Beauty,372.09,2,Net Banking,Pending,Port Richard,New Jersey,54431,PROD0024,0.26,550.69,5.0,False
1524,ORD001525,CUST0025,2025-03-16,Books,386.42,4,Net Banking,Pending,Angelaview,Nebraska,98494,PROD0025,0.08,1422.03,2.0,False
1525,ORD001526,CUST0026,2024-12-13,Electronics,454.58,3,PayPal,Pending,New Royport,Kansas,1999,PROD0026,0.11,1213.73,2.0,False
1526,ORD001527,CUST0027,2024-09-12,Sports,79.42,1,Cash on Delivery,Delivered,Lake Jamesburgh,Illinois,77505,PROD0027,0.14,68.3,,True
1527,ORD001528,CUST0028,2024-11-14,Beauty,281.35,1,PayPal,Returned,Robinsonfort,Michigan,28068,PROD0028,0.25,211.01,1.0,False
1528,ORD001529,CUST0029,2024-11-02,Sports,217.05,2,Debit Card,Pending,Kathrynchester,New York,47799,PROD0029,0.18,355.96,3.0,False
1529,ORD001530,CUST0030,2024-09-30,Home,461.96,3,Debit Card,Pending,North Angela,California,28285,PROD0030,0.17,1150.28,5.0,False
1530,ORD001531,CUST0031,2024-10-05,Books,57.02,1,Cash on Delivery,Returned,West Michael,Alaska,47436,PROD0031,0.11,50.75,3.0,False
1531,ORD001532,CUST0032,2025-03-09,Sports,491.37,1,Credit Card,Delivered,East Robert,New Jersey,19211,PROD0032,0.08,452.06,2.0,False
1532,ORD001533,CUST0033,2025-05-06,Sports,438.35,3,Net Banking,Returned,South Thomas,Illinois,22753,PROD0033,0.14,1130.94,4.0,False
1533,ORD001534,CUST0034,2025-05-14,Books,41.54,3,PayPal,Delivered,Michaelborough,Minnesota,62589,PROD0034,0.08,114.65,4.0,False
1534,ORD001535,CUST0035,2025-05-28,Electronics,248.03,4,PayPal,Returned,East Taylorfort,Idaho,42158,PROD0035,0.1,892.91,2.0,False
1535,ORD001536,CUST0036,2025-05-22,Clothing,360.19,2,Net Banking,Pending,Port Kara,Wyoming,82247,PROD0036,0.13,626.73,4.0,False
1536,ORD001537,CUST0037,2024-12-26,Home,370.39,1,Net Banking,Returned,Cindyhaven,Georgia,97362,PROD0037,0.25,277.79,5.0,False
1537,ORD001538,CUST0038,2025-05-14,Books,453.71,4,PayPal,Cancelled,Brandonshire,Kentucky,18265,PROD0038,0.28,1306.68,3.0,False
1538,ORD001539,CUST0039,2024-06-27,Clothing,400.93,2,Credit Card,Pending,Ebonymouth,Massachusetts,12184,PROD0039,0.25,601.4,2.0,False
1539,ORD001540,CUST0040,2024-12-12,Sports,158.91,2,Net Banking,Pending,Villarrealside,Tennessee,38774,PROD0040,0.16,266.97,4.0,False
1540,ORD001541,CUST0041,2024-08-22,Clothing,251.73,3,Cash on Delivery,Pending,Port Nancy,Delaware,82939,PROD0041,0.21,596.6,2.0,False
1541,ORD001542,CUST0042,2024-11-05,Home,352.38,4,Net Banking,Cancelled,East Tommy,Arizona,69131,PROD0042,0.1,1268.57,5.0,False
1542,ORD001543,CUST0043,2025-05-10,Clothing,73.53,1,Cash on Delivery,Pending,North Stacey,Vermont,30099,PROD0043,0.14,63.24,3.0,False
1543,ORD001544,CUST0044,2024-07-19,Sports,101.03,3,Credit Card,Pending,New Brittany,Montana,60289,PROD0044,0.28,218.22,3.0,False
1544,ORD001545,CUST0045,2025-03-31,Electronics,243.12,4,Net Banking,Cancelled,Mariafurt,West Virginia,30389,PROD0045,0.11,865.51,4.0,False
1545,ORD001546,CUST0046,2024-08-28,Sports,152.63,3,Cash on Delivery,Delivered,Robertoton,Louisiana,85852,PROD0046,0.05,435.0,3.0,True
1546,ORD001547,CUST0047,2025-02-02,Sports,431.97,2,Debit Card,Returned,Lindamouth,West Virginia,23166,PROD0047,0.14,742.99,5.0,False
1547,ORD001548,CUST0048,2024-12-26,Home,295.21,1,Cash on Delivery,Pending,Hawkinsfort,Vermont,8394,PROD0048,0.2,236.17,3.0,False
1548,ORD001549,CUST0049,2024-08-14,Electronics,177.59,4,PayPal,Pending,East Kristy,New Jersey,67987,PROD0049,0.04,681.95,,False
1549,ORD001550,CUST0050,2024-10-31,Clothing,425.17,4,Cash on Delivery,Cancelled,Peckbury,Louisiana,25008,PROD0050,0.04,1632.65,3.0,False
1550,ORD001551,CUST0051,2024-07-30,Clothing,403.41,3,PayPal,Cancelled,Donnaview,Maine,63768,PROD0051,0.09,1101.31,4.0,False
1551,ORD001552,CUST0052,2024-12-25,Clothing,499.19,4,Credit Card,Cancelled,Port Shaneside,North Carolina,58566,PROD0052,0.27,1457.63,5.0,False
1552,ORD001553,CUST0053,2025-03-03,Electronics,424.42,2,Cash on Delivery,Delivered,East Alan,Florida,74819,PROD0053,0.2,679.07,4.0,True
1553,ORD001554,CUST0054,2024-12-20,Sports,210.16,1,Debit Card,Pending,South Andrewbury,Kansas,56240,PROD0054,0.07,195.45,5.0,False
1554,ORD001555,CUST0055,2024-07-20,Books,68.11,3,Credit Card,Returned,Swansonville,Rhode Island,84053,PROD0055,0.18,167.55,4.0,False
1555,ORD001556,CUST0056,2024-12-26,Electronics,421.12,1,PayPal,Cancelled,Marieburgh,Ohio,38769,PROD0056,0.2,336.9,4.0,False
1556,ORD001557,CUST0057,2025-02-18,Home,34.58,2,Net Banking,Delivered,Jarvisfort,Delaware,44224,PROD0057,0.16,58.09,2.0,True
1557,ORD001558,CUST0058,2024-07-09,Sports,178.38,4,Net Banking,Cancelled,Petersenborough,Kansas,92283,PROD0058,0.23,549.41,5.0,False
1558,ORD001559,CUST0059,2025-03-02,Electronics,460.27,4,PayPal,Returned,Jenniferhaven,South Carolina,51950,PROD0059,0.01,1822.67,2.0,False
1559,ORD001560,CUST0060,2025-02-27,Books,480.58,2,PayPal,Delivered,Adrianmouth,Iowa,23928,PROD0060,0.06,903.49,4.0,False
1560,ORD001561,CUST0061,2024-10-27,Beauty,322.08,3,Cash on Delivery,Delivered,South Jacqueline,Georgia,74318,PROD0061,0.29,686.03,3.0,False
1561,ORD001562,CUST0062,2024-09-24,Sports,345.88,2,Credit Card,Returned,Youngfort,Oklahoma,45468,PROD0062,0.15,588.0,3.0,False
1562,ORD001563,CUST0063,2024-08-01,Home,26.01,2,Net Banking,Delivered,Ramirezton,North Carolina,89987,PROD0063,0.02,50.98,2.0,False
1563,ORD001564,CUST0064,2024-08-13,Beauty,259.67,2,Cash on Delivery,Cancelled,Sanchezland,Hawaii,70785,PROD0064,0.09,472.6,4.0,False
1564,ORD001565,CUST0065,2024-08-19,Clothing,275.7,1,PayPal,Cancelled,Robbinsshire,Maryland,57753,PROD0065,0.0,275.7,5.0,False
1565,ORD001566,CUST0066,2024-10-07,Electronics,173.35,3,Debit Card,Cancelled,Priscillafurt,Wyoming,831,PROD0066,0.17,431.64,3.0,False
1566,ORD001567,CUST0067,2024-09-14,Clothing,38.96,3,Cash on Delivery,Cancelled,New Brandy,Minnesota,33880,PROD0067,0.3,81.82,3.0,False
1567,ORD001568,CUST0068,2024-12-25,Electronics,118.31,2,Debit Card,Cancelled,Tammyberg,Delaware,13112,PROD0068,0.18,194.03,5.0,False
1568,ORD001569,CUST0069,2025-02-09,Beauty,182.2,2,Debit Card,Cancelled,South Katherine,Arkansas,61305,PROD0069,0.18,298.81,2.0,False
1569,ORD001570,CUST0070,2024-06-30,Home,220.4,1,Credit Card,Delivered,East Jodichester,Iowa,55869,PROD0070,0.1,198.36,3.0,True
1570,ORD001571,CUST0071,2025-03-22,Electronics,297.51,3,Credit Card,Pending,North Mark,Kentucky,96678,PROD0071,0.07,830.05,4.0,False
1571,ORD001572,CUST0072,2024-11-17,Sports,362.58,1,PayPal,Returned,Port Craig,Arkansas,33143,PROD0072,0.15,308.19,5.0,False
1572,ORD001573,CUST0073,2025-01-07,Sports,162.23,3,Debit Card,Delivered,Port Erin,Florida,84800,PROD0073,0.27,355.28,5.0,True
1573,ORD001574,CUST0074,2024-07-31,Sports,167.83,3,PayPal,Cancelled,Townsendshire,Texas,94983,PROD0074,0.0,503.49,2.0,False
1574,ORD001575,CUST0075,2025-03-15,Books,14.75,1,Debit Card,Pending,South Sandrafurt,New Hampshire,32330,PROD0075,0.17,12.24,4.0,False
1575,ORD001576,CUST0076,2024-11-05,Electronics,25.23,1,Net Banking,Delivered,Port Kimberlyton,Vermont,43694,PROD0076,0.13,21.95,2.0,True
1576,ORD001577,CUST0077,2025-02-17,Books,132.62,4,Credit Card,Pending,Thomasfurt,West Virginia,34265,PROD0077,0.19,429.69,2.0,False
1577,ORD001578,CUST0078,2024-08-08,Clothing,371.42,2,Debit Card,Delivered,West Eileen,Ohio,11487,PROD0078,0.25,557.13,5.0,True
1578,ORD001579,CUST0079,2024-08-20,Electronics,316.02,4,Credit Card,Returned,Wendyberg,Arizona,81972,PROD0079,0.13,1099.75,3.0,False
1579,ORD001580,CUST0080,2024-10-25,Beauty,386.05,4,Cash on Delivery,Returned,East Pamela,Oregon,42849,PROD0080,0.07,1436.11,2.0,False
1580,ORD001581,CUST0081,2025-01-29,Clothing,385.62,4,PayPal,Returned,South Tiffanyton,Arkansas,75346,PROD0081,0.11,1372.81,2.0,False
1581,ORD001582,CUST0082,2025-01-03,Beauty,429.0,3,Credit Card,Delivered,Lake Sabrinafort,New Jersey,96936,PROD0082,0.05,1222.65,3.0,True
1582,ORD001583,CUST0083,2024-10-29,Sports,361.56,2,Debit Card,Delivered,Tamaratown,Georgia,27336,PROD0083,0.03,701.43,4.0,True
1583,ORD001584,CUST0084,2024-11-24,Clothing,489.61,3,PayPal,Cancelled,Priscillamouth,Indiana,19632,PROD0084,0.11,1307.26,4.0,False
1584,ORD001585,CUST0085,2024-11-05,Clothing,449.92,2,Cash on Delivery,Returned,Lake Nicoleland,Montana,37119,PROD0085,0.19,728.87,5.0,False
1585,ORD001586,CUST0086,2024-06-15,Clothing,295.42,2,PayPal,Pending,South Curtishaven,Nevada,53887,PROD0086,0.08,543.57,3.0,False
1586,ORD001587,CUST0087,2025-03-16,Sports,296.14,3,Credit Card,Cancelled,Port Kevin,Idaho,7300,PROD0087,0.27,648.55,3.0,False
1587,ORD001588,CUST0088,2025-02-18,Electronics,21.96,2,Debit Card,Pending,West Monica,Georgia,77368,PROD0088,0.21,34.7,3.0,False
1588,ORD001589,CUST0089,2024-08-18,Sports,499.27,1,Cash on Delivery,Delivered,Allenchester,Idaho,92141,PROD0089,0.21,394.42,2.0,False
1589,ORD001590,CUST0090,2025-04-16,Beauty,70.13,4,Cash on Delivery,Returned,Juanland,Kentucky,4024,PROD0090,0.21,221.61,,False
1590,ORD001591,CUST0091,2024-12-11,Clothing,371.47,1,Debit Card,Pending,South Alan,Mississippi,9032,PROD0091,0.0,371.47,1.0,False
1591,ORD001592,CUST0092,2024-08-26,Electronics,411.4,2,PayPal,Cancelled,New Tylerhaven,Oklahoma,7658,PROD0092,0.24,625.33,3.0,False
1592,ORD001593,CUST0093,2024-06-29,Beauty,189.66,3,Credit Card,Pending,Hernandezfort,Maryland,6872,PROD0093,0.28,409.67,4.0,False
1593,ORD001594,CUST0094,2025-02-20,Sports,102.44,3,PayPal,Pending,North David,Washington,51012,PROD0094,0.01,304.25,4.0,False
1594,ORD001595,CUST0095,2024-10-11,Clothing,53.89,3,Debit Card,Cancelled,West Gary,Maryland,44863,PROD0095,0.18,132.57,3.0,False
1595,ORD001596,CUST0096,2025-03-16,Books,375.56,2,Credit Card,Pending,Scottton,Maryland,11847,PROD0096,0.2,600.9,4.0,False
1596,ORD001597,CUST0097,2025-04-27,Clothing,229.06,1,Debit Card,Returned,East Steven,Maryland,93282,PROD0097,0.06,215.32,3.0,False
1597,ORD001598,CUST0098,2025-02-26,Electronics,358.29,2,Debit Card,Pending,Gibsonport,North Dakota,96123,PROD0098,0.25,537.44,1.0,False
1598,ORD001599,CUST0099,2024-08-22,Electronics,458.13,4,Debit Card,Delivered,Patrickmouth,Kansas,93302,PROD0099,0.19,1484.34,2.0,False
1599,ORD001600,CUST0100,2024-08-19,Home,77.56,4,Credit Card,Cancelled,East Carl,Idaho,63142,PROD0100,0.07,288.52,3.0,False
1600,ORD001601,CUST0101,2025-04-14,Books,459.99,4,Net Banking,Cancelled,Lake Alanland,New Hampshire,1844,PROD0101,0.29,1306.37,1.0,False
1601,ORD001602,CUST0102,2024-08-07,Sports,208.76,4,Credit Card,Returned,New Codytown,South Carolina,99110,PROD0102,0.06,784.94,1.0,False
1602,ORD001603,CUST0103,2025-05-24,Home,156.11,1,PayPal,Cancelled,Briannaville,Idaho,28355,PROD0103,0.2,124.89,1.0,False
1603,ORD001604,CUST0104,2025-05-14,Clothing,471.82,2,Debit Card,Delivered,Ruthberg,Maine,76484,PROD0104,0.14,811.53,4.0,True
1604,ORD001605,CUST0105,2024-06-18,Home,495.37,2,PayPal,Delivered,East Karistad,Michigan,28598,PROD0105,0.22,772.78,5.0,False
1605,ORD001606,CUST0106,2024-09-08,Clothing,103.45,3,Cash on Delivery,Returned,Josefurt,Kentucky,1323,PROD0106,0.03,301.04,5.0,False
1606,ORD001607,CUST0107,2024-09-02,Clothing,330.13,1,Credit Card,Pending,Kaylashire,Louisiana,84006,PROD0107,0.29,234.39,1.0,False
1607,ORD001608,CUST0108,2025-01-13,Clothing,57.72,2,PayPal,Cancelled,Shellybury,Vermont,92058,PROD0108,0.06,108.51,4.0,False
1608,ORD001609,CUST0109,2025-06-05,Home,327.2,1,Debit Card,Delivered,East Andrew,New Jersey,64782,PROD0109,0.07,304.3,3.0,False
1609,ORD001610,CUST0110,2024-07-10,Electronics,414.52,2,PayPal,Cancelled,Lorifurt,North Carolina,21146,PROD0110,0.17,688.1,1.0,False
1610,ORD001611,CUST0111,2024-07-15,Sports,343.83,1,PayPal,Pending,Pamelaborough,Mississippi,90138,PROD0111,0.1,309.45,2.0,False
1611,ORD001612,CUST0112,2025-03-13,Clothing,211.58,2,Cash on Delivery,Cancelled,North Davidhaven,Vermont,17490,PROD0112,0.13,368.15,1.0,False
1612,ORD001613,CUST0113,2024-12-09,Home,194.62,1,Net Banking,Pending,Brookeshire,Washington,28900,PROD0113,0.01,192.67,4.0,False
1613,ORD001614,CUST0114,2024-12-15,Home,199.6,3,PayPal,Delivered,Reginabury,Washington,97944,PROD0114,0.07,556.88,3.0,True
1614,ORD001615,CUST0115,2025-01-03,Clothing,296.91,4,PayPal,Returned,Port Nicoleside,Washington,24370,PROD0115,0.23,914.48,2.0,False
1615,ORD001616,CUST0116,2025-02-19,Books,441.38,1,Credit Card,Delivered,Jonathanside,Kentucky,51682,PROD0116,0.27,322.21,2.0,True
1616,ORD001617,CUST0117,2025-04-06,Clothing,464.89,2,Credit Card,Returned,Port Jerryberg,Indiana,35634,PROD0117,0.07,864.7,5.0,False
1617,ORD001618,CUST0118,2024-07-25,Sports,31.5,4,Cash on Delivery,Returned,Michelleville,Virginia,4341,PROD0118,0.23,97.02,1.0,False
1618,ORD001619,CUST0119,2025-01-24,Beauty,94.9,1,Debit Card,Pending,Shermanfurt,Minnesota,55994,PROD0119,0.01,93.95,3.0,False
1619,ORD001620,CUST0120,2025-02-22,Books,60.55,2,Cash on Delivery,Cancelled,Valdezside,Indiana,9107,PROD0120,0.01,119.89,1.0,False
1620,ORD001621,CUST0121,2024-07-16,Home,100.7,3,PayPal,Pending,Lake Gary,California,56711,PROD0121,0.12,265.85,2.0,False
1621,ORD001622,CUST0122,2025-01-18,Beauty,176.57,3,PayPal,Cancelled,South Marissachester,Kentucky,72472,PROD0122,0.04,508.52,3.0,False
1622,ORD001623,CUST0123,2024-11-07,Sports,255.73,2,Net Banking,Pending,Lake James,Oregon,58853,PROD0123,0.05,485.89,2.0,False
1623,ORD001624,CUST0124,2024-11-27,Clothing,316.58,1,PayPal,Delivered,Santosmouth,Delaware,79212,PROD0124,0.19,256.43,4.0,False
1624,ORD001625,CUST0125,2025-01-24,Clothing,367.41,4,Credit Card,Cancelled,Port Laura,California,54513,PROD0125,0.26,1087.53,3.0,False
1625,ORD001626,CUST0126,2025-03-23,Home,445.61,4,Cash on Delivery,Pending,North Amy,Montana,52758,PROD0126,0.23,1372.48,4.0,False
1626,ORD001627,CUST0127,2024-08-24,Home,494.6,2,Net Banking,Delivered,Samanthafort,Minnesota,80590,PROD0127,0.1,890.28,4.0,False
1627,ORD001628,CUST0128,2025-02-23,Clothing,333.11,1,Cash on Delivery,Pending,Listad,New Mexico,58280,PROD0128,0.26,246.5,,False
1628,ORD001629,CUST0129,2024-08-09,Clothing,423.46,4,Cash on Delivery,Pending,New Hayden,Nebraska,98733,PROD0129,0.25,1270.38,3.0,False
1629,ORD001630,CUST0130,2024-08-28,Electronics,390.13,1,Credit Card,Cancelled,New Paulahaven,Connecticut,5377,PROD0130,0.16,327.71,3.0,False
1630,ORD001631,CUST0131,2025-01-25,Electronics,157.23,4,Debit Card,Delivered,Vazquezmouth,Nebraska,79809,PROD0131,0.14,540.87,4.0,True
1631,ORD001632,CUST0132,2025-03-20,Beauty,438.47,4,PayPal,Delivered,North Elizabethborough,Oklahoma,72276,PROD0132,0.02,1718.8,3.0,True
1632,ORD001633,CUST0133,2024-11-10,Sports,26.17,3,Cash on Delivery,Delivered,Gregoryview,Indiana,24169,PROD0133,0.05,74.58,2.0,False
1633,ORD001634,CUST0134,2025-01-14,Beauty,5.18,2,Credit Card,Pending,West Kimberly,Wisconsin,24552,PROD0134,0.03,10.05,1.0,False
1634,ORD001635,CUST0135,2025-04-16,Beauty,140.5,1,Cash on Delivery,Pending,New Meganburgh,New York,89747,PROD0135,0.16,118.02,3.0,False
1635,ORD001636,CUST0136,2024-09-03,Beauty,233.74,4,Debit Card,Cancelled,North Sean,Rhode Island,54051,PROD0136,0.2,747.97,5.0,False
1636,ORD001637,CUST0137,2024-06-17,Beauty,320.99,1,Debit Card,Returned,Leonardland,Montana,46114,PROD0137,0.19,260.0,4.0,False
1637,ORD001638,CUST0138,2025-02-07,Sports,55.38,1,Cash on Delivery,Cancelled,Blakestad,Tennessee,93102,PROD0138,0.26,40.98,1.0,False
1638,ORD001639,CUST0139,2025-01-21,Home,338.14,2,Debit Card,Pending,New Connormouth,Arkansas,1682,PROD0139,0.2,541.02,4.0,False
1639,ORD001640,CUST0140,2024-12-07,Sports,401.9,4,Credit Card,Cancelled,Julieton,Nevada,84308,PROD0140,0.25,1205.7,1.0,False
1640,ORD001641,CUST0141,2024-12-07,Books,96.73,2,Credit Card,Cancelled,Ortegafurt,California,19545,PROD0141,0.04,185.72,,False
1641,ORD001642,CUST0142,2024-11-07,Sports,210.49,1,Credit Card,Delivered,North Angela,Rhode Island,43037,PROD0142,0.05,199.97,4.0,True
1642,ORD001643,CUST0143,2025-05-03,Home,262.39,1,Credit Card,Cancelled,Lake Warren,Massachusetts,39632,PROD0143,0.28,188.92,5.0,False
1643,ORD001644,CUST0144,2024-10-29,Sports,228.64,1,Debit Card,Delivered,New Brad,Massachusetts,17331,PROD0144,0.11,203.49,5.0,True
1644,ORD001645,CUST0145,2025-05-22,Books,400.92,3,PayPal,Returned,South Kelseychester,New York,39120,PROD0145,0.07,1118.57,5.0,False
1645,ORD001646,CUST0146,2025-02-26,Electronics,480.46,3,PayPal,Returned,New Jesseborough,Oregon,64811,PROD0146,0.27,1052.21,3.0,False
1646,ORD001647,CUST0147,2025-04-07,Electronics,400.48,1,Debit Card,Cancelled,Heidiborough,Maine,95824,PROD0147,0.29,284.34,2.0,False
1647,ORD001648,CUST0148,2025-04-09,Beauty,43.61,1,Cash on Delivery,Cancelled,East Roberto,North Carolina,98275,PROD0148,0.19,35.32,3.0,False
1648,ORD001649,CUST0149,2025-02-10,Electronics,403.44,4,Cash on Delivery,Delivered,Jonesshire,Texas,14602,PROD0149,0.12,1420.11,2.0,True
1649,ORD001650,CUST0150,2024-11-09,Books,37.97,3,Cash on Delivery,Returned,Simmonsburgh,New Mexico,3739,PROD0150,0.21,89.99,5.0,False
1650,ORD001651,CUST0151,2024-07-18,Books,121.81,1,Credit Card,Cancelled,Lake Angelicaview,Maine,72903,PROD0151,0.0,121.81,4.0,False
1651,ORD001652,CUST0152,2024-08-26,Clothing,80.78,2,Debit Card,Cancelled,New Christinaland,Colorado,69488,PROD0152,0.04,155.1,2.0,False
1652,ORD001653,CUST0153,2025-01-07,Books,102.77,2,Cash on Delivery,Returned,Howellville,Massachusetts,93897,PROD0153,0.11,182.93,5.0,False
1653,ORD001654,CUST0154,2025-04-14,Beauty,266.52,3,Cash on Delivery,Delivered,Katherineland,Idaho,68567,PROD0154,0.25,599.67,3.0,False
1654,ORD001655,CUST0155,2025-05-19,Books,337.49,1,Cash on Delivery,Pending,Acostaborough,California,17481,PROD0155,0.09,307.12,1.0,False
1655,ORD001656,CUST0156,2024-07-08,Books,237.81,2,Net Banking,Pending,Edwardsfurt,Maryland,79873,PROD0156,0.02,466.11,2.0,False
1656,ORD001657,CUST0157,2024-10-14,Sports,480.05,1,PayPal,Cancelled,West Eileenmouth,California,89953,PROD0157,0.11,427.24,3.0,False
1657,ORD001658,CUST0158,2024-07-17,Beauty,123.94,4,Credit Card,Returned,Weissport,Arkansas,9833,PROD0158,0.07,461.06,1.0,False
1658,ORD001659,CUST0159,2024-07-22,Clothing,382.75,4,PayPal,Delivered,East Sydney,Arkansas,23963,PROD0159,0.02,1500.38,4.0,False
1659,ORD001660,CUST0160,2024-10-17,Clothing,435.74,3,PayPal,Pending,Brennanberg,Mississippi,56531,PROD0160,0.12,1150.35,2.0,False
1660,ORD001661,CUST0161,2025-02-15,Books,283.22,1,Net Banking,Delivered,North Gabrielle,Massachusetts,79936,PROD0161,0.11,252.07,4.0,True
1661,ORD001662,CUST0162,2024-10-31,Home,230.83,4,Credit Card,Returned,Port Gregory,New York,10844,PROD0162,0.22,720.19,1.0,False
1662,ORD001663,CUST0163,2025-05-05,Home,300.11,1,Debit Card,Pending,Danielleland,Virginia,34354,PROD0163,0.02,294.11,2.0,False
1663,ORD001664,CUST0164,2024-09-20,Beauty,217.26,1,Cash on Delivery,Returned,Kylieville,Alabama,92343,PROD0164,0.11,193.36,3.0,False
1664,ORD001665,CUST0165,2024-08-20,Sports,279.82,2,PayPal,Cancelled,Elliottfurt,Connecticut,42768,PROD0165,0.1,503.68,1.0,False
1665,ORD001666,CUST0166,2024-07-09,Beauty,211.38,2,Debit Card,Cancelled,South Jennifer,Illinois,35617,PROD0166,0.19,342.44,,False
1666,ORD001667,CUST0167,2025-03-04,Sports,203.23,3,Debit Card,Pending,Peterport,Vermont,38395,PROD0167,0.27,445.07,2.0,False
1667,ORD001668,CUST0168,2025-02-18,Electronics,349.2,1,Net Banking,Delivered,Port Yolandashire,South Carolina,16310,PROD0168,0.04,335.23,5.0,True
1668,ORD001669,CUST0169,2024-11-02,Beauty,50.96,4,Debit Card,Cancelled,Johnsonfort,Michigan,80652,PROD0169,0.24,154.92,4.0,False
1669,ORD001670,CUST0170,2024-06-28,Home,87.44,4,Credit Card,Delivered,East Danielfurt,Montana,56158,PROD0170,0.18,286.8,,False
1670,ORD001671,CUST0171,2025-02-06,Books,426.34,1,Credit Card,Cancelled,Davidshire,Georgia,39399,PROD0171,0.01,422.08,5.0,False
1671,ORD001672,CUST0172,2025-03-02,Beauty,386.68,3,Debit Card,Delivered,Lake Brent,Kansas,53778,PROD0172,0.23,893.23,5.0,False
1672,ORD001673,CUST0173,2025-01-24,Clothing,144.32,4,Debit Card,Cancelled,Port Christophermouth,Tennessee,36752,PROD0173,0.16,484.92,4.0,False
1673,ORD001674,CUST0174,2024-11-26,Clothing,191.75,2,Net Banking,Cancelled,Lake Emily,Indiana,27181,PROD0174,0.24,291.46,,False
1674,ORD001675,CUST0175,2025-03-15,Sports,463.38,2,Debit Card,Delivered,Virginiaside,South Carolina,83312,PROD0175,0.12,815.55,2.0,True
1675,ORD001676,CUST0176,2025-04-18,Clothing,409.95,2,Debit Card,Pending,Gutierrezview,Massachusetts,77915,PROD0176,0.2,655.92,3.0,False
1676,ORD001677,CUST0177,2025-06-03,Books,309.1,1,Credit Card,Cancelled,Port Justin,Michigan,80569,PROD0177,0.06,290.55,4.0,False
1677,ORD001678,CUST0178,2024-09-14,Beauty,114.64,2,Cash on Delivery,Returned,Smithland,Wisconsin,9136,PROD0178,0.06,215.52,3.0,False
1678,ORD001679,CUST0179,2024-11-27,Clothing,26.9,3,Credit Card,Pending,New Erinmouth,Tennessee,63346,PROD0179,0.1,72.63,,False
1679,ORD001680,CUST0180,2024-08-22,Clothing,218.47,2,Net Banking,Returned,West Amy,Arkansas,48779,PROD0180,0.16,367.03,4.0,False
1680,ORD001681,CUST0181,2025-03-22,Sports,337.95,1,Debit Card,Delivered,North Russellland,Georgia,52774,PROD0181,0.21,266.98,2.0,True
1681,ORD001682,CUST0182,2024-10-26,Sports,415.1,1,PayPal,Cancelled,Lake Jeromeburgh,Massachusetts,1038,PROD0182,0.2,332.08,5.0,False
1682,ORD001683,CUST0183,2024-09-21,Clothing,427.08,1,PayPal,Returned,Deborahburgh,Ohio,94721,PROD0183,0.25,320.31,5.0,False
1683,ORD001684,CUST0184,2025-04-04,Electronics,21.22,1,Credit Card,Returned,Lake Rebecca,Delaware,90183,PROD0184,0.13,18.46,4.0,False
1684,ORD001685,CUST0185,2025-01-13,Home,125.86,2,PayPal,Returned,South Richardland,Virginia,542,PROD0185,0.27,183.76,,False
1685,ORD001686,CUST0186,2025-05-21,Books,172.85,4,Cash on Delivery,Pending,Port Alexandraview,Rhode Island,45999,PROD0186,0.03,670.66,4.0,False
1686,ORD001687,CUST0187,2025-03-13,Beauty,98.42,2,Credit Card,Returned,Lake Davidside,New Jersey,69580,PROD0187,0.06,185.03,4.0,False
1687,ORD001688,CUST0188,2025-01-22,Books,402.47,3,PayPal,Delivered,Bradfordstad,Nebraska,50204,PROD0188,0.21,953.85,3.0,False
1688,ORD001689,CUST0189,2025-01-21,Books,384.9,1,Debit Card,Pending,Robertton,Florida,13308,PROD0189,0.08,354.11,2.0,False
1689,ORD001690,CUST0190,2025-02-06,Books,260.83,2,Debit Card,Cancelled,North Patrick,Vermont,48640,PROD0190,0.05,495.58,4.0,False
1690,ORD001691,CUST0191,2025-01-22,Sports,491.55,2,Cash on Delivery,Delivered,South Jamesville,New Mexico,72386,PROD0191,0.27,717.66,2.0,True
1691,ORD001692,CUST0192,2024-08-22,Home,76.31,1,Net Banking,Delivered,Romeromouth,Kentucky,73892,PROD0192,0.02,74.78,3.0,False
1692,ORD001693,CUST0193,2024-12-28,Electronics,450.33,2,Credit Card,Cancelled,Janetland,New York,11972,PROD0193,0.3,630.46,3.0,False
1693,ORD001694,CUST0194,2024-08-15,Beauty,62.65,2,Cash on Delivery,Returned,Matthewchester,Hawaii,9706,PROD0194,0.26,92.72,4.0,False
1694,ORD001695,CUST0195,2024-09-18,Books,85.77,1,Debit Card,Cancelled,New Rebeccaborough,Michigan,11890,PROD0195,0.26,63.47,3.0,False
1695,ORD001696,CUST0196,2024-06-23,Clothing,349.63,3,Cash on Delivery,Delivered,South Sara,Michigan,63815,PROD0196,0.19,849.6,3.0,False
1696,ORD001697,CUST0197,2024-09-07,Clothing,59.24,4,PayPal,Returned,East Jenniferberg,Texas,69873,PROD0197,0.07,220.37,3.0,False
1697,ORD001698,CUST0198,2024-09-11,Beauty,285.09,3,Debit Card,Pending,East Travis,Wyoming,15878,PROD0198,0.24,650.01,3.0,False
1698,ORD001699,CUST0199,2025-05-03,Electronics,213.02,3,Cash on Delivery,Pending,Antoniochester,Kansas,36777,PROD0199,0.02,626.28,1.0,False
1699,ORD001700,CUST0200,2025-04-12,Home,365.59,3,Cash on Delivery,Pending,Jacksonville,Wyoming,4697,PROD0200,0.17,910.32,3.0,False
1700,ORD001701,CUST0201,2025-04-20,Books,450.83,4,Credit Card,Pending,New Markburgh,Vermont,92269,PROD0201,0.13,1568.89,3.0,False
1701,ORD001702,CUST0202,2025-05-15,Clothing,386.09,3,Cash on Delivery,Delivered,Nancychester,Illinois,26671,PROD0202,0.23,891.87,2.0,False
1702,ORD001703,CUST0203,2025-01-14,Books,425.6,2,Cash on Delivery,Cancelled,Port Nathanhaven,South Dakota,97678,PROD0203,0.01,842.69,3.0,False
1703,ORD001704,CUST0204,2024-08-29,Sports,21.31,4,Net Banking,Delivered,New Michaelburgh,Rhode Island,83326,PROD0204,0.12,75.01,4.0,True
1704,ORD001705,CUST0205,2024-12-01,Home,158.55,2,Cash on Delivery,Cancelled,East Davidbury,California,89876,PROD0205,0.14,272.71,5.0,False
1705,ORD001706,CUST0206,2024-08-05,Clothing,260.14,2,PayPal,Returned,Allenview,Montana,93859,PROD0206,0.05,494.27,4.0,False
1706,ORD001707,CUST0207,2024-10-28,Electronics,210.9,3,PayPal,Cancelled,Thomashaven,West Virginia,14433,PROD0207,0.12,556.78,3.0,False
1707,ORD001708,CUST0208,2024-11-14,Electronics,119.47,2,Credit Card,Delivered,West Robert,Kentucky,74978,PROD0208,0.27,174.43,2.0,True
1708,ORD001709,CUST0209,2024-11-19,Sports,157.4,3,Net Banking,Delivered,Lake Kristin,Georgia,41069,PROD0209,0.14,406.09,1.0,False
1709,ORD001710,CUST0210,2025-04-24,Home,472.99,2,PayPal,Cancelled,West Alex,South Dakota,2624,PROD0210,0.08,870.3,3.0,False
1710,ORD001711,CUST0211,2024-06-21,Electronics,150.62,2,Net Banking,Cancelled,Malonemouth,Nevada,62343,PROD0211,0.16,253.04,5.0,False
1711,ORD001712,CUST0212,2025-01-25,Home,180.18,1,Debit Card,Pending,North Michael,Kentucky,72768,PROD0212,0.02,176.58,2.0,False
1712,ORD001713,CUST0213,2024-07-27,Electronics,6.84,2,PayPal,Returned,South Faithville,Tennessee,43799,PROD0213,0.09,12.45,3.0,False
1713,ORD001714,CUST0214,2025-04-13,Beauty,423.31,3,Cash on Delivery,Delivered,Mcculloughtown,Oregon,33167,PROD0214,0.24,965.15,4.0,True
1714,ORD001715,CUST0215,2025-01-06,Electronics,81.65,1,Debit Card,Returned,East Melissamouth,Nevada,28607,PROD0215,0.19,66.14,4.0,False
1715,ORD001716,CUST0216,2024-07-11,Sports,106.05,1,Debit Card,Cancelled,Zacharyport,Oklahoma,81340,PROD0216,0.01,104.99,4.0,False
1716,ORD001717,CUST0217,2024-12-29,Clothing,131.36,4,Net Banking,Delivered,Port Charles,Tennessee,39291,PROD0217,0.17,436.12,1.0,True
1717,ORD001718,CUST0218,2024-09-21,Electronics,442.89,4,Net Banking,Delivered,Hullside,Rhode Island,63303,PROD0218,0.07,1647.55,4.0,False
1718,ORD001719,CUST0219,2024-09-29,Books,107.19,2,Credit Card,Delivered,Michelleberg,Oregon,89566,PROD0219,0.29,152.21,5.0,True
1719,ORD001720,CUST0220,2024-06-23,Home,399.78,3,Debit Card,Pending,South Alison,Virginia,60958,PROD0220,0.24,911.5,3.0,False
1720,ORD001721,CUST0221,2024-08-11,Clothing,404.98,1,PayPal,Delivered,Cherylchester,New Jersey,20765,PROD0221,0.04,388.78,2.0,False
1721,ORD001722,CUST0222,2024-12-12,Sports,463.88,2,Net Banking,Cancelled,Jenkinsmouth,Maine,84873,PROD0222,0.12,816.43,4.0,False
1722,ORD001723,CUST0223,2024-10-05,Books,62.2,4,PayPal,Delivered,New Breannaview,Alabama,78271,PROD0223,0.15,211.48,4.0,False
1723,ORD001724,CUST0224,2025-03-30,Books,112.55,2,Credit Card,Delivered,Cindymouth,Maryland,74746,PROD0224,0.05,213.84,4.0,False
1724,ORD001725,CUST0225,2024-12-04,Sports,372.73,1,Net Banking,Delivered,West Michaelville,Nevada,79266,PROD0225,0.21,294.46,5.0,True
1725,ORD001726,CUST0226,2024-06-17,Sports,102.02,4,Net Banking,Cancelled,Valenzuelafurt,Michigan,53794,PROD0226,0.25,306.06,1.0,False
1726,ORD001727,CUST0227,2024-07-20,Beauty,146.73,3,Credit Card,Delivered,Port Adamchester,Michigan,66673,PROD0227,0.0,440.19,4.0,False
1727,ORD001728,CUST0228,2024-08-06,Clothing,87.54,2,Cash on Delivery,Returned,Lake Bryce,Kentucky,35627,PROD0228,0.04,168.08,4.0,False
1728,ORD001729,CUST0229,2024-07-10,Sports,90.48,2,PayPal,Returned,Port Mitchellton,Arizona,46186,PROD0229,0.09,164.67,4.0,False
1729,ORD001730,CUST0230,2025-01-19,Home,243.37,2,Net Banking,Returned,North Jenniferville,Arizona,97563,PROD0230,0.3,340.72,4.0,False
1730,ORD001731,CUST0231,2025-05-14,Home,59.29,3,Cash on Delivery,Returned,Elizabethberg,Virginia,65956,PROD0231,0.12,156.53,4.0,False
1731,ORD001732,CUST0232,2024-09-03,Sports,164.24,3,Cash on Delivery,Cancelled,West Joel,Alabama,92106,PROD0232,0.05,468.08,1.0,False
1732,ORD001733,CUST0233,2024-07-14,Home,216.16,2,Cash on Delivery,Pending,North Jeff,New York,50166,PROD0233,0.04,415.03,5.0,False
1733,ORD001734,CUST0234,2024-06-28,Books,17.15,2,Debit Card,Returned,Robertton,Vermont,49135,PROD0234,0.27,25.04,2.0,False
1734,ORD001735,CUST0235,2024-07-06,Home,197.22,3,PayPal,Delivered,Phillipsborough,Massachusetts,25683,PROD0235,0.24,449.66,1.0,False
1735,ORD001736,CUST0236,2024-07-26,Home,51.59,2,Net Banking,Returned,South Lindaborough,Florida,55062,PROD0236,0.19,83.58,4.0,False
1736,ORD001737,CUST0237,2024-06-29,Books,249.32,2,Cash on Delivery,Cancelled,Moorechester,Vermont,29387,PROD0237,0.16,418.86,4.0,False
1737,ORD001738,CUST0238,2024-09-10,Sports,413.74,3,PayPal,Pending,West Nancyburgh,Wyoming,42295,PROD0238,0.23,955.74,2.0,False
1738,ORD001739,CUST0239,2024-06-30,Home,410.12,1,Credit Card,Cancelled,Lake Marissa,Wisconsin,88582,PROD0239,0.1,369.11,,False
1739,ORD001740,CUST0240,2024-12-07,Home,44.82,1,PayPal,Delivered,Lake Phillipmouth,Illinois,24784,PROD0240,0.19,36.3,3.0,False
1740,ORD001741,CUST0241,2025-02-17,Clothing,302.61,2,Credit Card,Cancelled,Lake Anthony,Tennessee,95276,PROD0241,0.22,472.07,3.0,False
1741,ORD001742,CUST0242,2024-07-11,Electronics,418.12,3,Debit Card,Delivered,Derekberg,Oregon,14349,PROD0242,0.17,1041.12,2.0,True
1742,ORD001743,CUST0243,2024-12-03,Electronics,122.8,2,Credit Card,Returned,Petersonport,Mississippi,43592,PROD0243,0.05,233.32,4.0,False
1743,ORD001744,CUST0244,2025-04-05,Clothing,382.15,4,PayPal,Delivered,East Hannahside,Kansas,61622,PROD0244,0.3,1070.02,2.0,False
1744,ORD001745,CUST0245,2024-09-20,Electronics,445.93,2,PayPal,Pending,East Emilyhaven,West Virginia,44404,PROD0245,0.24,677.81,2.0,False
1745,ORD001746,CUST0246,2025-03-31,Sports,404.03,2,PayPal,Returned,Arnoldbury,Massachusetts,74658,PROD0246,0.15,686.85,4.0,False
1746,ORD001747,CUST0247,2024-07-25,Home,58.11,1,Net Banking,Cancelled,Lake Angela,California,19759,PROD0247,0.19,47.07,1.0,False
1747,ORD001748,CUST0248,2024-09-30,Clothing,9.48,4,Credit Card,Cancelled,Jamieborough,Illinois,50570,PROD0248,0.23,29.2,4.0,False
1748,ORD001749,CUST0249,2024-08-14,Books,99.9,4,PayPal,Cancelled,Leachland,Nebraska,12471,PROD0249,0.14,343.66,1.0,False
1749,ORD001750,CUST0250,2024-08-05,Clothing,138.89,1,Debit Card,Delivered,Lake Melindaberg,Missouri,95370,PROD0250,0.22,108.33,3.0,True
1750,ORD001751,CUST0251,2024-11-05,Sports,310.01,2,Net Banking,Delivered,Phillipland,Illinois,43817,PROD0251,0.23,477.42,2.0,False
1751,ORD001752,CUST0252,2025-03-09,Beauty,195.22,3,Debit Card,Cancelled,Kevinhaven,Oregon,12768,PROD0252,0.14,503.67,,False
1752,ORD001753,CUST0253,2024-11-11,Books,353.19,1,Cash on Delivery,Cancelled,East Terrymouth,Illinois,27716,PROD0253,0.06,332.0,2.0,False
1753,ORD001754,CUST0254,2024-06-26,Electronics,179.77,3,Net Banking,Delivered,South Jessicaville,New Hampshire,42782,PROD0254,0.18,442.23,3.0,False
1754,ORD001755,CUST0255,2024-06-16,Sports,81.44,3,Cash on Delivery,Returned,Port Benjaminton,Oregon,93284,PROD0255,0.17,202.79,2.0,False
1755,ORD001756,CUST0256,2024-11-01,Beauty,159.78,4,Debit Card,Cancelled,Port Sandra,New Jersey,82358,PROD0256,0.15,543.25,4.0,False
1756,ORD001757,CUST0257,2024-09-05,Books,442.74,4,Debit Card,Pending,Susanstad,Alaska,41103,PROD0257,0.02,1735.54,5.0,False
1757,ORD001758,CUST0258,2025-01-16,Books,479.47,3,Cash on Delivery,Pending,Deborahland,South Carolina,25420,PROD0258,0.23,1107.58,3.0,False
1758,ORD001759,CUST0259,2024-12-20,Books,107.72,2,PayPal,Pending,Lake Courtneyville,Ohio,89102,PROD0259,0.16,180.97,4.0,False
1759,ORD001760,CUST0260,2025-04-12,Electronics,395.29,4,Cash on Delivery,Delivered,East Williamville,Alabama,32342,PROD0260,0.13,1375.61,3.0,True
1760,ORD001761,CUST0261,2025-01-03,Sports,140.31,1,Cash on Delivery,Returned,Claystad,Missouri,83544,PROD0261,0.24,106.64,3.0,False
1761,ORD001762,CUST0262,2024-12-11,Sports,444.13,3,Cash on Delivery,Returned,South Markmouth,Kansas,13687,PROD0262,0.06,1252.45,1.0,False
1762,ORD001763,CUST0263,2024-09-30,Electronics,86.95,2,Cash on Delivery,Delivered,Kristinmouth,South Dakota,66174,PROD0263,0.08,159.99,,False
1763,ORD001764,CUST0264,2025-03-05,Books,334.65,2,Credit Card,Cancelled,South Aprilstad,Oklahoma,33394,PROD0264,0.19,542.13,3.0,False
1764,ORD001765,CUST0265,2025-06-13,Books,46.68,2,Net Banking,Pending,Williamsmouth,Oklahoma,19076,PROD0265,0.12,82.16,5.0,False
1765,ORD001766,CUST0266,2025-03-10,Home,487.08,3,Debit Card,Delivered,New Chadstad,Indiana,5731,PROD0266,0.09,1329.73,4.0,True
1766,ORD001767,CUST0267,2024-08-29,Home,351.81,3,Debit Card,Cancelled,Angelamouth,New York,62489,PROD0267,0.08,971.0,4.0,False
1767,ORD001768,CUST0268,2024-07-24,Sports,421.7,4,Debit Card,Returned,West Victorbury,Delaware,87072,PROD0268,0.15,1433.78,3.0,False
1768,ORD001769,CUST0269,2024-08-11,Books,285.5,2,PayPal,Cancelled,West Jamesfurt,Texas,53690,PROD0269,0.23,439.67,3.0,False
1769,ORD001770,CUST0270,2025-05-27,Sports,241.02,4,Credit Card,Cancelled,Aguilarfurt,Ohio,93783,PROD0270,0.24,732.7,3.0,False
1770,ORD001771,CUST0271,2025-02-14,Beauty,312.83,1,Cash on Delivery,Delivered,North Kennethmouth,Montana,41178,PROD0271,0.24,237.75,4.0,True
1771,ORD001772,CUST0272,2024-07-17,Sports,266.73,2,Credit Card,Cancelled,Thomastown,North Carolina,59245,PROD0272,0.27,389.43,5.0,False
1772,ORD001773,CUST0273,2024-10-13,Books,237.35,4,Credit Card,Pending,West Andrea,Rhode Island,57862,PROD0273,0.02,930.41,3.0,False
1773,ORD001774,CUST0274,2024-10-08,Beauty,380.93,3,Cash on Delivery,Delivered,Justinmouth,Minnesota,68870,PROD0274,0.29,811.38,4.0,False
1774,ORD001775,CUST0275,2025-06-03,Books,93.21,4,Credit Card,Returned,New Sharonland,Illinois,31979,PROD0275,0.13,324.37,4.0,False
1775,ORD001776,CUST0276,2025-01-03,Clothing,89.73,4,Cash on Delivery,Pending,Rosariostad,Indiana,53092,PROD0276,0.06,337.38,,False
1776,ORD001777,CUST0277,2025-05-10,Home,218.76,4,PayPal,Delivered,Perezmouth,North Dakota,78028,PROD0277,0.29,621.28,4.0,True
1777,ORD001778,CUST0278,2024-11-28,Beauty,163.77,1,Credit Card,Pending,Scotthaven,Alabama,73640,PROD0278,0.25,122.83,5.0,False
1778,ORD001779,CUST0279,2024-12-11,Beauty,41.69,1,Credit Card,Cancelled,Williamsshire,Missouri,33258,PROD0279,0.28,30.02,3.0,False
1779,ORD001780,CUST0280,2025-01-21,Home,423.01,1,Net Banking,Returned,West Yolandaview,Alabama,84086,PROD0280,0.16,355.33,2.0,False
1780,ORD001781,CUST0281,2024-12-21,Home,386.94,2,Cash on Delivery,Delivered,Alextown,Louisiana,38148,PROD0281,0.22,603.63,4.0,False
1781,ORD001782,CUST0282,2024-08-28,Home,274.24,1,Net Banking,Pending,Villanuevafurt,West Virginia,13609,PROD0282,0.16,230.36,2.0,False
1782,ORD001783,CUST0283,2024-10-08,Electronics,489.77,1,Net Banking,Pending,Rachelchester,Massachusetts,15296,PROD0283,0.16,411.41,5.0,False
1783,ORD001784,CUST0284,2024-11-10,Sports,40.94,3,Cash on Delivery,Cancelled,Dillonstad,New Hampshire,13688,PROD0284,0.29,87.2,1.0,False
1784,ORD001785,CUST0285,2025-01-03,Books,384.5,2,Cash on Delivery,Delivered,Wilsonmouth,Wisconsin,65265,PROD0285,0.22,599.82,3.0,True
1785,ORD001786,CUST0286,2025-01-31,Books,136.85,1,Credit Card,Pending,North Harry,Minnesota,80297,PROD0286,0.17,113.59,3.0,False
1786,ORD001787,CUST0287,2024-10-31,Sports,187.46,4,Cash on Delivery,Pending,South Christopher,Hawaii,89910,PROD0287,0.12,659.86,5.0,False
1787,ORD001788,CUST0288,2025-04-13,Home,113.54,4,Net Banking,Cancelled,South Roberto,South Dakota,50734,PROD0288,0.05,431.45,,False
1788,ORD001789,CUST0289,2025-03-05,Beauty,395.57,1,PayPal,Pending,South Andrewfort,California,47495,PROD0289,0.03,383.7,,False
1789,ORD001790,CUST0290,2025-01-06,Clothing,76.4,3,PayPal,Pending,Fletcherborough,Kansas,32000,PROD0290,0.09,208.57,1.0,False
1790,ORD001791,CUST0291,2024-12-30,Beauty,420.81,3,Credit Card,Returned,Port Dillon,Iowa,29177,PROD0291,0.21,997.32,,False
1791,ORD001792,CUST0292,2024-07-30,Home,332.48,4,Debit Card,Delivered,Port Christopher,Nebraska,39104,PROD0292,0.06,1250.12,4.0,False
1792,ORD001793,CUST0293,2024-09-12,Home,34.22,1,Net Banking,Pending,East Lisa,New Mexico,41341,PROD0293,0.04,32.85,3.0,False
1793,ORD001794,CUST0294,2024-12-09,Clothing,406.44,1,PayPal,Pending,Hansonmouth,North Dakota,74595,PROD0294,0.02,398.31,3.0,False
1794,ORD001795,CUST0295,2024-11-26,Electronics,315.74,1,PayPal,Pending,South Michelleville,Illinois,47551,PROD0295,0.25,236.8,5.0,False
1795,ORD001796,CUST0296,2024-11-23,Electronics,452.97,1,Credit Card,Cancelled,Port Kellyside,West Virginia,65368,PROD0296,0.07,421.26,5.0,False
1796,ORD001797,CUST0297,2025-06-01,Clothing,375.62,4,PayPal,Pending,Breannachester,Florida,73853,PROD0297,0.06,1412.33,2.0,False
1797,ORD001798,CUST0298,2024-12-26,Sports,282.75,2,Cash on Delivery,Returned,New Brianfurt,Florida,99216,PROD0298,0.12,497.64,2.0,False
1798,ORD001799,CUST0299,2025-02-03,Electronics,419.09,4,Net Banking,Cancelled,East Valeriechester,Nevada,59690,PROD0299,0.19,1357.85,1.0,False
1799,ORD001800,CUST0300,2024-10-05,Clothing,142.63,4,Cash on Delivery,Returned,Stevensborough,Oklahoma,58386,PROD0300,0.18,467.83,3.0,False
1800,ORD001801,CUST0301,2024-09-27,Books,275.74,1,Net Banking,Pending,North Dennis,Nebraska,70140,PROD0001,0.28,198.53,3.0,False
1801,ORD001802,CUST0302,2025-01-02,Books,150.34,2,Debit Card,Pending,Robertoshire,Alabama,5358,PROD0002,0.2,240.54,4.0,False
1802,ORD001803,CUST0303,2024-09-30,Sports,484.26,4,Cash on Delivery,Pending,New Victoriaberg,Indiana,75397,PROD0003,0.17,1607.74,2.0,False
1803,ORD001804,CUST0304,2025-02-21,Electronics,116.97,4,Debit Card,Returned,New Michael,Hawaii,19928,PROD0004,0.21,369.63,4.0,False
1804,ORD001805,CUST0305,2024-09-11,Sports,12.79,2,Cash on Delivery,Cancelled,Matthewside,Nebraska,98433,PROD0005,0.2,20.46,4.0,False
1805,ORD001806,CUST0306,2025-04-29,Books,166.3,1,Credit Card,Pending,Kathrynborough,North Carolina,75292,PROD0006,0.23,128.05,2.0,False
1806,ORD001807,CUST0307,2024-06-15,Sports,253.74,1,Debit Card,Pending,Joshuaport,Kansas,32136,PROD0007,0.17,210.6,5.0,False
1807,ORD001808,CUST0308,2024-10-10,Electronics,19.04,3,Cash on Delivery,Returned,New Erin,North Dakota,34367,PROD0008,0.24,43.41,5.0,False
1808,ORD001809,CUST0309,2024-08-27,Sports,281.83,2,Net Banking,Cancelled,Johnsonshire,Montana,79404,PROD0009,0.27,411.47,4.0,False
1809,ORD001810,CUST0310,2025-03-12,Home,437.77,4,PayPal,Pending,North Miguel,New Mexico,55012,PROD0010,0.21,1383.35,3.0,False
1810,ORD001811,CUST0311,2024-10-13,Home,353.84,2,Cash on Delivery,Cancelled,Wilsonborough,Idaho,47067,PROD0011,0.11,629.84,4.0,False
1811,ORD001812,CUST0312,2024-10-23,Clothing,313.37,1,Cash on Delivery,Pending,New Steven,Kentucky,92186,PROD0012,0.08,288.3,2.0,False
1812,ORD001813,CUST0313,2024-12-23,Electronics,478.2,1,PayPal,Delivered,East Gregorybury,New Mexico,7530,PROD0013,0.19,387.34,4.0,False
1813,ORD001814,CUST0314,2025-04-18,Beauty,479.35,4,Cash on Delivery,Pending,Veronicashire,Vermont,98622,PROD0014,0.19,1553.09,4.0,False
1814,ORD001815,CUST0315,2024-09-19,Clothing,413.01,4,PayPal,Delivered,Port John,Missouri,16276,PROD0015,0.01,1635.52,4.0,True
1815,ORD001816,CUST0316,2024-08-26,Electronics,305.83,1,Net Banking,Pending,New Jessicaport,Florida,81642,PROD0016,0.22,238.55,5.0,False
1816,ORD001817,CUST0317,2025-04-15,Electronics,246.44,1,Cash on Delivery,Cancelled,Stewartborough,Oregon,70650,PROD0017,0.07,229.19,5.0,False
1817,ORD001818,CUST0318,2025-01-22,Home,11.59,3,Net Banking,Delivered,Robinsontown,New Jersey,88885,PROD0018,0.02,34.07,5.0,False
1818,ORD001819,CUST0319,2024-09-09,Sports,305.1,1,Cash on Delivery,Cancelled,North Mariomouth,Louisiana,89164,PROD0019,0.05,289.85,3.0,False
1819,ORD001820,CUST0320,2025-03-06,Beauty,494.6,3,Debit Card,Cancelled,Port John,Louisiana,83069,PROD0020,0.2,1187.04,4.0,False
1820,ORD001821,CUST0321,2025-06-06,Home,409.96,1,Credit Card,Pending,North Evan,New Jersey,48531,PROD0021,0.16,344.37,,False
1821,ORD001822,CUST0322,2024-08-21,Sports,173.6,4,PayPal,Delivered,South Michael,Rhode Island,10406,PROD0022,0.25,520.8,3.0,False
1822,ORD001823,CUST0323,2024-11-23,Sports,80.26,1,Net Banking,Delivered,Sandramouth,South Dakota,87486,PROD0023,0.03,77.85,4.0,False
1823,ORD001824,CUST0324,2025-06-11,Sports,393.11,2,Debit Card,Returned,New Tony,Montana,43419,PROD0024,0.25,589.66,2.0,False
1824,ORD001825,CUST0325,2025-01-18,Clothing,373.25,1,Net Banking,Returned,Mcdonaldbury,Wisconsin,28265,PROD0025,0.2,298.6,3.0,False
1825,ORD001826,CUST0326,2024-10-13,Clothing,483.69,4,Debit Card,Delivered,Kennedymouth,Indiana,24764,PROD0026,0.06,1818.67,3.0,False
1826,ORD001827,CUST0327,2024-06-30,Beauty,438.05,2,PayPal,Delivered,West Denisebury,New Mexico,46585,PROD0027,0.22,683.36,3.0,True
1827,ORD001828,CUST0328,2024-07-19,Beauty,280.05,4,Cash on Delivery,Delivered,Carlatown,West Virginia,56928,PROD0028,0.22,873.76,4.0,True
1828,ORD001829,CUST0329,2025-03-06,Sports,55.14,2,Net Banking,Delivered,North Emilybury,Mississippi,15192,PROD0029,0.03,106.97,2.0,True
1829,ORD001830,CUST0330,2025-05-16,Sports,244.33,1,Net Banking,Pending,Ryanstad,Iowa,89356,PROD0030,0.08,224.78,5.0,False
1830,ORD001831,CUST0331,2025-01-03,Beauty,160.28,4,Cash on Delivery,Pending,South Kristin,Maryland,50858,PROD0031,0.19,519.31,2.0,False
1831,ORD001832,CUST0332,2024-06-21,Books,258.64,4,PayPal,Returned,Port Patrickburgh,Tennessee,69594,PROD0032,0.11,920.76,1.0,False
1832,ORD001833,CUST0333,2024-09-07,Books,154.34,3,Credit Card,Returned,Lake Brettfurt,New Mexico,70010,PROD0033,0.23,356.53,3.0,False
1833,ORD001834,CUST0334,2024-10-31,Home,431.6,2,Cash on Delivery,Delivered,New Kaylachester,Michigan,21214,PROD0034,0.16,725.09,4.0,True
1834,ORD001835,CUST0335,2024-11-24,Electronics,422.94,1,Credit Card,Delivered,Rodriguezshire,Utah,11727,PROD0035,0.26,312.98,3.0,False
1835,ORD001836,CUST0336,2024-08-29,Home,161.16,4,Cash on Delivery,Pending,Johnsonmouth,Michigan,91298,PROD0036,0.03,625.3,5.0,False
1836,ORD001837,CUST0337,2024-07-12,Home,301.79,3,PayPal,Delivered,Smithborough,Montana,14252,PROD0037,0.22,706.19,4.0,False
1837,ORD001838,CUST0338,2024-11-08,Books,217.94,4,Cash on Delivery,Cancelled,Contrerasport,Florida,29339,PROD0038,0.14,749.71,4.0,False
1838,ORD001839,CUST0339,2024-08-22,Beauty,455.0,4,Cash on Delivery,Cancelled,Port Jerryview,Illinois,46945,PROD0039,0.16,1528.8,4.0,False
1839,ORD001840,CUST0340,2025-01-26,Books,97.74,2,PayPal,Delivered,North Gregside,Kentucky,61342,PROD0040,0.09,177.89,4.0,False
1840,ORD001841,CUST0341,2025-02-18,Electronics,350.38,2,Net Banking,Returned,Hernandezfurt,Colorado,52981,PROD0041,0.08,644.7,2.0,False
1841,ORD001842,CUST0342,2024-08-01,Electronics,485.34,2,Cash on Delivery,Delivered,Port Ashleyhaven,Arkansas,61558,PROD0042,0.06,912.44,5.0,True
1842,ORD001843,CUST0343,2025-05-09,Beauty,91.76,2,Credit Card,Returned,Port Denise,Illinois,15579,PROD0043,0.11,163.33,3.0,False
1843,ORD001844,CUST0344,2024-12-27,Home,104.97,3,PayPal,Pending,Newtonchester,North Carolina,91789,PROD0044,0.07,292.87,3.0,False
1844,ORD001845,CUST0345,2025-05-15,Books,348.39,3,Cash on Delivery,Cancelled,North Erin,Wisconsin,947,PROD0045,0.06,982.46,4.0,False
1845,ORD001846,CUST0346,2025-04-24,Sports,390.68,1,Cash on Delivery,Pending,Lammouth,Montana,19951,PROD0046,0.29,277.38,5.0,False
1846,ORD001847,CUST0347,2024-08-31,Beauty,247.82,2,PayPal,Cancelled,Port Debra,New Mexico,83831,PROD0047,0.13,431.21,4.0,False
1847,ORD001848,CUST0348,2024-09-30,Beauty,306.79,2,Net Banking,Delivered,North David,Florida,83796,PROD0048,0.2,490.86,3.0,False
1848,ORD001849,CUST0349,2025-05-08,Electronics,110.28,2,Credit Card,Delivered,Williambury,Washington,39668,PROD0049,0.11,196.3,3.0,False
1849,ORD001850,CUST0350,2025-01-01,Home,240.92,2,Cash on Delivery,Pending,Lake Thomasville,Kansas,67057,PROD0050,0.17,399.93,3.0,False
1850,ORD001851,CUST0351,2024-11-23,Books,60.48,2,Net Banking,Delivered,Mariaburgh,Oregon,9712,PROD0051,0.15,102.82,1.0,True
1851,ORD001852,CUST0352,2025-04-07,Sports,164.1,2,Debit Card,Cancelled,Robinchester,Nebraska,24351,PROD0052,0.18,269.12,5.0,False
1852,ORD001853,CUST0353,2025-03-01,Clothing,145.97,3,Credit Card,Returned,Cunninghamberg,Pennsylvania,33382,PROD0053,0.22,341.57,1.0,False
1853,ORD001854,CUST0354,2024-12-19,Sports,225.09,2,Cash on Delivery,Returned,Gomezfurt,Hawaii,57510,PROD0054,0.2,360.14,3.0,False
1854,ORD001855,CUST0355,2024-11-30,Clothing,465.41,4,Net Banking,Cancelled,Johnsonbury,Iowa,70483,PROD0055,0.23,1433.46,5.0,False
1855,ORD001856,CUST0356,2025-03-16,Electronics,94.73,4,Credit Card,Pending,Port Anthony,Oklahoma,68185,PROD0056,0.04,363.76,4.0,False
1856,ORD001857,CUST0357,2025-05-29,Beauty,203.69,3,PayPal,Pending,Brianmouth,Maine,5197,PROD0057,0.03,592.74,5.0,False
1857,ORD001858,CUST0358,2024-08-31,Home,309.72,4,Cash on Delivery,Pending,Judithshire,North Dakota,8618,PROD0058,0.1,1114.99,4.0,False
1858,ORD001859,CUST0359,2025-04-06,Clothing,473.55,1,Net Banking,Returned,South Seanland,Idaho,17356,PROD0059,0.14,407.25,1.0,False
1859,ORD001860,CUST0360,2024-07-15,Clothing,70.91,3,PayPal,Delivered,Sandovalbury,Wyoming,34891,PROD0060,0.07,197.84,2.0,False
1860,ORD001861,CUST0361,2025-04-15,Home,459.35,1,PayPal,Returned,Alexanderfurt,Iowa,5015,PROD0061,0.23,353.7,2.0,False
1861,ORD001862,CUST0362,2024-07-03,Home,45.12,4,Credit Card,Returned,Jimenezchester,Iowa,49034,PROD0062,0.22,140.77,3.0,False
1862,ORD001863,CUST0363,2025-04-22,Clothing,242.97,1,Debit Card,Cancelled,Lake Sarah,Alaska,2259,PROD0063,0.27,177.37,5.0,False
1863,ORD001864,CUST0364,2025-01-17,Home,230.02,4,Credit Card,Returned,Port Brianbury,Florida,20640,PROD0064,0.22,717.66,4.0,False
1864,ORD001865,CUST0365,2024-10-15,Home,108.75,3,PayPal,Pending,West Juan,Nevada,22822,PROD0065,0.03,316.46,2.0,False
1865,ORD001866,CUST0366,2025-01-28,Clothing,176.99,3,Debit Card,Returned,Lake Johnside,Utah,29115,PROD0066,0.2,424.78,3.0,False
1866,ORD001867,CUST0367,2024-10-18,Beauty,229.81,2,Debit Card,Pending,New Jonathan,Iowa,16215,PROD0067,0.12,404.47,4.0,False
1867,ORD001868,CUST0368,2024-06-19,Clothing,433.28,4,Net Banking,Returned,Christianmouth,Florida,8784,PROD0068,0.08,1594.47,5.0,False
1868,ORD001869,CUST0369,2025-04-29,Beauty,477.76,2,Credit Card,Pending,Whiteshire,Montana,40855,PROD0069,0.18,783.53,5.0,False
1869,ORD001870,CUST0370,2025-03-13,Home,261.87,1,Net Banking,Cancelled,Rhondafort,Wisconsin,59144,PROD0070,0.09,238.3,4.0,False
1870,ORD001871,CUST0371,2024-12-16,Beauty,435.7,4,Net Banking,Pending,Hollyshire,Maryland,25155,PROD0071,0.16,1463.95,3.0,False
1871,ORD001872,CUST0372,2025-05-23,Electronics,306.04,4,PayPal,Delivered,Ellisshire,Wyoming,56597,PROD0072,0.17,1016.05,4.0,False
1872,ORD001873,CUST0373,2024-11-13,Electronics,177.8,1,Cash on Delivery,Cancelled,Jamesbury,New Hampshire,64518,PROD0073,0.16,149.35,4.0,False
1873,ORD001874,CUST0374,2025-02-09,Sports,101.13,4,Credit Card,Delivered,Marcberg,Tennessee,22313,PROD0074,0.0,404.52,,False
1874,ORD001875,CUST0375,2024-10-02,Clothing,209.5,3,Credit Card,Delivered,South Katherinemouth,Washington,70263,PROD0075,0.1,565.65,3.0,False
1875,ORD001876,CUST0376,2025-02-05,Books,263.8,1,Credit Card,Returned,West Shaunmouth,Delaware,66276,PROD0076,0.24,200.49,4.0,False
1876,ORD001877,CUST0377,2024-09-17,Books,27.0,2,Credit Card,Cancelled,Darlenestad,Oregon,2951,PROD0077,0.1,48.6,3.0,False
1877,ORD001878,CUST0378,2025-02-26,Home,77.19,3,PayPal,Returned,Sanchezhaven,Iowa,10265,PROD0078,0.15,196.83,4.0,False
1878,ORD001879,CUST0379,2024-12-14,Books,302.09,4,Net Banking,Returned,Donnafurt,South Carolina,6246,PROD0079,0.1,1087.52,3.0,False
1879,ORD001880,CUST0380,2025-03-12,Home,116.38,2,Cash on Delivery,Delivered,Perezport,Minnesota,66359,PROD0080,0.06,218.79,1.0,False
1880,ORD001881,CUST0381,2025-06-01,Beauty,419.48,3,Net Banking,Cancelled,South Chelsea,Michigan,57161,PROD0081,0.06,1182.93,4.0,False
1881,ORD001882,CUST0382,2025-02-03,Beauty,166.84,4,Credit Card,Pending,Port Caitlinville,North Carolina,22241,PROD0082,0.22,520.54,3.0,False
1882,ORD001883,CUST0383,2025-02-04,Home,56.89,4,Credit Card,Delivered,South Erikburgh,North Dakota,42744,PROD0083,0.19,184.32,4.0,False
1883,ORD001884,CUST0384,2024-08-14,Sports,46.35,4,Net Banking,Cancelled,Burtonside,Colorado,46080,PROD0084,0.28,133.49,2.0,False
1884,ORD001885,CUST0385,2024-09-08,Books,468.88,1,Debit Card,Cancelled,East Michael,Ohio,69144,PROD0085,0.13,407.93,5.0,False
1885,ORD001886,CUST0386,2025-02-02,Books,63.42,1,Debit Card,Delivered,Kelleyfurt,Connecticut,54898,PROD0086,0.19,51.37,4.0,True
1886,ORD001887,CUST0387,2025-05-04,Clothing,74.75,4,Credit Card,Returned,East Louisville,Montana,5422,PROD0087,0.14,257.14,3.0,False
1887,ORD001888,CUST0388,2025-02-06,Sports,432.02,4,Credit Card,Delivered,New Suzanne,Hawaii,97600,PROD0088,0.14,1486.15,2.0,False
1888,ORD001889,CUST0389,2024-11-02,Clothing,130.87,2,PayPal,Delivered,West Kelseymouth,Missouri,65841,PROD0089,0.26,193.69,5.0,False
1889,ORD001890,CUST0390,2025-05-26,Home,334.65,4,PayPal,Returned,Chapmanfort,Michigan,62693,PROD0090,0.14,1151.2,3.0,False
1890,ORD001891,CUST0391,2025-01-16,Home,409.28,1,PayPal,Cancelled,Markborough,Maryland,22252,PROD0091,0.28,294.68,2.0,False
1891,ORD001892,CUST0392,2024-08-23,Clothing,305.55,4,Credit Card,Cancelled,Port Tony,California,26918,PROD0092,0.19,989.98,4.0,False
1892,ORD001893,CUST0393,2024-07-18,Sports,478.96,4,PayPal,Returned,Lake Jamieville,South Carolina,70859,PROD0093,0.03,1858.36,1.0,False
1893,ORD001894,CUST0394,2025-05-18,Books,355.9,3,Debit Card,Pending,Hernandezchester,Maine,85975,PROD0094,0.02,1046.35,2.0,False
1894,ORD001895,CUST0395,2025-03-28,Sports,60.81,2,Credit Card,Cancelled,Alvaradotown,Arkansas,56767,PROD0095,0.29,86.35,2.0,False
1895,ORD001896,CUST0396,2024-10-18,Home,281.41,4,PayPal,Cancelled,South Jenniferberg,Washington,14247,PROD0096,0.12,990.56,3.0,False
1896,ORD001897,CUST0397,2025-01-14,Clothing,360.5,2,Credit Card,Returned,Palmerton,New Hampshire,56868,PROD0097,0.18,591.22,3.0,False
1897,ORD001898,CUST0398,2025-01-09,Clothing,401.97,1,Net Banking,Returned,Port Elizabethville,Washington,49640,PROD0098,0.13,349.71,4.0,False
1898,ORD001899,CUST0399,2024-10-24,Books,18.03,1,Credit Card,Pending,West Michael,Alabama,58372,PROD0099,0.05,17.13,2.0,False
1899,ORD001900,CUST0400,2024-11-10,Books,360.85,3,Credit Card,Cancelled,New Emilychester,Alabama,89842,PROD0100,0.04,1039.25,3.0,False
1900,ORD001901,CUST0401,2024-11-22,Sports,413.71,4,Credit Card,Cancelled,Gravesstad,Nevada,52483,PROD0101,0.06,1555.55,3.0,False
1901,ORD001902,CUST0402,2025-01-28,Beauty,374.68,1,PayPal,Delivered,East Jennifer,North Carolina,12796,PROD0102,0.18,307.24,4.0,True
1902,ORD001903,CUST0403,2024-12-09,Books,258.61,4,Cash on Delivery,Cancelled,South Monique,Arkansas,18993,PROD0103,0.16,868.93,5.0,False
1903,ORD001904,CUST0404,2024-11-01,Home,231.72,2,Net Banking,Returned,Lake Sierraland,Tennessee,43275,PROD0104,0.1,417.1,3.0,False
1904,ORD001905,CUST0405,2024-06-24,Home,276.96,3,Cash on Delivery,Returned,Lake Mindyfurt,Delaware,30740,PROD0105,0.01,822.57,4.0,False
1905,ORD001906,CUST0406,2024-07-18,Beauty,353.8,4,Debit Card,Returned,Woodwardmouth,West Virginia,30150,PROD0106,0.1,1273.68,4.0,False
1906,ORD001907,CUST0407,2024-07-11,Electronics,461.84,2,PayPal,Cancelled,East Breanna,West Virginia,85514,PROD0107,0.12,812.84,5.0,False
1907,ORD001908,CUST0408,2025-04-22,Home,310.43,2,Cash on Delivery,Pending,North Derrick,Louisiana,61944,PROD0108,0.23,478.06,4.0,False
1908,ORD001909,CUST0409,2024-12-05,Books,444.48,2,PayPal,Cancelled,Cindytown,Washington,3249,PROD0109,0.22,693.39,3.0,False
1909,ORD001910,CUST0410,2025-02-22,Sports,352.12,4,Debit Card,Pending,East Stephanieview,North Dakota,44363,PROD0110,0.07,1309.89,1.0,False
1910,ORD001911,CUST0411,2025-04-24,Electronics,38.83,1,PayPal,Delivered,Erinmouth,Mississippi,54710,PROD0111,0.07,36.11,2.0,False
1911,ORD001912,CUST0412,2024-09-28,Home,252.91,4,Debit Card,Delivered,East Darleneview,Utah,8838,PROD0112,0.19,819.43,4.0,True
1912,ORD001913,CUST0413,2024-08-30,Electronics,146.81,4,Net Banking,Returned,Stokesmouth,Louisiana,54158,PROD0113,0.2,469.79,4.0,False
1913,ORD001914,CUST0414,2025-03-25,Sports,146.16,4,Cash on Delivery,Pending,Lake Erin,Oregon,44148,PROD0114,0.17,485.25,4.0,False
1914,ORD001915,CUST0415,2025-05-25,Beauty,181.18,3,Credit Card,Cancelled,East Tracimouth,Connecticut,63319,PROD0115,0.03,527.23,1.0,False
1915,ORD001916,CUST0416,2025-05-16,Clothing,160.79,3,PayPal,Delivered,Lake Shannonfort,Georgia,75035,PROD0116,0.09,438.96,3.0,False
1916,ORD001917,CUST0417,2025-01-05,Home,291.41,1,Cash on Delivery,Delivered,Benjaminborough,Idaho,71196,PROD0117,0.01,288.5,1.0,True
1917,ORD001918,CUST0418,2025-05-25,Sports,343.38,1,Cash on Delivery,Pending,Jessicahaven,Vermont,77728,PROD0118,0.23,264.4,4.0,False
1918,ORD001919,CUST0419,2024-12-17,Beauty,138.03,1,Debit Card,Returned,Johnland,Nebraska,66485,PROD0119,0.24,104.9,2.0,False
1919,ORD001920,CUST0420,2025-06-05,Home,69.23,1,Cash on Delivery,Cancelled,Stephaniemouth,Colorado,57273,PROD0120,0.28,49.85,4.0,False
1920,ORD001921,CUST0421,2025-02-06,Sports,34.11,2,Debit Card,Delivered,East Justinchester,Nebraska,20240,PROD0121,0.03,66.17,4.0,False
1921,ORD001922,CUST0422,2025-01-15,Electronics,290.0,2,PayPal,Pending,Bentleyhaven,New Jersey,48238,PROD0122,0.27,423.4,1.0,False
1922,ORD001923,CUST0423,2024-12-19,Sports,97.13,1,PayPal,Pending,New Davidport,Louisiana,10081,PROD0123,0.28,69.93,2.0,False
1923,ORD001924,CUST0424,2024-12-27,Home,9.58,2,Credit Card,Returned,Theresaville,West Virginia,94650,PROD0124,0.3,13.41,5.0,False
1924,ORD001925,CUST0425,2025-02-19,Sports,464.24,4,Cash on Delivery,Cancelled,Jamesview,Idaho,25340,PROD0125,0.23,1429.86,5.0,False
1925,ORD001926,CUST0426,2024-10-07,Electronics,270.88,2,Net Banking,Pending,Lake Alexandraville,Colorado,28461,PROD0126,0.08,498.42,5.0,False
1926,ORD001927,CUST0427,2025-01-02,Home,50.76,4,Credit Card,Pending,Port Patriciafort,Montana,31738,PROD0127,0.08,186.8,4.0,False
1927,ORD001928,CUST0428,2025-03-21,Home,422.25,1,PayPal,Delivered,Lake Jacqueline,Pennsylvania,70747,PROD0128,0.21,333.58,3.0,False
1928,ORD001929,CUST0429,2024-09-01,Home,491.69,2,Credit Card,Delivered,West Alexandriahaven,Virginia,54959,PROD0129,0.2,786.7,,False
1929,ORD001930,CUST0430,2024-11-30,Sports,227.06,1,Debit Card,Pending,Richardberg,Alaska,35484,PROD0130,0.2,181.65,5.0,False
1930,ORD001931,CUST0431,2024-07-12,Home,26.03,3,Net Banking,Delivered,West Megan,Louisiana,25241,PROD0131,0.11,69.5,1.0,True
1931,ORD001932,CUST0432,2025-02-01,Beauty,63.19,4,Net Banking,Pending,Johnsonmouth,Hawaii,23614,PROD0132,0.16,212.32,2.0,False
1932,ORD001933,CUST0433,2025-02-09,Clothing,193.92,3,Credit Card,Cancelled,New Anita,Colorado,49432,PROD0133,0.09,529.4,4.0,False
1933,ORD001934,CUST0434,2024-09-06,Sports,443.33,4,Net Banking,Pending,New Traviston,Kansas,15518,PROD0134,0.18,1454.12,4.0,False
1934,ORD001935,CUST0435,2024-12-08,Home,78.28,1,Debit Card,Pending,Port Jessica,Mississippi,58424,PROD0135,0.23,60.28,3.0,False
1935,ORD001936,CUST0436,2025-03-17,Electronics,412.88,2,PayPal,Delivered,Danamouth,Delaware,45643,PROD0136,0.21,652.35,2.0,False
1936,ORD001937,CUST0437,2025-06-07,Electronics,12.41,4,Debit Card,Cancelled,Port Jenniferview,New York,85581,PROD0137,0.13,43.19,3.0,False
1937,ORD001938,CUST0438,2025-06-04,Sports,231.41,1,Net Banking,Returned,Port Justinberg,Connecticut,5046,PROD0138,0.16,194.38,2.0,False
1938,ORD001939,CUST0439,2024-06-28,Clothing,323.98,4,Net Banking,Delivered,Mirandatown,Georgia,2870,PROD0139,0.23,997.86,5.0,False
1939,ORD001940,CUST0440,2024-09-09,Home,34.89,3,Debit Card,Cancelled,North Dawn,New Mexico,71848,PROD0140,0.07,97.34,4.0,False
1940,ORD001941,CUST0441,2024-07-31,Home,309.31,4,Cash on Delivery,Pending,West Katherineland,North Dakota,17587,PROD0141,0.07,1150.63,3.0,False
1941,ORD001942,CUST0442,2025-06-02,Clothing,472.48,3,PayPal,Delivered,South Leslie,Louisiana,47214,PROD0142,0.15,1204.82,2.0,False
1942,ORD001943,CUST0443,2025-03-08,Sports,84.33,1,Cash on Delivery,Delivered,West Daryl,Nevada,30054,PROD0143,0.15,71.68,4.0,False
1943,ORD001944,CUST0444,2025-05-12,Sports,366.16,1,Debit Card,Delivered,Brianchester,Alaska,89854,PROD0144,0.01,362.5,4.0,False
1944,ORD001945,CUST0445,2024-11-01,Clothing,306.5,1,PayPal,Cancelled,Robinsonburgh,Washington,43801,PROD0145,0.17,254.4,4.0,False
1945,ORD001946,CUST0446,2024-10-19,Books,96.63,2,Cash on Delivery,Delivered,Laurachester,Mississippi,32863,PROD0146,0.13,168.14,4.0,True
1946,ORD001947,CUST0447,2024-09-29,Beauty,8.07,1,Debit Card,Pending,Onealfurt,Rhode Island,71327,PROD0147,0.17,6.7,1.0,False
1947,ORD001948,CUST0448,2025-01-25,Clothing,9.6,1,Debit Card,Returned,Davisport,Montana,62566,PROD0148,0.27,7.01,3.0,False
1948,ORD001949,CUST0449,2025-02-15,Books,268.39,4,Net Banking,Returned,North Ginafurt,Utah,73986,PROD0149,0.1,966.2,3.0,False
1949,ORD001950,CUST0450,2024-11-18,Books,471.68,2,Credit Card,Pending,Chaseside,Michigan,20220,PROD0150,0.03,915.06,2.0,False
1950,ORD001951,CUST0451,2024-10-17,Beauty,323.93,4,Cash on Delivery,Pending,Port Ritaberg,North Dakota,80312,PROD0151,0.06,1217.98,3.0,False
1951,ORD001952,CUST0452,2024-08-30,Sports,358.58,2,Cash on Delivery,Returned,South Chrisland,Minnesota,21911,PROD0152,0.09,652.62,1.0,False
1952,ORD001953,CUST0453,2024-12-11,Clothing,249.46,4,Cash on Delivery,Delivered,West Kaitlynport,Montana,47061,PROD0153,0.26,738.4,3.0,True
1953,ORD001954,CUST0454,2024-08-12,Sports,293.04,3,PayPal,Cancelled,Rogersmouth,Nevada,25948,PROD0154,0.16,738.46,4.0,False
1954,ORD001955,CUST0455,2024-07-19,Electronics,67.55,3,Cash on Delivery,Returned,West Shannonview,Kentucky,53984,PROD0155,0.3,141.85,3.0,False
1955,ORD001956,CUST0456,2024-08-30,Electronics,439.03,1,Debit Card,Returned,Port Angelamouth,Minnesota,12012,PROD0156,0.09,399.52,2.0,False
1956,ORD001957,CUST0457,2025-03-26,Home,381.59,3,Debit Card,Pending,South Loribury,Montana,24065,PROD0157,0.02,1121.87,2.0,False
1957,ORD001958,CUST0458,2025-01-10,Sports,499.11,3,Debit Card,Cancelled,Lake Alejandra,Idaho,68779,PROD0158,0.09,1362.57,4.0,False
1958,ORD001959,CUST0459,2024-09-03,Electronics,152.37,2,Net Banking,Pending,Pollardville,Florida,68588,PROD0159,0.3,213.32,4.0,False
1959,ORD001960,CUST0460,2024-12-10,Books,117.37,4,Cash on Delivery,Delivered,Cynthiaville,New York,4308,PROD0160,0.22,366.19,3.0,False
1960,ORD001961,CUST0461,2025-05-19,Home,66.96,2,Debit Card,Returned,West Rebekahmouth,Alaska,68278,PROD0161,0.27,97.76,4.0,False
1961,ORD001962,CUST0462,2025-04-14,Beauty,482.28,2,PayPal,Delivered,Ruthburgh,New York,30188,PROD0162,0.18,790.94,5.0,True
1962,ORD001963,CUST0463,2024-09-12,Clothing,391.54,3,Credit Card,Returned,Port James,Washington,56402,PROD0163,0.08,1080.65,5.0,False
1963,ORD001964,CUST0464,2024-09-18,Beauty,87.33,2,Cash on Delivery,Cancelled,Andrewland,North Carolina,9868,PROD0164,0.29,124.01,3.0,False
1964,ORD001965,CUST0465,2024-08-16,Sports,278.58,4,Debit Card,Delivered,East Kathleen,Illinois,74025,PROD0165,0.07,1036.32,2.0,False
1965,ORD001966,CUST0466,2025-01-08,Clothing,209.82,3,Net Banking,Returned,Ramirezberg,Minnesota,40760,PROD0166,0.12,553.92,1.0,False
1966,ORD001967,CUST0467,2025-04-26,Books,79.99,2,Debit Card,Delivered,Lemouth,North Dakota,30512,PROD0167,0.09,145.58,4.0,False
1967,ORD001968,CUST0468,2024-11-28,Beauty,85.23,3,Credit Card,Cancelled,Lake Jennifer,Arkansas,5941,PROD0168,0.19,207.11,3.0,False
1968,ORD001969,CUST0469,2024-07-15,Sports,481.92,2,Debit Card,Returned,Boydberg,Oregon,32454,PROD0169,0.13,838.54,4.0,False
1969,ORD001970,CUST0470,2024-09-09,Beauty,155.96,3,Cash on Delivery,Cancelled,East Derekbury,West Virginia,70557,PROD0170,0.29,332.19,4.0,False
1970,ORD001971,CUST0471,2024-08-24,Electronics,471.01,3,Net Banking,Cancelled,Port Kimberlymouth,Utah,23904,PROD0171,0.29,1003.25,1.0,False
1971,ORD001972,CUST0472,2024-12-08,Books,42.43,4,PayPal,Delivered,Port Scottville,North Carolina,66907,PROD0172,0.03,164.63,,True
1972,ORD001973,CUST0473,2024-07-20,Home,233.1,4,Credit Card,Cancelled,Walterfort,Illinois,72175,PROD0173,0.28,671.33,3.0,False
1973,ORD001974,CUST0474,2024-09-14,Books,69.16,2,PayPal,Cancelled,New Brandonberg,Mississippi,73193,PROD0174,0.24,105.12,3.0,False
1974,ORD001975,CUST0475,2025-02-12,Books,7.37,2,Cash on Delivery,Cancelled,West Adriana,Vermont,70100,PROD0175,0.21,11.64,4.0,False
1975,ORD001976,CUST0476,2024-10-22,Sports,279.11,2,Net Banking,Pending,Crystalbury,Maryland,15716,PROD0176,0.11,496.82,1.0,False
1976,ORD001977,CUST0477,2025-02-12,Home,61.38,1,Cash on Delivery,Delivered,Sarahton,Virginia,26186,PROD0177,0.2,49.1,4.0,False
1977,ORD001978,CUST0478,2024-09-29,Home,362.4,1,Debit Card,Delivered,Port Lesliehaven,Tennessee,95110,PROD0178,0.24,275.42,2.0,False
1978,ORD001979,CUST0479,2025-04-27,Clothing,350.57,4,Cash on Delivery,Pending,Burtonchester,Washington,80948,PROD0179,0.25,1051.71,5.0,False
1979,ORD001980,CUST0480,2025-01-04,Home,92.28,4,Net Banking,Returned,West Kristintown,Rhode Island,87112,PROD0180,0.24,280.53,2.0,False
1980,ORD001981,CUST0481,2024-06-25,Clothing,471.16,2,Net Banking,Pending,Camachoport,Texas,26554,PROD0181,0.1,848.09,3.0,False
1981,ORD001982,CUST0482,2025-03-01,Beauty,361.92,2,Cash on Delivery,Delivered,East Alexandra,Mississippi,28018,PROD0182,0.06,680.41,2.0,True
1982,ORD001983,CUST0483,2024-08-04,Clothing,152.5,1,Cash on Delivery,Cancelled,South Melindaborough,New Jersey,90953,PROD0183,0.16,128.1,4.0,False
1983,ORD001984,CUST0484,2025-03-29,Sports,356.07,4,PayPal,Returned,Hansonport,Alaska,54643,PROD0184,0.08,1310.34,3.0,False
1984,ORD001985,CUST0485,2025-04-05,Clothing,367.31,2,Credit Card,Pending,Lake Jamesshire,Colorado,18309,PROD0185,0.24,558.31,2.0,False
1985,ORD001986,CUST0486,2025-04-05,Beauty,174.4,2,Net Banking,Returned,South Michael,Colorado,87066,PROD0186,0.01,345.31,5.0,False
1986,ORD001987,CUST0487,2024-06-21,Electronics,190.92,4,Cash on Delivery,Returned,Longshire,Florida,52852,PROD0187,0.13,664.4,4.0,False
1987,ORD001988,CUST0488,2024-08-23,Books,182.76,4,PayPal,Delivered,Janiceport,Maine,39390,PROD0188,0.23,562.9,3.0,True
1988,ORD001989,CUST0489,2024-07-12,Electronics,310.23,1,Net Banking,Pending,Villarrealfurt,New York,85201,PROD0189,0.02,304.03,3.0,False
1989,ORD001990,CUST0490,2025-05-16,Books,450.7,3,Credit Card,Returned,Lake Jessica,California,26074,PROD0190,0.21,1068.16,5.0,False
1990,ORD001991,CUST0491,2025-06-08,Beauty,90.73,1,Debit Card,Cancelled,East Kellistad,Iowa,18017,PROD0191,0.07,84.38,3.0,False
1991,ORD001992,CUST0492,2025-02-05,Home,438.22,4,Debit Card,Returned,Anthonyburgh,California,82490,PROD0192,0.04,1682.76,3.0,False
1992,ORD001993,CUST0493,2024-07-06,Books,18.69,4,Debit Card,Pending,East Jennifer,Delaware,90630,PROD0193,0.09,68.03,2.0,False
1993,ORD001994,CUST0494,2024-09-13,Clothing,331.87,2,Debit Card,Delivered,South Ericville,Louisiana,33989,PROD0194,0.01,657.1,5.0,False
1994,ORD001995,CUST0495,2024-10-30,Books,210.15,2,Cash on Delivery,Returned,Melvinchester,Wyoming,28051,PROD0195,0.19,340.44,4.0,False
1995,ORD001996,CUST0496,2024-12-08,Home,396.68,4,Credit Card,Returned,Steventon,Arkansas,74503,PROD0196,0.1,1428.05,4.0,False
1996,ORD001997,CUST0497,2025-04-02,Electronics,361.99,3,Cash on Delivery,Cancelled,Guerrerofurt,California,34087,PROD0197,0.3,760.18,3.0,False
1997,ORD001998,CUST0498,2025-03-24,Beauty,242.65,2,Debit Card,Pending,Sellersmouth,Wyoming,36940,PROD0198,0.03,470.74,1.0,False
1998,ORD001999,CUST0499,2024-11-18,Books,323.71,2,Debit Card,Returned,North Stevenland,Colorado,51943,PROD0199,0.27,472.62,3.0,False
1999,ORD002000,CUST0500,2025-03-07,Sports,253.38,1,Net Banking,Delivered,Aaronmouth,Minnesota,75138,PROD0200,0.15,215.37,1.0,False
2000,ORD002001,CUST0001,2024-12-21,Clothing,406.7,1,Net Banking,Returned,Christopherview,New Hampshire,16009,PROD0201,0.04,390.43,1.0,False
2001,ORD002002,CUST0002,2024-09-30,Beauty,240.66,2,Net Banking,Cancelled,East Michelle,New Jersey,66992,PROD0202,0.26,356.18,,False
2002,ORD002003,CUST0003,2024-08-25,Sports,263.96,2,Credit Card,Pending,Vanessamouth,Rhode Island,70880,PROD0203,0.03,512.08,1.0,False
2003,ORD002004,CUST0004,2025-05-26,Sports,129.01,2,Debit Card,Pending,Swansonchester,New Mexico,16607,PROD0204,0.19,209.0,3.0,False
2004,ORD002005,CUST0005,2025-03-21,Clothing,304.5,2,Debit Card,Cancelled,Rushchester,Idaho,94928,PROD0205,0.07,566.37,5.0,False
2005,ORD002006,CUST0006,2025-04-27,Electronics,154.94,4,PayPal,Delivered,Kirkchester,Tennessee,60486,PROD0206,0.13,539.19,3.0,False
2006,ORD002007,CUST0007,2024-10-10,Beauty,290.76,3,Debit Card,Delivered,Owenville,West Virginia,51619,PROD0207,0.17,723.99,2.0,False
2007,ORD002008,CUST0008,2024-12-13,Books,88.99,1,Net Banking,Pending,North Donaldberg,Montana,94716,PROD0208,0.28,64.07,3.0,False
2008,ORD002009,CUST0009,2025-04-02,Home,83.94,1,Credit Card,Returned,Saundersville,Utah,8117,PROD0209,0.09,76.39,5.0,False
2009,ORD002010,CUST0010,2024-12-01,Home,211.43,2,PayPal,Returned,South Josephport,Virginia,55232,PROD0210,0.12,372.12,1.0,False
2010,ORD002011,CUST0011,2024-12-22,Home,216.28,2,Net Banking,Delivered,Danielfort,New Mexico,18983,PROD0211,0.06,406.61,3.0,True
2011,ORD002012,CUST0012,2025-05-15,Clothing,137.71,4,Net Banking,Returned,Port Kimberly,Oregon,87293,PROD0212,0.1,495.76,2.0,False
2012,ORD002013,CUST0013,2025-02-08,Sports,70.14,2,Cash on Delivery,Returned,North Chad,Texas,5303,PROD0213,0.04,134.67,1.0,False
2013,ORD002014,CUST0014,2024-08-27,Clothing,24.41,1,Net Banking,Pending,North Benjamin,Kansas,28552,PROD0214,0.16,20.5,4.0,False
2014,ORD002015,CUST0015,2024-10-13,Clothing,17.49,2,Debit Card,Pending,Lauraland,Georgia,73837,PROD0215,0.17,29.03,1.0,False
2015,ORD002016,CUST0016,2025-01-17,Beauty,139.42,4,Credit Card,Pending,East Kevin,Mississippi,74566,PROD0216,0.19,451.72,3.0,False
2016,ORD002017,CUST0017,2025-01-02,Electronics,233.62,2,Credit Card,Pending,Sextonville,Connecticut,13712,PROD0217,0.07,434.53,4.0,False
2017,ORD002018,CUST0018,2025-01-19,Beauty,364.49,3,Cash on Delivery,Pending,Andreahaven,Colorado,58747,PROD0218,0.13,951.32,2.0,False
2018,ORD002019,CUST0019,2025-01-11,Sports,240.06,4,PayPal,Pending,Lake Shawnport,Kentucky,36629,PROD0219,0.01,950.64,5.0,False
2019,ORD002020,CUST0020,2025-02-18,Clothing,452.51,1,Cash on Delivery,Pending,Charlesside,Wisconsin,50616,PROD0220,0.01,447.98,3.0,False
2020,ORD002021,CUST0021,2025-02-17,Electronics,22.43,3,PayPal,Returned,Port Julia,New York,54982,PROD0221,0.09,61.23,2.0,False
2021,ORD002022,CUST0022,2024-08-15,Clothing,94.43,4,Net Banking,Returned,South Douglashaven,Nevada,98651,PROD0222,0.15,321.06,4.0,False
2022,ORD002023,CUST0023,2025-02-11,Home,172.56,2,PayPal,Returned,Esparzabury,Ohio,60395,PROD0223,0.21,272.64,4.0,False
2023,ORD002024,CUST0024,2024-09-03,Clothing,290.86,3,PayPal,Cancelled,Jenniferberg,Minnesota,93969,PROD0224,0.23,671.89,3.0,False
2024,ORD002025,CUST0025,2024-08-22,Books,427.1,3,Debit Card,Delivered,West Russell,Tennessee,13360,PROD0225,0.12,1127.54,1.0,False
2025,ORD002026,CUST0026,2024-09-30,Beauty,178.35,1,Net Banking,Cancelled,Port Christinachester,Illinois,62161,PROD0226,0.23,137.33,4.0,False
2026,ORD002027,CUST0027,2024-08-01,Home,137.65,3,Cash on Delivery,Pending,Andrewborough,Virginia,38243,PROD0227,0.22,322.1,2.0,False
2027,ORD002028,CUST0028,2024-11-30,Books,35.64,2,Cash on Delivery,Cancelled,Timothyton,Vermont,13051,PROD0228,0.19,57.74,2.0,False
2028,ORD002029,CUST0029,2024-10-29,Sports,411.55,4,Credit Card,Returned,Lake Melody,Oklahoma,24856,PROD0229,0.04,1580.35,5.0,False
2029,ORD002030,CUST0030,2025-01-25,Beauty,192.93,2,Net Banking,Delivered,Rossstad,Utah,77731,PROD0230,0.09,351.13,4.0,True
2030,ORD002031,CUST0031,2025-05-24,Clothing,287.92,4,Debit Card,Pending,North Jane,Texas,48338,PROD0231,0.16,967.41,3.0,False
2031,ORD002032,CUST0032,2024-12-14,Books,491.86,2,Cash on Delivery,Cancelled,North Alexaview,New Hampshire,53885,PROD0232,0.24,747.63,4.0,False
2032,ORD002033,CUST0033,2024-11-30,Clothing,5.79,2,Debit Card,Pending,Fordshire,Hawaii,67743,PROD0233,0.12,10.19,3.0,False
2033,ORD002034,CUST0034,2025-04-05,Sports,77.0,1,PayPal,Delivered,South Amber,New Mexico,18052,PROD0234,0.29,54.67,4.0,True
2034,ORD002035,CUST0035,2025-01-28,Books,390.66,2,Debit Card,Cancelled,Michellemouth,Maryland,55804,PROD0235,0.2,625.06,3.0,False
2035,ORD002036,CUST0036,2025-04-06,Beauty,403.54,1,PayPal,Cancelled,North Kristy,Massachusetts,50728,PROD0236,0.09,367.22,5.0,False
2036,ORD002037,CUST0037,2025-03-02,Clothing,385.78,4,PayPal,Delivered,Robertsmouth,Iowa,35137,PROD0237,0.17,1280.79,4.0,False
2037,ORD002038,CUST0038,2025-01-23,Home,270.81,4,Debit Card,Delivered,East Christopher,Arizona,32945,PROD0238,0.11,964.08,5.0,True
2038,ORD002039,CUST0039,2025-01-14,Home,489.53,1,Debit Card,Cancelled,South Anna,New Mexico,32546,PROD0239,0.27,357.36,5.0,False
2039,ORD002040,CUST0040,2024-07-24,Beauty,201.11,1,Cash on Delivery,Pending,South Matthewville,Florida,26234,PROD0240,0.01,199.1,4.0,False
2040,ORD002041,CUST0041,2024-11-18,Home,302.96,2,Cash on Delivery,Returned,East Terryfurt,Wisconsin,51675,PROD0241,0.07,563.51,4.0,False
2041,ORD002042,CUST0042,2024-10-01,Electronics,36.37,4,PayPal,Pending,New Kellyborough,Colorado,85829,PROD0242,0.03,141.12,4.0,False
2042,ORD002043,CUST0043,2025-02-08,Clothing,207.88,1,Debit Card,Returned,Port Stephen,Colorado,76366,PROD0243,0.24,157.99,2.0,False
2043,ORD002044,CUST0044,2024-08-22,Electronics,362.64,4,Credit Card,Pending,South Richard,Michigan,62139,PROD0244,0.06,1363.53,5.0,False
2044,ORD002045,CUST0045,2024-11-14,Books,123.18,3,Credit Card,Cancelled,Justinside,Delaware,56879,PROD0245,0.22,288.24,5.0,False
2045,ORD002046,CUST0046,2024-07-07,Clothing,472.19,3,Debit Card,Delivered,Lawrenceport,South Dakota,12818,PROD0246,0.17,1175.75,4.0,True
2046,ORD002047,CUST0047,2025-03-19,Beauty,344.96,4,Debit Card,Returned,Woodsside,Texas,44204,PROD0247,0.25,1034.88,1.0,False
2047,ORD002048,CUST0048,2024-06-20,Clothing,147.35,2,PayPal,Cancelled,Danielburgh,Alaska,32470,PROD0248,0.3,206.29,2.0,False
2048,ORD002049,CUST0049,2024-09-24,Electronics,385.65,3,Cash on Delivery,Cancelled,Thompsonport,Michigan,16486,PROD0249,0.05,1099.1,5.0,False
2049,ORD002050,CUST0050,2024-12-28,Electronics,46.17,3,Net Banking,Delivered,Port Gina,Vermont,5521,PROD0250,0.05,131.58,5.0,True
2050,ORD002051,CUST0051,2024-10-21,Beauty,487.51,3,Net Banking,Returned,Port Anthony,Louisiana,5453,PROD0251,0.19,1184.65,5.0,False
2051,ORD002052,CUST0052,2024-08-22,Home,29.4,3,Net Banking,Cancelled,Rosariomouth,New York,90755,PROD0252,0.01,87.32,3.0,False
2052,ORD002053,CUST0053,2025-02-24,Home,467.06,1,PayPal,Delivered,Port Julian,Kansas,47369,PROD0253,0.25,350.3,3.0,False
2053,ORD002054,CUST0054,2024-10-12,Books,130.16,3,Net Banking,Delivered,Fischerburgh,Arkansas,71663,PROD0254,0.11,347.53,5.0,False
2054,ORD002055,CUST0055,2025-01-25,Home,380.12,4,Debit Card,Pending,Lake Anthony,Pennsylvania,74058,PROD0255,0.12,1338.02,3.0,False
2055,ORD002056,CUST0056,2025-05-24,Clothing,5.04,2,PayPal,Delivered,New Derek,Hawaii,87628,PROD0256,0.17,8.37,3.0,True
2056,ORD002057,CUST0057,2025-02-17,Home,130.85,2,Net Banking,Returned,Rodriguezport,Texas,48273,PROD0257,0.1,235.53,3.0,False
2057,ORD002058,CUST0058,2024-12-07,Beauty,375.8,3,Net Banking,Pending,Port Julietown,Washington,9247,PROD0258,0.09,1025.93,5.0,False
2058,ORD002059,CUST0059,2025-05-22,Sports,268.51,3,Debit Card,Pending,Tanyafort,Arizona,87279,PROD0259,0.06,757.2,2.0,False
2059,ORD002060,CUST0060,2025-02-04,Clothing,61.9,3,Cash on Delivery,Returned,East Ryanmouth,Michigan,83717,PROD0260,0.22,144.85,5.0,False
2060,ORD002061,CUST0061,2025-05-14,Clothing,199.85,4,Debit Card,Cancelled,East Dawn,Illinois,87924,PROD0261,0.23,615.54,3.0,False
2061,ORD002062,CUST0062,2025-03-30,Beauty,190.9,3,PayPal,Cancelled,North Melissaberg,Missouri,60402,PROD0262,0.18,469.61,3.0,False
2062,ORD002063,CUST0063,2025-04-30,Home,286.24,3,Cash on Delivery,Returned,Kristenstad,New Hampshire,9091,PROD0263,0.07,798.61,4.0,False
2063,ORD002064,CUST0064,2025-06-12,Beauty,335.65,1,Cash on Delivery,Delivered,Theresaside,Vermont,74773,PROD0264,0.21,265.16,3.0,True
2064,ORD002065,CUST0065,2024-10-25,Beauty,421.21,2,Debit Card,Pending,Anitafurt,North Dakota,46568,PROD0265,0.05,800.3,4.0,False
2065,ORD002066,CUST0066,2024-10-21,Electronics,251.13,2,Net Banking,Pending,Port Natasha,Nebraska,15081,PROD0266,0.26,371.67,4.0,False
2066,ORD002067,CUST0067,2025-01-15,Clothing,199.05,1,Net Banking,Cancelled,Lake Jeffshire,Oregon,75663,PROD0267,0.13,173.17,4.0,False
2067,ORD002068,CUST0068,2025-01-06,Clothing,76.27,4,Credit Card,Pending,Karenland,Georgia,40577,PROD0268,0.14,262.37,5.0,False
2068,ORD002069,CUST0069,2024-11-21,Beauty,403.39,4,Cash on Delivery,Delivered,West Susan,California,73506,PROD0269,0.06,1516.75,4.0,False
2069,ORD002070,CUST0070,2025-05-18,Beauty,358.12,1,Cash on Delivery,Delivered,Olivermouth,Arizona,15887,PROD0270,0.18,293.66,2.0,True
2070,ORD002071,CUST0071,2025-02-10,Clothing,207.3,4,Net Banking,Pending,Michaelberg,Utah,25736,PROD0271,0.3,580.44,3.0,False
2071,ORD002072,CUST0072,2025-05-08,Electronics,261.62,1,Credit Card,Delivered,South Josephfurt,New Jersey,63263,PROD0272,0.18,214.53,3.0,False
2072,ORD002073,CUST0073,2024-11-16,Home,334.27,2,PayPal,Returned,New Mark,Connecticut,89938,PROD0273,0.2,534.83,4.0,False
2073,ORD002074,CUST0074,2024-07-16,Books,86.58,4,Debit Card,Pending,Frankbury,Oregon,37823,PROD0274,0.09,315.15,5.0,False
2074,ORD002075,CUST0075,2025-04-09,Beauty,18.46,4,Credit Card,Cancelled,Danielfurt,Massachusetts,6871,PROD0275,0.1,66.46,1.0,False
2075,ORD002076,CUST0076,2024-08-22,Home,162.16,2,Credit Card,Pending,New Dana,Idaho,75352,PROD0276,0.06,304.86,,False
2076,ORD002077,CUST0077,2025-03-14,Clothing,299.81,3,Net Banking,Returned,New Michael,Utah,63824,PROD0277,0.15,764.52,3.0,False
2077,ORD002078,CUST0078,2024-08-13,Electronics,245.87,4,Net Banking,Pending,South Geraldhaven,Massachusetts,91731,PROD0278,0.04,944.14,2.0,False
2078,ORD002079,CUST0079,2025-03-16,Home,347.81,1,Credit Card,Delivered,West Gabriellaton,Hawaii,9826,PROD0279,0.19,281.73,4.0,True
2079,ORD002080,CUST0080,2024-09-18,Books,410.75,2,Net Banking,Returned,Morganburgh,Illinois,7315,PROD0280,0.14,706.49,3.0,False
2080,ORD002081,CUST0081,2025-06-09,Electronics,246.78,2,PayPal,Returned,New Shelbyton,New York,8048,PROD0281,0.19,399.78,1.0,False
2081,ORD002082,CUST0082,2024-07-27,Clothing,71.46,3,Credit Card,Delivered,Stephanietown,North Dakota,39968,PROD0282,0.02,210.09,4.0,True
2082,ORD002083,CUST0083,2025-03-24,Electronics,426.06,4,Debit Card,Pending,Martinland,Indiana,94559,PROD0283,0.27,1244.1,5.0,False
2083,ORD002084,CUST0084,2025-01-16,Books,289.62,3,Debit Card,Cancelled,Danielsburgh,Wisconsin,25834,PROD0284,0.11,773.29,3.0,False
2084,ORD002085,CUST0085,2025-01-04,Sports,371.27,2,Debit Card,Pending,West Amanda,Hawaii,75344,PROD0285,0.06,697.99,2.0,False
2085,ORD002086,CUST0086,2025-03-03,Sports,353.81,1,Credit Card,Delivered,Yolandastad,Minnesota,84625,PROD0286,0.15,300.74,4.0,False
2086,ORD002087,CUST0087,2024-10-12,Electronics,484.26,4,Cash on Delivery,Cancelled,South Cassie,Pennsylvania,16400,PROD0287,0.28,1394.67,3.0,False
2087,ORD002088,CUST0088,2024-09-18,Home,151.18,4,Cash on Delivery,Delivered,Huffberg,Maryland,64905,PROD0288,0.21,477.73,5.0,False
2088,ORD002089,CUST0089,2024-07-09,Home,354.13,3,PayPal,Cancelled,Mcphersonshire,Oregon,41560,PROD0289,0.1,956.15,3.0,False
2089,ORD002090,CUST0090,2024-12-14,Clothing,186.01,2,Net Banking,Cancelled,Port Theodoreberg,Hawaii,38977,PROD0290,0.09,338.54,4.0,False
2090,ORD002091,CUST0091,2024-12-23,Books,200.73,3,Net Banking,Pending,North Sherrymouth,West Virginia,2492,PROD0291,0.2,481.75,1.0,False
2091,ORD002092,CUST0092,2024-06-18,Beauty,119.14,1,Credit Card,Cancelled,Bowersmouth,North Carolina,39769,PROD0292,0.03,115.57,4.0,False
2092,ORD002093,CUST0093,2025-03-20,Clothing,175.29,2,Net Banking,Pending,Jacksontown,Alaska,57099,PROD0293,0.11,312.02,2.0,False
2093,ORD002094,CUST0094,2024-10-05,Clothing,474.41,4,Cash on Delivery,Returned,Aliciaborough,Pennsylvania,48526,PROD0294,0.14,1631.97,2.0,False
2094,ORD002095,CUST0095,2024-08-15,Electronics,149.82,1,Debit Card,Delivered,New Michaelton,Pennsylvania,71538,PROD0295,0.23,115.36,5.0,False
2095,ORD002096,CUST0096,2024-06-20,Beauty,126.77,3,Net Banking,Returned,Lindaville,New Jersey,66213,PROD0296,0.1,342.28,2.0,False
2096,ORD002097,CUST0097,2024-12-23,Sports,293.65,1,PayPal,Cancelled,Freemanshire,North Carolina,34280,PROD0297,0.24,223.17,3.0,False
2097,ORD002098,CUST0098,2025-01-06,Electronics,132.73,1,Cash on Delivery,Returned,New Bryan,Iowa,34603,PROD0298,0.23,102.2,3.0,False
2098,ORD002099,CUST0099,2025-06-02,Home,239.33,3,Credit Card,Delivered,Boydmouth,Mississippi,74148,PROD0299,0.01,710.81,5.0,False
2099,ORD002100,CUST0100,2025-06-14,Electronics,417.92,1,PayPal,Cancelled,Mooretown,California,66972,PROD0300,0.06,392.84,2.0,False
2100,ORD002101,CUST0101,2025-06-10,Books,119.05,2,Cash on Delivery,Pending,South Kimberlyberg,Illinois,94092,PROD0001,0.2,190.48,4.0,False
2101,ORD002102,CUST0102,2024-07-25,Books,216.21,4,Debit Card,Delivered,Lake Donaldview,Hawaii,71821,PROD0002,0.15,735.11,2.0,True
2102,ORD002103,CUST0103,2024-08-11,Electronics,307.19,3,Net Banking,Cancelled,Mitchellview,Arkansas,2408,PROD0003,0.01,912.35,3.0,False
2103,ORD002104,CUST0104,2024-11-16,Sports,275.09,1,Debit Card,Delivered,East Erin,Arkansas,56503,PROD0004,0.11,244.83,3.0,True
2104,ORD002105,CUST0105,2024-10-08,Sports,487.49,1,Credit Card,Delivered,Chavezborough,Alabama,99232,PROD0005,0.19,394.87,4.0,False
2105,ORD002106,CUST0106,2025-02-02,Books,341.78,3,Debit Card,Pending,North Graceton,Ohio,93861,PROD0006,0.3,717.74,2.0,False
2106,ORD002107,CUST0107,2024-09-10,Clothing,371.27,1,Debit Card,Cancelled,South Ronaldland,Kentucky,5853,PROD0007,0.06,348.99,4.0,False
2107,ORD002108,CUST0108,2025-03-13,Books,483.64,2,Net Banking,Pending,Robertbury,Hawaii,28742,PROD0008,0.05,918.92,4.0,False
2108,ORD002109,CUST0109,2024-12-17,Beauty,210.15,4,Credit Card,Delivered,North Josephburgh,Wyoming,19374,PROD0009,0.11,748.13,3.0,False
2109,ORD002110,CUST0110,2024-11-04,Beauty,180.91,3,Cash on Delivery,Cancelled,Lake Coreyport,Alaska,59547,PROD0010,0.17,450.47,2.0,False
2110,ORD002111,CUST0111,2025-01-19,Clothing,26.71,4,PayPal,Pending,Griffintown,Mississippi,66972,PROD0011,0.2,85.47,3.0,False
2111,ORD002112,CUST0112,2024-11-17,Sports,96.18,2,PayPal,Returned,West Alisonhaven,Idaho,29877,PROD0012,0.11,171.2,1.0,False
2112,ORD002113,CUST0113,2024-10-12,Electronics,122.41,2,Credit Card,Returned,Port Brian,Rhode Island,35926,PROD0013,0.07,227.68,4.0,False
2113,ORD002114,CUST0114,2024-12-28,Sports,95.83,4,PayPal,Pending,Carlsonton,Indiana,16204,PROD0014,0.0,383.32,1.0,False
2114,ORD002115,CUST0115,2024-06-29,Home,378.62,2,Credit Card,Pending,Freyberg,Texas,36231,PROD0015,0.06,711.81,3.0,False
2115,ORD002116,CUST0116,2024-06-30,Sports,270.26,3,Debit Card,Cancelled,East Aaron,Indiana,36452,PROD0016,0.03,786.46,5.0,False
2116,ORD002117,CUST0117,2024-06-18,Electronics,335.48,3,Cash on Delivery,Returned,Priceland,Minnesota,9115,PROD0017,0.07,935.99,2.0,False
2117,ORD002118,CUST0118,2024-11-01,Books,411.13,2,Credit Card,Returned,Millermouth,Texas,13437,PROD0018,0.1,740.03,4.0,False
2118,ORD002119,CUST0119,2024-07-30,Clothing,119.23,3,PayPal,Pending,Hinesville,Connecticut,12133,PROD0019,0.02,350.54,2.0,False
2119,ORD002120,CUST0120,2024-08-25,Home,166.33,2,Debit Card,Delivered,Oliverborough,Pennsylvania,84612,PROD0020,0.12,292.74,5.0,False
2120,ORD002121,CUST0121,2025-03-23,Clothing,355.64,2,Cash on Delivery,Pending,Melindaville,Montana,48979,PROD0021,0.05,675.72,5.0,False
2121,ORD002122,CUST0122,2025-02-28,Sports,199.42,1,Net Banking,Delivered,New Sarahborough,Nebraska,18563,PROD0022,0.17,165.52,3.0,True
2122,ORD002123,CUST0123,2025-06-13,Sports,19.49,4,Net Banking,Cancelled,Christinamouth,California,77885,PROD0023,0.11,69.38,4.0,False
2123,ORD002124,CUST0124,2025-02-26,Home,220.3,4,Cash on Delivery,Pending,Kimfurt,Michigan,26178,PROD0024,0.19,713.77,4.0,False
2124,ORD002125,CUST0125,2024-09-26,Sports,454.6,2,Credit Card,Cancelled,Lake Linda,Texas,80661,PROD0025,0.23,700.08,2.0,False
2125,ORD002126,CUST0126,2025-04-09,Sports,207.47,3,Debit Card,Pending,Judyburgh,Arizona,41299,PROD0026,0.03,603.74,2.0,False
2126,ORD002127,CUST0127,2024-06-15,Sports,169.46,2,Net Banking,Delivered,East Amanda,Illinois,23924,PROD0027,0.11,301.64,2.0,False
2127,ORD002128,CUST0128,2025-05-28,Sports,494.81,2,Net Banking,Returned,New David,Pennsylvania,4480,PROD0028,0.29,702.63,4.0,False
2128,ORD002129,CUST0129,2025-04-20,Sports,323.99,1,PayPal,Returned,East Jasonbury,New Mexico,562,PROD0029,0.0,323.99,,False
2129,ORD002130,CUST0130,2024-09-24,Books,186.17,4,Credit Card,Cancelled,Port Mitchellberg,Ohio,18584,PROD0030,0.14,640.42,4.0,False
2130,ORD002131,CUST0131,2024-06-26,Sports,55.5,2,Net Banking,Returned,Jackieville,Georgia,77287,PROD0031,0.14,95.46,5.0,False
2131,ORD002132,CUST0132,2024-11-24,Beauty,394.99,2,Net Banking,Cancelled,West Vickieton,South Carolina,13098,PROD0032,0.25,592.48,2.0,False
2132,ORD002133,CUST0133,2024-11-22,Home,355.5,1,Net Banking,Pending,Aguirreburgh,Colorado,97792,PROD0033,0.09,323.5,5.0,False
2133,ORD002134,CUST0134,2024-06-15,Electronics,461.35,1,Debit Card,Returned,Lake Mollyport,Wyoming,16541,PROD0034,0.23,355.24,1.0,False
2134,ORD002135,CUST0135,2024-07-08,Sports,112.55,4,PayPal,Delivered,New Bernardshire,South Carolina,68574,PROD0035,0.0,450.2,5.0,False
2135,ORD002136,CUST0136,2025-05-18,Clothing,61.89,3,Net Banking,Returned,New John,Illinois,708,PROD0036,0.15,157.82,2.0,False
2136,ORD002137,CUST0137,2024-11-25,Home,363.42,4,Debit Card,Pending,Rhondaview,Idaho,3762,PROD0037,0.1,1308.31,3.0,False
2137,ORD002138,CUST0138,2025-01-05,Electronics,105.68,2,Net Banking,Pending,New Bradley,Nevada,28876,PROD0038,0.24,160.63,3.0,False
2138,ORD002139,CUST0139,2024-09-28,Clothing,92.17,2,Cash on Delivery,Pending,West Jennifer,West Virginia,75783,PROD0039,0.12,162.22,3.0,False
2139,ORD002140,CUST0140,2024-08-29,Books,163.3,1,Debit Card,Cancelled,East Shannon,Missouri,33310,PROD0040,0.02,160.03,4.0,False
2140,ORD002141,CUST0141,2025-02-26,Sports,409.33,3,PayPal,Returned,North James,New Hampshire,69181,PROD0041,0.21,970.11,5.0,False
2141,ORD002142,CUST0142,2024-09-17,Beauty,272.07,2,Net Banking,Returned,East Audrey,Montana,71128,PROD0042,0.0,544.14,4.0,False
2142,ORD002143,CUST0143,2024-10-11,Books,27.7,4,Net Banking,Pending,Peterchester,Nevada,48987,PROD0043,0.1,99.72,4.0,False
2143,ORD002144,CUST0144,2025-05-13,Books,234.63,4,Net Banking,Pending,Huntbury,Maine,34241,PROD0044,0.15,797.74,3.0,False
2144,ORD002145,CUST0145,2024-07-27,Beauty,343.57,2,PayPal,Pending,North Lynn,New Mexico,66638,PROD0045,0.22,535.97,5.0,False
2145,ORD002146,CUST0146,2024-07-12,Home,271.49,1,Net Banking,Cancelled,Hornmouth,Mississippi,57867,PROD0046,0.09,247.06,4.0,False
2146,ORD002147,CUST0147,2024-11-03,Sports,288.36,1,Debit Card,Returned,Lake Markburgh,Rhode Island,93476,PROD0047,0.03,279.71,3.0,False
2147,ORD002148,CUST0148,2024-11-17,Electronics,116.26,1,PayPal,Cancelled,North Briannafurt,Alabama,2631,PROD0048,0.25,87.2,4.0,False
2148,ORD002149,CUST0149,2025-01-05,Books,424.63,2,Cash on Delivery,Delivered,Rojasview,Michigan,57237,PROD0049,0.0,849.26,2.0,True
2149,ORD002150,CUST0150,2024-07-03,Home,282.89,2,Net Banking,Returned,East Dustinfort,Nevada,92136,PROD0050,0.26,418.68,2.0,False
2150,ORD002151,CUST0151,2024-10-26,Books,358.06,3,Net Banking,Cancelled,Lisaland,Washington,92592,PROD0051,0.03,1041.95,5.0,False
2151,ORD002152,CUST0152,2024-09-11,Home,491.02,1,PayPal,Pending,Michealland,Virginia,75389,PROD0052,0.04,471.38,2.0,False
2152,ORD002153,CUST0153,2024-10-02,Home,216.96,1,Cash on Delivery,Returned,Port Shelby,Mississippi,26198,PROD0053,0.05,206.11,3.0,False
2153,ORD002154,CUST0154,2025-02-27,Sports,441.13,4,Credit Card,Returned,Alexisfort,Connecticut,56017,PROD0054,0.04,1693.94,4.0,False
2154,ORD002155,CUST0155,2024-11-08,Electronics,8.6,1,Cash on Delivery,Delivered,East Josephhaven,New Jersey,18605,PROD0055,0.24,6.54,3.0,True
2155,ORD002156,CUST0156,2024-06-16,Electronics,21.54,2,Net Banking,Cancelled,Marissastad,California,21517,PROD0056,0.24,32.74,4.0,False
2156,ORD002157,CUST0157,2024-12-11,Home,297.19,3,Debit Card,Delivered,Michaelshire,Wisconsin,62864,PROD0057,0.05,846.99,3.0,False
2157,ORD002158,CUST0158,2025-01-27,Books,159.17,3,Net Banking,Pending,West Andrew,Ohio,84962,PROD0058,0.03,463.18,3.0,False
2158,ORD002159,CUST0159,2024-10-15,Sports,127.9,1,Credit Card,Pending,North Jesseborough,South Dakota,82373,PROD0059,0.17,106.16,2.0,False
2159,ORD002160,CUST0160,2025-03-24,Clothing,142.58,2,PayPal,Pending,East Jamesmouth,Maine,81197,PROD0060,0.21,225.28,3.0,False
2160,ORD002161,CUST0161,2024-08-02,Home,162.61,1,Net Banking,Pending,Port Gabrielshire,Arizona,610,PROD0061,0.17,134.97,3.0,False
2161,ORD002162,CUST0162,2024-07-21,Books,365.83,1,Credit Card,Pending,Archerstad,Indiana,89654,PROD0062,0.01,362.17,5.0,False
2162,ORD002163,CUST0163,2025-03-18,Clothing,286.75,3,Net Banking,Pending,Williamsfurt,Michigan,21758,PROD0063,0.23,662.39,2.0,False
2163,ORD002164,CUST0164,2024-06-24,Books,395.57,3,Cash on Delivery,Returned,South Destiny,Mississippi,95984,PROD0064,0.21,937.5,4.0,False
2164,ORD002165,CUST0165,2025-05-20,Home,415.95,2,Cash on Delivery,Delivered,Johnville,Maine,60426,PROD0065,0.22,648.88,,False
2165,ORD002166,CUST0166,2024-11-06,Clothing,422.25,4,Credit Card,Cancelled,Whiteport,Arkansas,61059,PROD0066,0.06,1587.66,1.0,False
2166,ORD002167,CUST0167,2025-06-05,Home,210.25,4,Cash on Delivery,Returned,Michellefort,New Hampshire,20308,PROD0067,0.02,824.18,4.0,False
2167,ORD002168,CUST0168,2025-01-04,Home,213.53,1,PayPal,Delivered,West Matthew,Missouri,2250,PROD0068,0.3,149.47,5.0,True
2168,ORD002169,CUST0169,2025-02-26,Sports,463.5,1,Credit Card,Delivered,Fitzgeraldborough,California,81923,PROD0069,0.14,398.61,3.0,True
2169,ORD002170,CUST0170,2024-08-01,Home,332.57,2,Cash on Delivery,Cancelled,Port Leslie,South Dakota,91987,PROD0070,0.22,518.81,4.0,False
2170,ORD002171,CUST0171,2025-02-12,Home,44.83,1,Net Banking,Pending,Lake Benjamin,Pennsylvania,21732,PROD0071,0.03,43.49,1.0,False
2171,ORD002172,CUST0172,2025-03-19,Sports,273.38,2,PayPal,Pending,Jeffreytown,Oklahoma,19348,PROD0072,0.15,464.75,3.0,False
2172,ORD002173,CUST0173,2025-03-20,Books,181.22,4,Net Banking,Pending,Simsstad,Illinois,61606,PROD0073,0.15,616.15,2.0,False
2173,ORD002174,CUST0174,2024-10-04,Home,493.78,2,Credit Card,Pending,Lake Taylor,New Hampshire,1535,PROD0074,0.04,948.06,4.0,False
2174,ORD002175,CUST0175,2024-06-15,Beauty,11.76,2,Credit Card,Pending,Patriciaton,Kansas,10377,PROD0075,0.11,20.93,1.0,False
2175,ORD002176,CUST0176,2024-11-04,Sports,308.03,3,PayPal,Delivered,North Benjamin,Tennessee,93586,PROD0076,0.27,674.59,3.0,True
2176,ORD002177,CUST0177,2024-10-09,Beauty,363.19,1,Debit Card,Cancelled,Allisonland,Pennsylvania,89095,PROD0077,0.21,286.92,4.0,False
2177,ORD002178,CUST0178,2025-01-31,Home,148.01,4,Net Banking,Delivered,North Juliaborough,Maine,25320,PROD0078,0.22,461.79,5.0,False
2178,ORD002179,CUST0179,2025-02-15,Books,486.95,3,Credit Card,Returned,North Codyview,Minnesota,84635,PROD0079,0.26,1081.03,5.0,False
2179,ORD002180,CUST0180,2025-02-02,Books,430.47,4,Net Banking,Cancelled,New Johnnyberg,Maine,89558,PROD0080,0.09,1566.91,1.0,False
2180,ORD002181,CUST0181,2025-04-16,Home,458.25,3,Debit Card,Delivered,New Kyle,West Virginia,18723,PROD0081,0.24,1044.81,4.0,False
2181,ORD002182,CUST0182,2024-12-08,Home,14.52,2,Debit Card,Delivered,Port Jillhaven,Tennessee,57791,PROD0082,0.03,28.17,3.0,False
2182,ORD002183,CUST0183,2024-08-25,Sports,287.09,2,Debit Card,Returned,Brandonview,Minnesota,98218,PROD0083,0.17,476.57,4.0,False
2183,ORD002184,CUST0184,2025-05-30,Sports,150.85,1,Cash on Delivery,Returned,Port Justin,Montana,5066,PROD0084,0.16,126.71,4.0,False
2184,ORD002185,CUST0185,2024-07-31,Clothing,425.27,4,PayPal,Cancelled,Timothyville,Florida,18378,PROD0085,0.13,1479.94,3.0,False
2185,ORD002186,CUST0186,2024-09-28,Sports,318.26,2,PayPal,Pending,North Nathaniel,Idaho,18816,PROD0086,0.06,598.33,4.0,False
2186,ORD002187,CUST0187,2025-02-03,Home,271.74,4,Net Banking,Cancelled,Morrowfort,Oregon,84904,PROD0087,0.13,945.66,5.0,False
2187,ORD002188,CUST0188,2025-03-11,Books,61.72,1,Credit Card,Returned,South Christopherfurt,Montana,77889,PROD0088,0.25,46.29,5.0,False
2188,ORD002189,CUST0189,2025-01-03,Home,272.41,1,Net Banking,Cancelled,North Kimberlymouth,Kansas,44288,PROD0089,0.22,212.48,4.0,False
2189,ORD002190,CUST0190,2024-08-08,Beauty,317.79,1,Credit Card,Returned,Farleyport,Arizona,36385,PROD0090,0.13,276.48,4.0,False
2190,ORD002191,CUST0191,2025-01-08,Home,478.18,1,Credit Card,Delivered,Stricklandburgh,Arizona,38166,PROD0091,0.29,339.51,3.0,False
2191,ORD002192,CUST0192,2025-04-27,Beauty,294.6,1,Credit Card,Returned,North Meganmouth,Iowa,38821,PROD0092,0.24,223.9,4.0,False
2192,ORD002193,CUST0193,2024-12-17,Sports,483.86,4,Net Banking,Cancelled,Victoriaport,Delaware,44607,PROD0093,0.01,1916.09,4.0,False
2193,ORD002194,CUST0194,2024-10-07,Home,481.0,2,Debit Card,Pending,Brownland,Arizona,32556,PROD0094,0.23,740.74,1.0,False
2194,ORD002195,CUST0195,2025-05-04,Electronics,326.85,3,Credit Card,Delivered,Figueroashire,Missouri,52756,PROD0095,0.22,764.83,1.0,False
2195,ORD002196,CUST0196,2024-06-23,Beauty,255.42,1,Debit Card,Cancelled,Lake Tommy,Massachusetts,89463,PROD0096,0.01,252.87,3.0,False
2196,ORD002197,CUST0197,2024-07-27,Beauty,235.68,3,PayPal,Cancelled,Spencerland,Delaware,30500,PROD0097,0.28,509.07,5.0,False
2197,ORD002198,CUST0198,2025-01-17,Sports,445.74,1,Cash on Delivery,Delivered,Brendafort,South Dakota,71478,PROD0098,0.14,383.34,2.0,False
2198,ORD002199,CUST0199,2024-09-14,Beauty,18.99,3,Debit Card,Returned,Melanieville,Virginia,69734,PROD0099,0.07,52.98,2.0,False
2199,ORD002200,CUST0200,2024-11-28,Beauty,61.34,3,Credit Card,Pending,North Geoffrey,Nebraska,74637,PROD0100,0.13,160.1,5.0,False
2200,ORD002201,CUST0201,2025-01-29,Home,55.53,1,Credit Card,Delivered,Juanland,Alaska,75146,PROD0101,0.25,41.65,5.0,False
2201,ORD002202,CUST0202,2025-02-14,Clothing,379.68,2,Debit Card,Returned,Thomasmouth,Tennessee,96598,PROD0102,0.08,698.61,3.0,False
2202,ORD002203,CUST0203,2025-04-30,Clothing,173.13,4,Debit Card,Delivered,North Tiffanyville,Arkansas,64075,PROD0103,0.27,505.54,5.0,True
2203,ORD002204,CUST0204,2024-11-20,Books,320.79,2,Net Banking,Delivered,Port Linda,North Dakota,36012,PROD0104,0.02,628.75,4.0,False
2204,ORD002205,CUST0205,2025-01-22,Books,303.87,2,Credit Card,Pending,Millsmouth,West Virginia,81369,PROD0105,0.03,589.51,,False
2205,ORD002206,CUST0206,2024-07-05,Books,195.98,4,Debit Card,Delivered,Frazierfort,New York,17640,PROD0106,0.18,642.81,2.0,False
2206,ORD002207,CUST0207,2024-11-10,Books,268.13,2,Net Banking,Returned,New Destiny,Montana,10932,PROD0107,0.15,455.82,5.0,False
2207,ORD002208,CUST0208,2025-02-15,Clothing,324.34,4,Credit Card,Delivered,Colleenburgh,Michigan,52687,PROD0108,0.2,1037.89,1.0,False
2208,ORD002209,CUST0209,2024-10-27,Books,470.77,3,Credit Card,Delivered,South Davidport,Massachusetts,75971,PROD0109,0.01,1398.19,4.0,False
2209,ORD002210,CUST0210,2024-07-08,Electronics,289.94,1,Credit Card,Returned,Lake Ashley,Louisiana,88683,PROD0110,0.08,266.74,4.0,False
2210,ORD002211,CUST0211,2024-10-28,Beauty,309.11,1,Credit Card,Delivered,Morrisonborough,Iowa,25525,PROD0111,0.21,244.2,5.0,True
2211,ORD002212,CUST0212,2025-01-15,Books,38.59,4,Cash on Delivery,Delivered,Maryville,New York,37275,PROD0112,0.1,138.92,2.0,False
2212,ORD002213,CUST0213,2024-09-04,Electronics,476.35,2,Net Banking,Cancelled,East Thomas,Arizona,42563,PROD0113,0.09,866.96,2.0,False
2213,ORD002214,CUST0214,2025-01-13,Books,266.4,4,Debit Card,Returned,Wilsonland,California,98180,PROD0114,0.25,799.2,4.0,False
2214,ORD002215,CUST0215,2025-06-12,Books,401.63,1,Debit Card,Pending,North Diane,New York,61303,PROD0115,0.24,305.24,,False
2215,ORD002216,CUST0216,2025-01-04,Beauty,29.89,1,Net Banking,Cancelled,South Robin,Alabama,47282,PROD0116,0.22,23.31,3.0,False
2216,ORD002217,CUST0217,2025-04-11,Books,213.35,1,Net Banking,Cancelled,West Josephview,Oregon,64777,PROD0117,0.19,172.81,4.0,False
2217,ORD002218,CUST0218,2025-03-19,Beauty,132.2,3,PayPal,Delivered,Lake Bradleyfort,Indiana,39499,PROD0118,0.29,281.59,3.0,False
2218,ORD002219,CUST0219,2025-05-24,Beauty,137.15,1,PayPal,Delivered,Smithside,Louisiana,16810,PROD0119,0.01,135.78,3.0,True
2219,ORD002220,CUST0220,2025-05-21,Sports,396.77,4,Credit Card,Returned,Moranbury,Texas,24146,PROD0120,0.05,1507.73,4.0,False
2220,ORD002221,CUST0221,2024-10-28,Books,313.81,1,Net Banking,Delivered,Danieltown,Mississippi,14576,PROD0121,0.14,269.88,4.0,True
2221,ORD002222,CUST0222,2024-08-13,Clothing,222.67,2,Cash on Delivery,Pending,West Michael,New Mexico,28366,PROD0122,0.08,409.71,1.0,False
2222,ORD002223,CUST0223,2024-11-17,Clothing,10.24,3,Net Banking,Cancelled,West Regina,Idaho,26740,PROD0123,0.09,27.96,4.0,False
2223,ORD002224,CUST0224,2024-12-16,Sports,482.64,4,Net Banking,Pending,Longport,Washington,55759,PROD0124,0.29,1370.7,4.0,False
2224,ORD002225,CUST0225,2024-09-04,Books,481.2,3,Credit Card,Delivered,East Patty,Utah,84873,PROD0125,0.01,1429.16,3.0,False
2225,ORD002226,CUST0226,2025-04-15,Home,112.69,1,Net Banking,Cancelled,Sheenaville,Illinois,48574,PROD0126,0.01,111.56,4.0,False
2226,ORD002227,CUST0227,2024-06-22,Clothing,25.47,4,Net Banking,Returned,West Amandahaven,Wisconsin,72554,PROD0127,0.28,73.35,3.0,False
2227,ORD002228,CUST0228,2025-05-02,Home,267.45,4,Cash on Delivery,Returned,Katherineton,Montana,76860,PROD0128,0.05,1016.31,4.0,False
2228,ORD002229,CUST0229,2024-12-12,Clothing,475.95,1,PayPal,Cancelled,North Christopherchester,Wyoming,41357,PROD0129,0.01,471.19,3.0,False
2229,ORD002230,CUST0230,2025-05-11,Sports,455.65,3,PayPal,Pending,Lake Kari,Minnesota,16596,PROD0130,0.14,1175.58,3.0,False
2230,ORD002231,CUST0231,2025-02-15,Sports,294.41,1,Net Banking,Delivered,Mooneyton,Massachusetts,20165,PROD0131,0.26,217.86,3.0,True
2231,ORD002232,CUST0232,2024-09-23,Clothing,155.26,1,Cash on Delivery,Pending,Doughertyhaven,Missouri,15726,PROD0132,0.09,141.29,2.0,False
2232,ORD002233,CUST0233,2024-12-14,Beauty,168.33,2,PayPal,Delivered,Lake Teresafurt,Vermont,94174,PROD0133,0.28,242.4,5.0,True
2233,ORD002234,CUST0234,2025-05-08,Sports,449.47,3,Debit Card,Cancelled,Jenniferside,Missouri,58674,PROD0134,0.26,997.82,3.0,False
2234,ORD002235,CUST0235,2024-09-17,Sports,248.43,2,Net Banking,Returned,Jamieberg,Oregon,49823,PROD0135,0.08,457.11,4.0,False
2235,ORD002236,CUST0236,2024-10-09,Electronics,69.9,2,Cash on Delivery,Pending,Russohaven,Virginia,21144,PROD0136,0.13,121.63,3.0,False
2236,ORD002237,CUST0237,2025-04-09,Electronics,127.97,2,Cash on Delivery,Pending,Rickytown,New Hampshire,47799,PROD0137,0.28,184.28,5.0,False
2237,ORD002238,CUST0238,2024-10-01,Home,142.01,3,PayPal,Pending,Padillachester,Hawaii,89208,PROD0138,0.04,408.99,5.0,False
2238,ORD002239,CUST0239,2024-08-19,Books,66.16,4,PayPal,Returned,West Johnberg,Connecticut,99127,PROD0139,0.02,259.35,,False
2239,ORD002240,CUST0240,2024-07-05,Clothing,234.21,1,Net Banking,Pending,West Vincent,Wisconsin,42307,PROD0140,0.06,220.16,3.0,False
2240,ORD002241,CUST0241,2024-08-15,Home,458.45,2,Net Banking,Pending,Kristymouth,Connecticut,22938,PROD0141,0.07,852.72,5.0,False
2241,ORD002242,CUST0242,2024-08-18,Clothing,336.05,1,Net Banking,Pending,Perezhaven,Kansas,68587,PROD0142,0.05,319.25,5.0,False
2242,ORD002243,CUST0243,2025-01-20,Sports,40.87,2,Debit Card,Pending,Meyerbury,Nebraska,72058,PROD0143,0.01,80.92,4.0,False
2243,ORD002244,CUST0244,2024-08-15,Clothing,7.72,1,Cash on Delivery,Cancelled,Whiteside,Oregon,3408,PROD0144,0.22,6.02,2.0,False
2244,ORD002245,CUST0245,2025-05-20,Clothing,141.74,2,PayPal,Cancelled,Benjaminbury,Vermont,79613,PROD0145,0.05,269.31,4.0,False
2245,ORD002246,CUST0246,2025-04-21,Electronics,184.53,1,PayPal,Cancelled,East Erica,Wyoming,83932,PROD0146,0.14,158.7,5.0,False
2246,ORD002247,CUST0247,2024-10-22,Clothing,389.49,4,Cash on Delivery,Pending,Port Michaelville,Kansas,50597,PROD0147,0.04,1495.64,5.0,False
2247,ORD002248,CUST0248,2025-05-31,Home,483.67,1,Net Banking,Pending,New Kim,Iowa,46726,PROD0148,0.11,430.47,1.0,False
2248,ORD002249,CUST0249,2025-01-31,Clothing,196.85,4,Credit Card,Cancelled,Hernandezburgh,Oklahoma,24836,PROD0149,0.12,692.91,1.0,False
2249,ORD002250,CUST0250,2025-05-17,Beauty,344.91,2,PayPal,Returned,Thomashaven,South Carolina,21659,PROD0150,0.27,503.57,3.0,False
2250,ORD002251,CUST0251,2025-03-10,Home,497.48,4,Cash on Delivery,Pending,Nelsonport,Maine,56702,PROD0151,0.21,1572.04,5.0,False
2251,ORD002252,CUST0252,2024-09-11,Beauty,374.1,1,Net Banking,Pending,New Kevin,Mississippi,71532,PROD0152,0.27,273.09,4.0,False
2252,ORD002253,CUST0253,2024-10-12,Clothing,319.91,4,PayPal,Returned,Stevenmouth,Ohio,77532,PROD0153,0.15,1087.69,,False
2253,ORD002254,CUST0254,2025-05-30,Electronics,43.65,2,Debit Card,Delivered,Marshallshire,Kansas,36119,PROD0154,0.05,82.93,4.0,False
2254,ORD002255,CUST0255,2024-07-01,Books,164.99,2,Net Banking,Returned,Kingmouth,Kansas,81981,PROD0155,0.12,290.38,5.0,False
2255,ORD002256,CUST0256,2024-12-05,Beauty,457.13,3,Credit Card,Pending,East Marioshire,Minnesota,58465,PROD0156,0.18,1124.54,5.0,False
2256,ORD002257,CUST0257,2025-01-25,Beauty,104.5,2,PayPal,Returned,Nealfurt,Maryland,12118,PROD0157,0.16,175.56,4.0,False
2257,ORD002258,CUST0258,2024-08-08,Sports,422.58,1,Debit Card,Pending,Lake Valerie,New Mexico,82950,PROD0158,0.27,308.48,1.0,False
2258,ORD002259,CUST0259,2025-02-13,Sports,349.68,1,PayPal,Returned,South Melindaland,Ohio,4647,PROD0159,0.18,286.74,2.0,False
2259,ORD002260,CUST0260,2024-10-25,Home,186.33,3,Cash on Delivery,Pending,Murphyport,North Carolina,68334,PROD0160,0.08,514.27,5.0,False
2260,ORD002261,CUST0261,2025-01-22,Books,266.94,3,PayPal,Cancelled,Ellisstad,Utah,76884,PROD0161,0.29,568.58,3.0,False
2261,ORD002262,CUST0262,2024-07-02,Electronics,273.69,2,PayPal,Delivered,North Heidibury,Washington,83197,PROD0162,0.05,520.01,4.0,False
2262,ORD002263,CUST0263,2025-03-20,Sports,358.46,1,Credit Card,Delivered,Walkermouth,Montana,75587,PROD0163,0.14,308.28,3.0,True
2263,ORD002264,CUST0264,2025-01-09,Electronics,260.7,3,Credit Card,Returned,Sheilaberg,Missouri,2449,PROD0164,0.27,570.93,5.0,False
2264,ORD002265,CUST0265,2024-12-29,Home,70.87,1,Cash on Delivery,Returned,Andrewborough,Kentucky,62786,PROD0165,0.21,55.99,5.0,False
2265,ORD002266,CUST0266,2025-03-21,Clothing,387.86,3,Credit Card,Delivered,Elizabethchester,Georgia,28902,PROD0166,0.16,977.41,,False
2266,ORD002267,CUST0267,2024-08-10,Sports,206.1,1,Credit Card,Pending,Susanfurt,Nebraska,90873,PROD0167,0.21,162.82,5.0,False
2267,ORD002268,CUST0268,2024-11-25,Beauty,481.73,1,Cash on Delivery,Cancelled,Port Erinmouth,Wyoming,51101,PROD0168,0.13,419.11,4.0,False
2268,ORD002269,CUST0269,2025-01-15,Books,145.34,3,PayPal,Pending,Port Renee,Nebraska,97546,PROD0169,0.12,383.7,4.0,False
2269,ORD002270,CUST0270,2024-08-31,Sports,135.22,1,PayPal,Delivered,Darrenport,Delaware,83974,PROD0170,0.19,109.53,,True
2270,ORD002271,CUST0271,2024-12-07,Sports,170.09,2,Net Banking,Pending,New Markberg,Texas,73182,PROD0171,0.22,265.34,3.0,False
2271,ORD002272,CUST0272,2025-03-08,Books,288.3,2,PayPal,Cancelled,Leslieberg,Alaska,63948,PROD0172,0.28,415.15,4.0,False
2272,ORD002273,CUST0273,2025-05-20,Clothing,447.96,1,Credit Card,Returned,North Debbiebury,Rhode Island,19020,PROD0173,0.25,335.97,3.0,False
2273,ORD002274,CUST0274,2025-02-06,Sports,92.26,2,PayPal,Pending,Harpermouth,Alaska,59381,PROD0174,0.29,131.01,3.0,False
2274,ORD002275,CUST0275,2025-06-03,Electronics,143.44,4,Net Banking,Returned,Port Jacquelinechester,Washington,98570,PROD0175,0.03,556.55,5.0,False
2275,ORD002276,CUST0276,2024-11-20,Beauty,292.93,1,PayPal,Returned,Port Robert,Connecticut,89443,PROD0176,0.3,205.05,4.0,False
2276,ORD002277,CUST0277,2024-08-26,Books,229.9,4,Cash on Delivery,Returned,New Justin,Rhode Island,51220,PROD0177,0.06,864.42,3.0,False
2277,ORD002278,CUST0278,2025-05-21,Books,226.42,4,Net Banking,Cancelled,West Sergio,Pennsylvania,20484,PROD0178,0.02,887.57,1.0,False
2278,ORD002279,CUST0279,2024-11-03,Beauty,411.26,2,PayPal,Delivered,South Carolhaven,Indiana,94988,PROD0179,0.2,658.02,2.0,True
2279,ORD002280,CUST0280,2024-10-13,Electronics,462.32,4,Debit Card,Delivered,Changchester,Georgia,38096,PROD0180,0.2,1479.42,4.0,False
2280,ORD002281,CUST0281,2025-02-05,Home,243.25,3,PayPal,Returned,Washingtonmouth,Montana,33905,PROD0181,0.29,518.12,,False
2281,ORD002282,CUST0282,2024-10-05,Electronics,345.24,1,Debit Card,Pending,West Christine,Maine,46616,PROD0182,0.23,265.83,3.0,False
2282,ORD002283,CUST0283,2025-01-28,Clothing,401.52,1,Debit Card,Returned,Port Carla,Idaho,60906,PROD0183,0.12,353.34,4.0,False
2283,ORD002284,CUST0284,2024-11-13,Sports,261.59,4,PayPal,Cancelled,New Jesse,Wisconsin,1388,PROD0184,0.18,858.02,5.0,False
2284,ORD002285,CUST0285,2025-05-31,Books,150.69,2,PayPal,Delivered,Arnoldview,Utah,14988,PROD0185,0.18,247.13,5.0,True
2285,ORD002286,CUST0286,2025-01-12,Beauty,320.85,4,Net Banking,Returned,South Melanieburgh,New Hampshire,92573,PROD0186,0.23,988.22,3.0,False
2286,ORD002287,CUST0287,2025-05-18,Books,294.63,4,Debit Card,Pending,Port David,Montana,88101,PROD0187,0.17,978.17,2.0,False
2287,ORD002288,CUST0288,2025-02-01,Electronics,451.27,3,Credit Card,Cancelled,New Darren,South Carolina,44467,PROD0188,0.12,1191.35,,False
2288,ORD002289,CUST0289,2024-09-13,Sports,30.94,4,PayPal,Cancelled,Milestown,Kansas,87988,PROD0189,0.2,99.01,4.0,False
2289,ORD002290,CUST0290,2025-04-08,Home,455.52,4,Credit Card,Cancelled,Angelafurt,Nevada,52701,PROD0190,0.07,1694.53,5.0,False
2290,ORD002291,CUST0291,2024-11-25,Beauty,269.54,1,Cash on Delivery,Returned,Shawnburgh,Idaho,19242,PROD0191,0.1,242.59,3.0,False
2291,ORD002292,CUST0292,2024-10-15,Electronics,12.76,3,Net Banking,Pending,East Daniel,Washington,54166,PROD0192,0.02,37.51,1.0,False
2292,ORD002293,CUST0293,2024-07-06,Books,175.63,1,PayPal,Cancelled,Davidchester,New Mexico,42580,PROD0193,0.24,133.48,5.0,False
2293,ORD002294,CUST0294,2025-06-10,Electronics,363.55,2,Credit Card,Pending,Woodsmouth,California,15829,PROD0194,0.02,712.56,3.0,False
2294,ORD002295,CUST0295,2024-08-06,Beauty,246.77,2,Debit Card,Delivered,East Renee,Nevada,26826,PROD0195,0.09,449.12,3.0,False
2295,ORD002296,CUST0296,2024-08-20,Clothing,490.18,4,Credit Card,Cancelled,Stonebury,Montana,78476,PROD0196,0.28,1411.72,,False
2296,ORD002297,CUST0297,2025-04-07,Sports,214.19,3,PayPal,Pending,West Erikaport,Delaware,89800,PROD0197,0.17,533.33,3.0,False
2297,ORD002298,CUST0298,2024-07-20,Clothing,166.68,4,Credit Card,Cancelled,East Jesse,Idaho,50967,PROD0198,0.07,620.05,4.0,False
2298,ORD002299,CUST0299,2024-11-18,Sports,411.73,4,Credit Card,Pending,West Veronica,Arkansas,9918,PROD0199,0.3,1152.84,4.0,False
2299,ORD002300,CUST0300,2024-12-15,Clothing,276.21,2,PayPal,Delivered,North Joshua,Washington,23830,PROD0200,0.26,408.79,2.0,False
2300,ORD002301,CUST0301,2024-09-13,Home,342.75,3,Debit Card,Cancelled,New Paul,Mississippi,31880,PROD0201,0.02,1007.68,3.0,False
2301,ORD002302,CUST0302,2025-04-24,Sports,403.82,2,PayPal,Pending,Jeremiahville,South Carolina,81771,PROD0202,0.07,751.11,4.0,False
2302,ORD002303,CUST0303,2024-06-19,Home,337.36,4,Debit Card,Pending,Kaylaport,Kansas,25941,PROD0203,0.19,1093.05,5.0,False
2303,ORD002304,CUST0304,2025-03-14,Electronics,214.09,3,PayPal,Returned,South Daniel,Vermont,73918,PROD0204,0.06,603.73,2.0,False
2304,ORD002305,CUST0305,2025-02-05,Sports,66.77,4,PayPal,Delivered,Gonzalezshire,South Carolina,11077,PROD0205,0.16,224.35,3.0,True
2305,ORD002306,CUST0306,2024-11-21,Home,292.22,4,PayPal,Returned,West Joelshire,Indiana,16099,PROD0206,0.05,1110.44,1.0,False
2306,ORD002307,CUST0307,2025-03-21,Sports,449.23,2,Credit Card,Cancelled,New Kathleen,Florida,2508,PROD0207,0.2,718.77,3.0,False
2307,ORD002308,CUST0308,2025-03-19,Beauty,212.35,3,Cash on Delivery,Pending,South Andrew,Hawaii,11350,PROD0208,0.16,535.12,5.0,False
2308,ORD002309,CUST0309,2025-04-01,Clothing,455.81,2,PayPal,Returned,North William,Arizona,74082,PROD0209,0.29,647.25,3.0,False
2309,ORD002310,CUST0310,2025-04-13,Home,254.25,3,Net Banking,Cancelled,Jacksonmouth,Arizona,24613,PROD0210,0.04,732.24,4.0,False
2310,ORD002311,CUST0311,2025-04-15,Home,312.32,4,PayPal,Returned,Annettemouth,Arizona,18922,PROD0211,0.16,1049.4,1.0,False
2311,ORD002312,CUST0312,2024-07-12,Sports,417.33,4,Credit Card,Returned,Steelehaven,Oklahoma,27471,PROD0212,0.09,1519.08,4.0,False
2312,ORD002313,CUST0313,2025-02-05,Electronics,284.48,1,Credit Card,Pending,Claytonton,Idaho,8276,PROD0213,0.18,233.27,,False
2313,ORD002314,CUST0314,2024-12-19,Sports,50.03,3,Cash on Delivery,Returned,Mistyberg,Georgia,66540,PROD0214,0.06,141.08,,False
2314,ORD002315,CUST0315,2024-10-11,Electronics,490.58,4,Cash on Delivery,Returned,New Sarah,Hawaii,93432,PROD0215,0.28,1412.87,4.0,False
2315,ORD002316,CUST0316,2024-08-23,Books,126.7,2,Net Banking,Cancelled,Phillipsbury,Louisiana,28894,PROD0216,0.13,220.46,1.0,False
2316,ORD002317,CUST0317,2025-05-15,Books,356.7,2,Debit Card,Returned,West Lindaland,Pennsylvania,47955,PROD0217,0.13,620.66,5.0,False
2317,ORD002318,CUST0318,2025-03-09,Electronics,255.03,1,Credit Card,Returned,East Stevenhaven,Pennsylvania,30044,PROD0218,0.24,193.82,4.0,False
2318,ORD002319,CUST0319,2025-02-21,Home,241.99,2,Debit Card,Delivered,Lake Emily,Louisiana,70469,PROD0219,0.27,353.31,1.0,True
2319,ORD002320,CUST0320,2024-07-14,Sports,125.75,1,PayPal,Pending,Ewingfort,Nebraska,51442,PROD0220,0.15,106.89,4.0,False
2320,ORD002321,CUST0321,2024-12-11,Beauty,362.46,3,PayPal,Returned,Port Steven,Maryland,73740,PROD0221,0.23,837.28,4.0,False
2321,ORD002322,CUST0322,2024-10-25,Electronics,60.83,2,Net Banking,Pending,Port Anthony,Utah,22181,PROD0222,0.04,116.79,1.0,False
2322,ORD002323,CUST0323,2024-11-20,Electronics,495.27,1,Net Banking,Delivered,Shannonshire,Mississippi,47561,PROD0223,0.08,455.65,4.0,True
2323,ORD002324,CUST0324,2025-02-25,Home,423.46,4,Credit Card,Cancelled,Lake Wayneville,Pennsylvania,55104,PROD0224,0.21,1338.13,4.0,False
2324,ORD002325,CUST0325,2024-10-30,Home,269.58,1,Cash on Delivery,Returned,Lake Barbara,Utah,88574,PROD0225,0.28,194.1,5.0,False
2325,ORD002326,CUST0326,2025-02-14,Electronics,215.15,2,Cash on Delivery,Pending,Anthonytown,California,81139,PROD0226,0.04,413.09,3.0,False
2326,ORD002327,CUST0327,2024-10-24,Clothing,146.8,1,Net Banking,Returned,Smithborough,Vermont,40366,PROD0227,0.04,140.93,4.0,False
2327,ORD002328,CUST0328,2024-07-24,Home,253.29,1,Credit Card,Pending,Anthonytown,Hawaii,55285,PROD0228,0.29,179.84,4.0,False
2328,ORD002329,CUST0329,2025-02-11,Clothing,440.31,3,Credit Card,Returned,Coletown,Connecticut,41926,PROD0229,0.03,1281.3,4.0,False
2329,ORD002330,CUST0330,2024-06-25,Sports,141.13,3,Net Banking,Returned,Port Jessica,Mississippi,35443,PROD0230,0.01,419.16,5.0,False
2330,ORD002331,CUST0331,2025-01-04,Clothing,252.77,3,Net Banking,Delivered,North Robertstad,Alaska,30629,PROD0231,0.16,636.98,5.0,False
2331,ORD002332,CUST0332,2025-01-05,Clothing,121.1,1,Credit Card,Returned,South Deborahview,Arkansas,5947,PROD0232,0.07,112.62,5.0,False
2332,ORD002333,CUST0333,2024-12-27,Electronics,171.89,2,Net Banking,Returned,Port Luke,Michigan,51276,PROD0233,0.09,312.84,2.0,False
2333,ORD002334,CUST0334,2024-12-04,Sports,99.18,3,Debit Card,Pending,Chadmouth,Iowa,29778,PROD0234,0.19,241.01,5.0,False
2334,ORD002335,CUST0335,2024-12-04,Sports,495.32,2,Debit Card,Cancelled,Port Daleville,Massachusetts,44410,PROD0235,0.11,881.67,3.0,False
2335,ORD002336,CUST0336,2025-04-27,Beauty,287.89,3,Cash on Delivery,Returned,Anthonyview,Delaware,95984,PROD0236,0.3,604.57,1.0,False
2336,ORD002337,CUST0337,2024-07-01,Clothing,367.74,1,Net Banking,Delivered,North Karenshire,Louisiana,5602,PROD0237,0.07,342.0,4.0,True
2337,ORD002338,CUST0338,2024-07-19,Electronics,53.63,3,PayPal,Pending,Thomasstad,Washington,95819,PROD0238,0.26,119.06,1.0,False
2338,ORD002339,CUST0339,2024-06-18,Sports,186.23,2,PayPal,Cancelled,Port Lisachester,Tennessee,89795,PROD0239,0.26,275.62,3.0,False
2339,ORD002340,CUST0340,2024-08-05,Home,446.86,1,Credit Card,Cancelled,Port Carlosfort,Ohio,23849,PROD0240,0.13,388.77,4.0,False
2340,ORD002341,CUST0341,2025-05-01,Electronics,46.8,4,Net Banking,Returned,Lindabury,Indiana,60919,PROD0241,0.3,131.04,5.0,False
2341,ORD002342,CUST0342,2025-04-14,Home,86.91,4,Debit Card,Returned,Nicoleview,Tennessee,21697,PROD0242,0.08,319.83,3.0,False
2342,ORD002343,CUST0343,2025-03-02,Electronics,314.58,2,Cash on Delivery,Pending,Martinezburgh,California,59538,PROD0243,0.03,610.29,5.0,False
2343,ORD002344,CUST0344,2025-05-07,Clothing,313.28,1,Cash on Delivery,Pending,Hillchester,Pennsylvania,10743,PROD0244,0.17,260.02,1.0,False
2344,ORD002345,CUST0345,2025-01-30,Beauty,419.92,2,PayPal,Delivered,West Timothy,Maryland,91092,PROD0245,0.0,839.84,4.0,True
2345,ORD002346,CUST0346,2024-07-10,Books,468.07,3,Debit Card,Returned,Thorntonhaven,Georgia,83109,PROD0246,0.14,1207.62,3.0,False
2346,ORD002347,CUST0347,2024-11-07,Home,75.28,1,Net Banking,Pending,Hernandezville,Montana,81162,PROD0247,0.25,56.46,4.0,False
2347,ORD002348,CUST0348,2024-09-25,Sports,133.39,2,Net Banking,Pending,Billyside,North Dakota,42059,PROD0248,0.13,232.1,2.0,False
2348,ORD002349,CUST0349,2025-04-16,Books,216.59,1,PayPal,Pending,Smithchester,Nebraska,46123,PROD0249,0.06,203.59,2.0,False
2349,ORD002350,CUST0350,2024-10-01,Books,5.45,2,PayPal,Cancelled,New Elizabeth,Utah,24322,PROD0250,0.08,10.03,5.0,False
2350,ORD002351,CUST0351,2024-08-09,Beauty,39.56,2,PayPal,Cancelled,South Samanthaport,Michigan,93535,PROD0251,0.27,57.76,4.0,False
2351,ORD002352,CUST0352,2024-09-30,Clothing,117.11,1,Debit Card,Delivered,Michaelmouth,West Virginia,49754,PROD0252,0.2,93.69,5.0,False
2352,ORD002353,CUST0353,2024-12-25,Sports,243.15,4,Cash on Delivery,Delivered,Salinasport,Massachusetts,5285,PROD0253,0.05,923.97,3.0,False
2353,ORD002354,CUST0354,2024-12-21,Books,129.5,3,Credit Card,Pending,Graceville,Michigan,85086,PROD0254,0.14,334.11,4.0,False
2354,ORD002355,CUST0355,2025-05-10,Electronics,438.96,4,Credit Card,Returned,Johnsonville,West Virginia,85262,PROD0255,0.18,1439.79,3.0,False
2355,ORD002356,CUST0356,2024-12-03,Home,165.52,1,Credit Card,Returned,West Lisaport,Rhode Island,14952,PROD0256,0.15,140.69,2.0,False
2356,ORD002357,CUST0357,2024-11-06,Sports,462.69,3,Credit Card,Returned,East Virginiahaven,New Mexico,62788,PROD0257,0.24,1054.93,1.0,False
2357,ORD002358,CUST0358,2025-04-23,Home,487.52,2,Cash on Delivery,Pending,Johnsonshire,West Virginia,35944,PROD0258,0.0,975.04,5.0,False
2358,ORD002359,CUST0359,2024-10-30,Beauty,227.68,4,Net Banking,Delivered,Thomasstad,Nevada,56448,PROD0259,0.08,837.86,4.0,False
2359,ORD002360,CUST0360,2025-01-20,Books,117.43,1,PayPal,Returned,Johnstad,New Jersey,69237,PROD0260,0.17,97.47,4.0,False
2360,ORD002361,CUST0361,2024-10-24,Sports,149.37,4,PayPal,Returned,South Oliviaburgh,Ohio,57794,PROD0261,0.16,501.88,1.0,False
2361,ORD002362,CUST0362,2024-10-29,Electronics,389.29,1,Credit Card,Pending,Krausemouth,North Carolina,81322,PROD0262,0.03,377.61,5.0,False
2362,ORD002363,CUST0363,2024-12-30,Beauty,140.31,3,Net Banking,Delivered,Newmanbury,New York,45851,PROD0263,0.05,399.88,2.0,True
2363,ORD002364,CUST0364,2024-08-14,Beauty,193.39,4,Net Banking,Delivered,Port Devin,Hawaii,67726,PROD0264,0.23,595.64,5.0,True
2364,ORD002365,CUST0365,2024-11-13,Electronics,241.9,3,PayPal,Cancelled,South Matthewberg,Texas,12341,PROD0265,0.16,609.59,4.0,False
2365,ORD002366,CUST0366,2024-07-13,Clothing,289.68,1,Net Banking,Cancelled,North Blake,Colorado,76260,PROD0266,0.19,234.64,4.0,False
2366,ORD002367,CUST0367,2025-02-25,Clothing,498.07,1,Cash on Delivery,Delivered,Kylebury,Kentucky,82120,PROD0267,0.25,373.55,4.0,False
2367,ORD002368,CUST0368,2024-12-27,Home,119.94,2,PayPal,Delivered,South Carriebury,Connecticut,41884,PROD0268,0.18,196.7,2.0,True
2368,ORD002369,CUST0369,2024-12-13,Home,179.94,1,Net Banking,Cancelled,Port Gregorychester,Rhode Island,26804,PROD0269,0.09,163.75,4.0,False
2369,ORD002370,CUST0370,2025-04-05,Sports,135.13,4,Cash on Delivery,Pending,Steveside,Georgia,66689,PROD0270,0.16,454.04,2.0,False
2370,ORD002371,CUST0371,2025-04-07,Beauty,183.75,1,Net Banking,Returned,South Kimberlyland,Virginia,11329,PROD0271,0.04,176.4,5.0,False
2371,ORD002372,CUST0372,2025-05-15,Electronics,54.9,1,Net Banking,Delivered,Dennisburgh,Alabama,93159,PROD0272,0.08,50.51,2.0,False
2372,ORD002373,CUST0373,2024-10-15,Clothing,183.11,2,Net Banking,Pending,Brownhaven,Ohio,73594,PROD0273,0.2,292.98,3.0,False
2373,ORD002374,CUST0374,2024-12-17,Electronics,444.49,3,Cash on Delivery,Cancelled,Feliciamouth,New Jersey,24147,PROD0274,0.01,1320.14,5.0,False
2374,ORD002375,CUST0375,2024-07-09,Beauty,152.8,1,PayPal,Cancelled,East Bradley,Massachusetts,21303,PROD0275,0.0,152.8,4.0,False
2375,ORD002376,CUST0376,2025-02-18,Beauty,189.11,1,Cash on Delivery,Returned,Sheriview,Maine,54168,PROD0276,0.27,138.05,1.0,False
2376,ORD002377,CUST0377,2024-07-10,Books,472.51,2,Cash on Delivery,Cancelled,Pollardshire,California,18947,PROD0277,0.29,670.96,3.0,False
2377,ORD002378,CUST0378,2024-09-13,Clothing,365.55,4,Credit Card,Cancelled,Port Amytown,Rhode Island,30375,PROD0278,0.27,1067.41,4.0,False
2378,ORD002379,CUST0379,2025-02-12,Beauty,260.79,1,PayPal,Cancelled,Rodriguezview,Oklahoma,25144,PROD0279,0.06,245.14,5.0,False
2379,ORD002380,CUST0380,2024-07-10,Sports,389.71,3,PayPal,Delivered,Edwardsland,New Hampshire,13837,PROD0280,0.23,900.23,4.0,True
2380,ORD002381,CUST0381,2025-06-09,Home,65.97,2,Net Banking,Pending,Wheelerbury,West Virginia,62132,PROD0281,0.14,113.47,1.0,False
2381,ORD002382,CUST0382,2024-10-30,Clothing,234.92,4,PayPal,Pending,Scottside,Vermont,63576,PROD0282,0.02,920.89,3.0,False
2382,ORD002383,CUST0383,2025-04-01,Beauty,63.53,2,PayPal,Delivered,West Debra,Missouri,71272,PROD0283,0.24,96.57,4.0,False
2383,ORD002384,CUST0384,2025-06-04,Electronics,120.64,1,Cash on Delivery,Pending,New Cassandra,Washington,99403,PROD0284,0.24,91.69,,False
2384,ORD002385,CUST0385,2024-09-30,Books,75.22,1,Net Banking,Cancelled,North Kyle,Virginia,55696,PROD0285,0.22,58.67,3.0,False
2385,ORD002386,CUST0386,2025-05-20,Beauty,184.09,3,Net Banking,Returned,South Nataliechester,Indiana,88553,PROD0286,0.3,386.59,,False
2386,ORD002387,CUST0387,2024-08-19,Home,193.91,2,PayPal,Delivered,Kingland,Minnesota,85129,PROD0287,0.3,271.47,4.0,False
2387,ORD002388,CUST0388,2025-01-18,Clothing,473.92,2,Credit Card,Pending,Melissaburgh,Arizona,12798,PROD0288,0.05,900.45,3.0,False
2388,ORD002389,CUST0389,2024-08-29,Books,135.74,2,PayPal,Pending,North Jennifer,South Carolina,63962,PROD0289,0.24,206.32,3.0,False
2389,ORD002390,CUST0390,2025-02-21,Beauty,238.85,4,PayPal,Cancelled,Kingfort,Arkansas,78004,PROD0290,0.2,764.32,4.0,False
2390,ORD002391,CUST0391,2025-03-19,Sports,406.63,2,Debit Card,Pending,South Elizabethshire,Massachusetts,35830,PROD0291,0.22,634.34,3.0,False
2391,ORD002392,CUST0392,2025-05-19,Beauty,408.73,2,Net Banking,Cancelled,Georgeberg,Missouri,45550,PROD0292,0.3,572.22,3.0,False
2392,ORD002393,CUST0393,2025-03-03,Sports,376.42,4,Net Banking,Returned,Jenniferview,Oklahoma,87599,PROD0293,0.25,1129.26,,False
2393,ORD002394,CUST0394,2025-03-07,Clothing,147.48,3,PayPal,Delivered,New Katie,Iowa,50053,PROD0294,0.12,389.35,3.0,False
2394,ORD002395,CUST0395,2024-11-20,Clothing,250.01,3,Debit Card,Delivered,New Francis,Texas,20342,PROD0295,0.28,540.02,4.0,False
2395,ORD002396,CUST0396,2024-07-13,Sports,97.17,3,Debit Card,Returned,Millershire,Oregon,66224,PROD0296,0.26,215.72,4.0,False
2396,ORD002397,CUST0397,2025-02-21,Clothing,98.26,2,PayPal,Delivered,New Melissa,Iowa,43915,PROD0297,0.21,155.25,2.0,True
2397,ORD002398,CUST0398,2025-05-11,Beauty,220.74,4,Credit Card,Delivered,Port Sara,Oklahoma,99940,PROD0298,0.28,635.73,5.0,True
2398,ORD002399,CUST0399,2025-02-04,Sports,370.6,4,Cash on Delivery,Pending,Clarkebury,Oregon,40638,PROD0299,0.14,1274.86,5.0,False
2399,ORD002400,CUST0400,2025-06-12,Electronics,265.66,3,Net Banking,Delivered,Victorview,Alabama,53987,PROD0300,0.21,629.61,2.0,True
2400,ORD002401,CUST0401,2024-11-08,Books,443.91,2,Net Banking,Cancelled,South Wandamouth,Virginia,28652,PROD0001,0.0,887.82,5.0,False
2401,ORD002402,CUST0402,2025-01-07,Beauty,416.3,3,Cash on Delivery,Returned,Alexanderfort,Rhode Island,72814,PROD0002,0.17,1036.59,2.0,False
2402,ORD002403,CUST0403,2024-06-19,Beauty,20.64,1,Credit Card,Cancelled,Billyburgh,Massachusetts,62444,PROD0003,0.22,16.1,4.0,False
2403,ORD002404,CUST0404,2024-08-28,Electronics,286.37,1,Credit Card,Cancelled,Ballshire,Utah,94176,PROD0004,0.11,254.87,5.0,False
2404,ORD002405,CUST0405,2024-10-18,Home,306.53,2,Debit Card,Delivered,West Cynthia,Wyoming,29683,PROD0005,0.26,453.66,4.0,False
2405,ORD002406,CUST0406,2024-08-17,Beauty,480.98,3,PayPal,Pending,East Michele,Louisiana,34583,PROD0006,0.15,1226.5,2.0,False
2406,ORD002407,CUST0407,2025-03-11,Home,16.5,1,PayPal,Delivered,North Karenland,Nebraska,68635,PROD0007,0.08,15.18,3.0,True
2407,ORD002408,CUST0408,2024-07-07,Electronics,267.9,4,Net Banking,Pending,Lake Mario,Indiana,72575,PROD0008,0.16,900.14,4.0,False
2408,ORD002409,CUST0409,2025-06-11,Home,106.37,2,Cash on Delivery,Returned,Harringtonborough,Florida,26325,PROD0009,0.27,155.3,4.0,False
2409,ORD002410,CUST0410,2025-03-25,Sports,31.56,1,Debit Card,Pending,Cervantesberg,Maine,38718,PROD0010,0.2,25.25,4.0,False
2410,ORD002411,CUST0411,2025-04-06,Beauty,295.81,1,Net Banking,Pending,Youngstad,South Carolina,55361,PROD0011,0.29,210.03,3.0,False
2411,ORD002412,CUST0412,2024-07-20,Books,387.44,4,Debit Card,Delivered,Lake Saramouth,California,43088,PROD0012,0.13,1348.29,2.0,True
2412,ORD002413,CUST0413,2025-03-09,Beauty,388.56,2,Credit Card,Pending,Port Kiara,Maryland,66660,PROD0013,0.2,621.7,4.0,False
2413,ORD002414,CUST0414,2024-11-14,Sports,19.99,1,Credit Card,Cancelled,East Amyview,Montana,35406,PROD0014,0.19,16.19,2.0,False
2414,ORD002415,CUST0415,2025-02-16,Books,206.44,1,PayPal,Returned,East Gerald,Virginia,8093,PROD0015,0.07,191.99,2.0,False
2415,ORD002416,CUST0416,2025-01-01,Books,27.03,2,Cash on Delivery,Delivered,Davidville,Virginia,73279,PROD0016,0.22,42.17,2.0,False
2416,ORD002417,CUST0417,2025-04-17,Electronics,127.68,2,Cash on Delivery,Delivered,Port Whitneyport,New York,25130,PROD0017,0.02,250.25,4.0,True
2417,ORD002418,CUST0418,2024-06-30,Books,100.48,2,PayPal,Cancelled,Martinton,Oregon,3897,PROD0018,0.17,166.8,4.0,False
2418,ORD002419,CUST0419,2024-11-01,Sports,111.52,4,Cash on Delivery,Returned,Kristinchester,Kansas,31873,PROD0019,0.05,423.78,5.0,False
2419,ORD002420,CUST0420,2024-07-14,Books,172.86,1,Credit Card,Cancelled,West Wanda,Alabama,8211,PROD0020,0.06,162.49,3.0,False
2420,ORD002421,CUST0421,2025-01-28,Home,142.32,3,Net Banking,Pending,Lake Douglasberg,Connecticut,40705,PROD0021,0.29,303.14,4.0,False
2421,ORD002422,CUST0422,2025-05-12,Electronics,481.33,2,Debit Card,Delivered,Anaview,Michigan,66224,PROD0022,0.12,847.14,5.0,False
2422,ORD002423,CUST0423,2025-05-11,Home,179.44,3,Cash on Delivery,Delivered,Shawnbury,Illinois,22202,PROD0023,0.16,452.19,2.0,True
2423,ORD002424,CUST0424,2025-02-02,Home,447.62,4,PayPal,Returned,South Kellyshire,Nebraska,90637,PROD0024,0.2,1432.38,3.0,False
2424,ORD002425,CUST0425,2024-08-15,Sports,94.62,3,PayPal,Delivered,West Alec,Indiana,7214,PROD0025,0.15,241.28,,False
2425,ORD002426,CUST0426,2024-07-16,Books,383.05,1,Net Banking,Pending,Lake Donaldborough,Alabama,36374,PROD0026,0.22,298.78,,False
2426,ORD002427,CUST0427,2025-04-27,Electronics,35.37,4,Cash on Delivery,Cancelled,East Jimton,Missouri,86283,PROD0027,0.01,140.07,4.0,False
2427,ORD002428,CUST0428,2024-10-03,Electronics,234.07,4,Debit Card,Returned,East Frederick,Oklahoma,19794,PROD0028,0.2,749.02,3.0,False
2428,ORD002429,CUST0429,2025-02-04,Clothing,7.73,2,Debit Card,Returned,Simmonschester,Rhode Island,60936,PROD0029,0.1,13.91,5.0,False
2429,ORD002430,CUST0430,2025-01-17,Electronics,406.09,1,Cash on Delivery,Delivered,Rileymouth,New Mexico,49335,PROD0030,0.26,300.51,4.0,False
2430,ORD002431,CUST0431,2025-06-10,Beauty,475.49,2,Debit Card,Pending,Jorgeside,Wyoming,34237,PROD0031,0.04,912.94,2.0,False
2431,ORD002432,CUST0432,2024-12-01,Sports,22.38,2,Net Banking,Returned,Whitefort,Vermont,1587,PROD0032,0.01,44.31,4.0,False
2432,ORD002433,CUST0433,2024-06-19,Beauty,467.25,3,Debit Card,Pending,Meghanland,West Virginia,78096,PROD0033,0.02,1373.72,4.0,False
2433,ORD002434,CUST0434,2025-01-04,Books,388.06,1,Net Banking,Delivered,East Brandichester,New Hampshire,32272,PROD0034,0.16,325.97,4.0,True
2434,ORD002435,CUST0435,2025-02-03,Books,182.64,3,Net Banking,Returned,Jayburgh,South Carolina,4923,PROD0035,0.06,515.04,3.0,False
2435,ORD002436,CUST0436,2025-05-27,Sports,454.89,1,Debit Card,Returned,West Marisa,Maryland,80522,PROD0036,0.23,350.27,2.0,False
2436,ORD002437,CUST0437,2024-07-25,Books,151.65,3,PayPal,Pending,Perezshire,Wyoming,66746,PROD0037,0.02,445.85,5.0,False
2437,ORD002438,CUST0438,2024-08-17,Clothing,207.6,2,Cash on Delivery,Returned,Nicholasmouth,Virginia,66578,PROD0038,0.07,386.14,2.0,False
2438,ORD002439,CUST0439,2025-05-15,Clothing,52.87,2,Net Banking,Delivered,North Lisa,Minnesota,63671,PROD0039,0.25,79.3,2.0,True
2439,ORD002440,CUST0440,2025-02-20,Books,330.18,2,Credit Card,Cancelled,New Benjamin,Florida,14686,PROD0040,0.01,653.76,2.0,False
2440,ORD002441,CUST0441,2025-06-10,Electronics,19.65,1,Credit Card,Pending,Lake Ianchester,Kentucky,81434,PROD0041,0.24,14.93,1.0,False
2441,ORD002442,CUST0442,2024-06-14,Home,245.03,2,Net Banking,Cancelled,Port Davidshire,Montana,30550,PROD0042,0.03,475.36,5.0,False
2442,ORD002443,CUST0443,2024-09-04,Books,343.18,1,PayPal,Returned,Davidshire,Nevada,96437,PROD0043,0.25,257.38,5.0,False
2443,ORD002444,CUST0444,2024-10-08,Sports,411.51,3,Cash on Delivery,Returned,New Adam,South Dakota,67094,PROD0044,0.24,938.24,2.0,False
2444,ORD002445,CUST0445,2024-07-21,Clothing,79.22,3,Cash on Delivery,Cancelled,Greenhaven,Mississippi,72081,PROD0045,0.07,221.02,3.0,False
2445,ORD002446,CUST0446,2025-03-01,Books,378.27,3,Net Banking,Delivered,Port Jamesview,New Hampshire,48979,PROD0046,0.12,998.63,3.0,True
2446,ORD002447,CUST0447,2024-10-18,Electronics,360.94,2,Credit Card,Returned,East Carolfurt,Oklahoma,29969,PROD0047,0.14,620.82,2.0,False
2447,ORD002448,CUST0448,2024-08-18,Beauty,281.99,1,Debit Card,Returned,Amberhaven,Oklahoma,36467,PROD0048,0.12,248.15,5.0,False
2448,ORD002449,CUST0449,2025-05-25,Clothing,294.4,2,Net Banking,Cancelled,North Jill,New Hampshire,36758,PROD0049,0.06,553.47,5.0,False
2449,ORD002450,CUST0450,2024-10-28,Electronics,50.18,2,Debit Card,Returned,Mercadoberg,Idaho,1923,PROD0050,0.07,93.33,4.0,False
2450,ORD002451,CUST0451,2024-09-15,Electronics,302.23,2,Net Banking,Cancelled,Lindaland,Arizona,21874,PROD0051,0.21,477.52,2.0,False
2451,ORD002452,CUST0452,2024-06-30,Beauty,193.85,1,Net Banking,Pending,New Denise,California,62465,PROD0052,0.05,184.16,3.0,False
2452,ORD002453,CUST0453,2025-01-21,Beauty,434.45,1,Credit Card,Pending,East Robert,Minnesota,58009,PROD0053,0.08,399.69,2.0,False
2453,ORD002454,CUST0454,2025-03-31,Beauty,159.98,2,Net Banking,Pending,New Andrea,South Dakota,54987,PROD0054,0.02,313.56,5.0,False
2454,ORD002455,CUST0455,2025-06-11,Home,290.41,2,PayPal,Pending,Charleshaven,Missouri,4962,PROD0055,0.07,540.16,3.0,False
2455,ORD002456,CUST0456,2024-11-16,Sports,216.15,1,Net Banking,Returned,Chasetown,Nebraska,82226,PROD0056,0.01,213.99,2.0,False
2456,ORD002457,CUST0457,2025-02-24,Books,438.75,2,Net Banking,Pending,East Molly,North Dakota,19566,PROD0057,0.21,693.22,1.0,False
2457,ORD002458,CUST0458,2025-05-17,Clothing,130.69,1,Cash on Delivery,Delivered,North Paulafort,Kentucky,51183,PROD0058,0.12,115.01,3.0,True
2458,ORD002459,CUST0459,2025-03-26,Home,44.01,4,Net Banking,Delivered,Melindabury,Minnesota,46622,PROD0059,0.11,156.68,,False
2459,ORD002460,CUST0460,2025-03-08,Books,375.58,4,Net Banking,Delivered,Jessicaburgh,North Dakota,27066,PROD0060,0.15,1276.97,1.0,False
2460,ORD002461,CUST0461,2024-11-08,Clothing,209.38,3,PayPal,Pending,South Shannonview,Delaware,20218,PROD0061,0.08,577.89,5.0,False
2461,ORD002462,CUST0462,2024-07-22,Sports,296.6,3,Net Banking,Pending,South Alfredfort,Alaska,61496,PROD0062,0.11,791.92,1.0,False
2462,ORD002463,CUST0463,2024-07-28,Beauty,18.06,2,Net Banking,Delivered,Ayersshire,Alabama,61563,PROD0063,0.18,29.62,4.0,True
2463,ORD002464,CUST0464,2024-11-06,Beauty,476.29,1,Credit Card,Cancelled,Jacobchester,North Dakota,50648,PROD0064,0.07,442.95,3.0,False
2464,ORD002465,CUST0465,2025-05-29,Clothing,439.42,1,Debit Card,Pending,Johnview,Texas,63525,PROD0065,0.14,377.9,3.0,False
2465,ORD002466,CUST0466,2025-01-24,Books,313.81,2,Cash on Delivery,Cancelled,Hernandezhaven,Arkansas,77981,PROD0066,0.17,520.92,2.0,False
2466,ORD002467,CUST0467,2025-01-06,Home,13.43,2,Cash on Delivery,Returned,North Nichole,Mississippi,83490,PROD0067,0.04,25.79,3.0,False
2467,ORD002468,CUST0468,2025-04-30,Beauty,192.1,1,Debit Card,Delivered,Angelachester,Ohio,75447,PROD0068,0.09,174.81,3.0,True
2468,ORD002469,CUST0469,2025-01-01,Electronics,489.5,3,Debit Card,Delivered,Port Codyfort,Oklahoma,50049,PROD0069,0.17,1218.86,4.0,False
2469,ORD002470,CUST0470,2024-07-25,Beauty,342.26,2,Net Banking,Pending,North Charles,Montana,8988,PROD0070,0.12,602.38,5.0,False
2470,ORD002471,CUST0471,2024-07-07,Home,84.69,1,Credit Card,Delivered,Adamsfurt,Ohio,75804,PROD0071,0.21,66.91,3.0,False
2471,ORD002472,CUST0472,2025-01-04,Clothing,233.0,3,Debit Card,Pending,West Samuel,Kansas,62444,PROD0072,0.07,650.07,5.0,False
2472,ORD002473,CUST0473,2025-02-04,Clothing,483.54,2,PayPal,Returned,Lake Frankton,Alabama,70036,PROD0073,0.14,831.69,1.0,False
2473,ORD002474,CUST0474,2025-01-06,Beauty,269.68,4,Debit Card,Pending,East Andrea,Missouri,41599,PROD0074,0.25,809.04,4.0,False
2474,ORD002475,CUST0475,2024-12-09,Beauty,17.18,3,Credit Card,Returned,Lynnmouth,Montana,47159,PROD0075,0.04,49.48,4.0,False
2475,ORD002476,CUST0476,2025-03-08,Books,311.79,3,Net Banking,Delivered,Mariaton,Michigan,18641,PROD0076,0.27,682.82,5.0,False
2476,ORD002477,CUST0477,2025-04-08,Beauty,139.25,2,Credit Card,Delivered,New Haileyland,Rhode Island,18843,PROD0077,0.13,242.3,2.0,False
2477,ORD002478,CUST0478,2024-07-15,Beauty,53.93,4,Credit Card,Delivered,North Douglas,South Dakota,51674,PROD0078,0.14,185.52,3.0,True
2478,ORD002479,CUST0479,2024-10-30,Books,204.44,1,Net Banking,Returned,Gallegosfurt,Maine,26107,PROD0079,0.19,165.6,4.0,False
2479,ORD002480,CUST0480,2024-09-11,Home,281.47,1,Credit Card,Pending,Port Brentmouth,North Carolina,6188,PROD0080,0.16,236.43,5.0,False
2480,ORD002481,CUST0481,2024-11-30,Clothing,13.44,1,Cash on Delivery,Cancelled,West Heatherton,Montana,35848,PROD0081,0.25,10.08,3.0,False
2481,ORD002482,CUST0482,2025-03-26,Clothing,281.73,3,Net Banking,Pending,North Benjamin,Maryland,64322,PROD0082,0.06,794.48,5.0,False
2482,ORD002483,CUST0483,2025-02-05,Clothing,258.05,4,Credit Card,Cancelled,Farrellburgh,New Mexico,66586,PROD0083,0.04,990.91,4.0,False
2483,ORD002484,CUST0484,2025-03-21,Home,397.98,3,Credit Card,Returned,Port Patrick,Wyoming,55644,PROD0084,0.08,1098.42,,False
2484,ORD002485,CUST0485,2024-09-27,Home,214.66,3,Debit Card,Returned,Atkinsonville,Montana,18285,PROD0085,0.3,450.79,5.0,False
2485,ORD002486,CUST0486,2024-12-30,Books,278.96,2,Cash on Delivery,Returned,Avilafort,California,87762,PROD0086,0.03,541.18,3.0,False
2486,ORD002487,CUST0487,2025-02-05,Home,372.29,2,PayPal,Delivered,Priceberg,New York,47046,PROD0087,0.16,625.45,,False
2487,ORD002488,CUST0488,2024-07-01,Books,449.09,4,Net Banking,Cancelled,Coltonburgh,North Carolina,14982,PROD0088,0.23,1383.2,4.0,False
2488,ORD002489,CUST0489,2025-05-27,Beauty,193.12,4,Cash on Delivery,Cancelled,Coltonland,Indiana,52510,PROD0089,0.25,579.36,4.0,False
2489,ORD002490,CUST0490,2024-06-21,Books,302.81,2,Cash on Delivery,Cancelled,North Jenniferland,Montana,75843,PROD0090,0.29,429.99,,False
2490,ORD002491,CUST0491,2024-08-05,Books,348.83,3,Net Banking,Cancelled,Scottport,Texas,45719,PROD0091,0.3,732.54,4.0,False
2491,ORD002492,CUST0492,2024-11-08,Clothing,26.42,2,PayPal,Cancelled,Timothyfort,Connecticut,36782,PROD0092,0.17,43.86,2.0,False
2492,ORD002493,CUST0493,2025-02-09,Sports,401.38,2,Cash on Delivery,Cancelled,Jillianstad,Massachusetts,71405,PROD0093,0.07,746.57,2.0,False
2493,ORD002494,CUST0494,2024-09-05,Sports,191.83,3,Credit Card,Returned,Lambberg,New York,37448,PROD0094,0.16,483.41,3.0,False
2494,ORD002495,CUST0495,2025-05-07,Clothing,336.77,3,Net Banking,Returned,Martinmouth,New York,44451,PROD0095,0.22,788.04,4.0,False
2495,ORD002496,CUST0496,2025-03-06,Sports,238.47,4,Credit Card,Cancelled,New Philipton,Texas,55978,PROD0096,0.14,820.34,4.0,False
2496,ORD002497,CUST0497,2024-12-02,Home,352.66,3,Net Banking,Returned,Randolphshire,Arizona,89319,PROD0097,0.08,973.34,3.0,False
2497,ORD002498,CUST0498,2025-05-29,Electronics,363.54,1,Cash on Delivery,Cancelled,West Bradyhaven,South Dakota,91040,PROD0098,0.25,272.66,4.0,False
2498,ORD002499,CUST0499,2024-08-10,Sports,99.83,4,Credit Card,Cancelled,North Tammybury,Utah,38908,PROD0099,0.25,299.49,1.0,False
2499,ORD002500,CUST0500,2025-02-12,Beauty,332.78,2,Net Banking,Delivered,South Sarahtown,South Carolina,60448,PROD0100,0.17,552.41,5.0,True
2500,ORD002501,CUST0001,2025-05-21,Clothing,426.41,4,Credit Card,Delivered,Stewarthaven,Oregon,96650,PROD0101,0.18,1398.62,4.0,False
2501,ORD002502,CUST0002,2025-02-12,Beauty,121.61,2,Net Banking,Delivered,New Mariachester,South Carolina,32210,PROD0102,0.15,206.74,2.0,True
2502,ORD002503,CUST0003,2025-01-23,Clothing,380.3,3,Debit Card,Cancelled,South Jacqueline,Utah,98692,PROD0103,0.23,878.49,3.0,False
2503,ORD002504,CUST0004,2024-10-17,Electronics,318.74,4,Credit Card,Cancelled,East Juanview,Ohio,73733,PROD0104,0.27,930.72,1.0,False
2504,ORD002505,CUST0005,2024-10-03,Books,477.79,3,Credit Card,Returned,North Erictown,Tennessee,54588,PROD0105,0.0,1433.37,1.0,False
2505,ORD002506,CUST0006,2024-10-10,Books,133.82,1,Credit Card,Returned,South Paulhaven,Alabama,96920,PROD0106,0.29,95.01,,False
2506,ORD002507,CUST0007,2025-03-09,Clothing,81.37,2,Debit Card,Delivered,North Michele,Wisconsin,9646,PROD0107,0.1,146.47,3.0,True
2507,ORD002508,CUST0008,2025-05-17,Home,159.5,3,Cash on Delivery,Returned,Powellville,New Jersey,7366,PROD0108,0.12,421.08,3.0,False
2508,ORD002509,CUST0009,2024-07-01,Sports,132.69,4,Cash on Delivery,Pending,Hallmouth,South Carolina,78498,PROD0109,0.11,472.38,2.0,False
2509,ORD002510,CUST0010,2024-06-20,Sports,379.63,1,Cash on Delivery,Cancelled,Alexanderport,Mississippi,44261,PROD0110,0.25,284.72,5.0,False
2510,ORD002511,CUST0011,2024-07-14,Home,367.89,2,Debit Card,Delivered,Lake Mikefort,Maryland,66435,PROD0111,0.22,573.91,4.0,False
2511,ORD002512,CUST0012,2024-09-11,Beauty,336.49,3,PayPal,Delivered,Hullbury,Massachusetts,61093,PROD0112,0.05,959.0,1.0,True
2512,ORD002513,CUST0013,2025-01-27,Beauty,112.11,4,Credit Card,Cancelled,Williamsville,Kansas,7268,PROD0113,0.12,394.63,4.0,False
2513,ORD002514,CUST0014,2024-12-30,Electronics,431.59,2,PayPal,Cancelled,South John,Oregon,42374,PROD0114,0.0,863.18,2.0,False
2514,ORD002515,CUST0015,2024-07-22,Beauty,478.5,1,Cash on Delivery,Pending,New Tammyville,California,34526,PROD0115,0.24,363.66,5.0,False
2515,ORD002516,CUST0016,2024-11-27,Home,268.14,2,Net Banking,Returned,North John,Maine,12275,PROD0116,0.07,498.74,3.0,False
2516,ORD002517,CUST0017,2024-07-07,Beauty,326.44,4,Net Banking,Cancelled,West Darin,Montana,8265,PROD0117,0.02,1279.64,3.0,False
2517,ORD002518,CUST0018,2024-10-22,Clothing,252.84,1,PayPal,Pending,Port Vanessaville,Rhode Island,42294,PROD0118,0.2,202.27,1.0,False
2518,ORD002519,CUST0019,2024-07-25,Books,145.36,3,PayPal,Returned,West Marcus,Alaska,55467,PROD0119,0.07,405.55,5.0,False
2519,ORD002520,CUST0020,2024-10-23,Clothing,146.64,1,Net Banking,Returned,Tanyamouth,Texas,38617,PROD0120,0.16,123.18,3.0,False
2520,ORD002521,CUST0021,2024-09-30,Sports,160.14,3,Cash on Delivery,Cancelled,Ramirezville,New Mexico,52528,PROD0121,0.05,456.4,4.0,False
2521,ORD002522,CUST0022,2024-10-21,Books,99.47,1,Net Banking,Returned,Basston,Tennessee,31690,PROD0122,0.24,75.6,5.0,False
2522,ORD002523,CUST0023,2024-12-12,Clothing,451.45,2,Net Banking,Pending,Kimburgh,Louisiana,99494,PROD0123,0.29,641.06,2.0,False
2523,ORD002524,CUST0024,2025-03-04,Beauty,429.91,3,PayPal,Cancelled,Ashleymouth,Maine,68081,PROD0124,0.03,1251.04,5.0,False
2524,ORD002525,CUST0025,2024-06-22,Home,233.51,4,Cash on Delivery,Delivered,Johnstonside,Vermont,68811,PROD0125,0.25,700.53,4.0,True
2525,ORD002526,CUST0026,2025-01-16,Sports,186.79,4,Cash on Delivery,Cancelled,Johnsonside,Washington,7543,PROD0126,0.15,635.09,5.0,False
2526,ORD002527,CUST0027,2024-09-21,Home,469.84,1,Credit Card,Pending,Lake Davidstad,Alaska,61581,PROD0127,0.02,460.44,5.0,False
2527,ORD002528,CUST0028,2025-03-24,Books,115.07,2,Net Banking,Delivered,North Joshuaview,North Carolina,23838,PROD0128,0.16,193.32,3.0,True
2528,ORD002529,CUST0029,2025-01-29,Home,279.0,4,Cash on Delivery,Pending,Jamesbury,Virginia,45971,PROD0129,0.14,959.76,1.0,False
2529,ORD002530,CUST0030,2024-10-21,Electronics,31.98,2,Debit Card,Delivered,New Julie,Rhode Island,18144,PROD0130,0.27,46.69,1.0,True
2530,ORD002531,CUST0031,2024-12-25,Home,99.65,4,PayPal,Returned,West Rebecca,Connecticut,80288,PROD0131,0.1,358.74,5.0,False
2531,ORD002532,CUST0032,2024-10-19,Books,303.99,4,Credit Card,Cancelled,West Danielle,California,62826,PROD0132,0.23,936.29,3.0,False
2532,ORD002533,CUST0033,2024-10-24,Books,332.78,1,Net Banking,Pending,Cantufurt,Rhode Island,85998,PROD0133,0.04,319.47,4.0,False
2533,ORD002534,CUST0034,2024-07-17,Books,292.59,2,Net Banking,Cancelled,Bryantmouth,Ohio,30774,PROD0134,0.12,514.96,5.0,False
2534,ORD002535,CUST0035,2025-02-08,Home,435.45,4,Credit Card,Delivered,Fischerfort,Utah,93554,PROD0135,0.16,1463.11,3.0,True
2535,ORD002536,CUST0036,2025-05-23,Clothing,496.74,3,Net Banking,Returned,Danielshire,Minnesota,98218,PROD0136,0.05,1415.71,5.0,False
2536,ORD002537,CUST0037,2024-08-04,Books,383.11,2,PayPal,Delivered,Michaelstad,Hawaii,26480,PROD0137,0.06,720.25,1.0,False
2537,ORD002538,CUST0038,2025-06-05,Sports,235.22,2,Cash on Delivery,Delivered,Brownburgh,Indiana,81747,PROD0138,0.07,437.51,3.0,False
2538,ORD002539,CUST0039,2024-08-11,Electronics,417.8,4,PayPal,Returned,Bentonmouth,Iowa,65637,PROD0139,0.22,1303.54,5.0,False
2539,ORD002540,CUST0040,2025-03-08,Clothing,64.59,1,Debit Card,Pending,Tamaramouth,Arizona,59980,PROD0140,0.28,46.5,5.0,False
2540,ORD002541,CUST0041,2024-09-30,Electronics,343.22,3,Debit Card,Pending,East Thomasstad,West Virginia,55468,PROD0141,0.04,988.47,5.0,False
2541,ORD002542,CUST0042,2024-10-14,Sports,261.58,1,Debit Card,Pending,East Lisaland,Maryland,47335,PROD0142,0.16,219.73,3.0,False
2542,ORD002543,CUST0043,2024-08-04,Clothing,93.14,4,Cash on Delivery,Returned,Chenville,Mississippi,83201,PROD0143,0.04,357.66,4.0,False
2543,ORD002544,CUST0044,2024-11-24,Clothing,486.6,4,Credit Card,Cancelled,Cynthialand,West Virginia,54458,PROD0144,0.02,1907.47,,False
2544,ORD002545,CUST0045,2025-05-31,Clothing,172.53,3,Credit Card,Pending,Lisaburgh,Missouri,21322,PROD0145,0.01,512.41,4.0,False
2545,ORD002546,CUST0046,2024-10-14,Books,309.63,3,Net Banking,Returned,Aaronport,Maine,40514,PROD0146,0.13,808.13,3.0,False
2546,ORD002547,CUST0047,2024-07-23,Beauty,439.9,2,Net Banking,Cancelled,Port Kristen,Arkansas,52313,PROD0147,0.13,765.43,1.0,False
2547,ORD002548,CUST0048,2025-03-29,Electronics,255.81,2,PayPal,Delivered,Palmerville,Utah,66447,PROD0148,0.2,409.3,4.0,False
2548,ORD002549,CUST0049,2024-12-09,Beauty,61.99,2,PayPal,Pending,South Jamesmouth,Louisiana,11795,PROD0149,0.12,109.1,2.0,False
2549,ORD002550,CUST0050,2025-05-07,Sports,410.28,4,Net Banking,Returned,New Angela,Washington,28462,PROD0150,0.07,1526.24,3.0,False
2550,ORD002551,CUST0051,2024-11-07,Clothing,179.84,2,PayPal,Delivered,Lake Kaylafurt,Minnesota,70587,PROD0151,0.03,348.89,3.0,False
2551,ORD002552,CUST0052,2024-08-12,Clothing,491.62,4,Credit Card,Pending,Solomonmouth,Mississippi,39200,PROD0152,0.17,1632.18,3.0,False
2552,ORD002553,CUST0053,2025-04-04,Books,442.49,1,Credit Card,Cancelled,South Mary,Alabama,55548,PROD0153,0.07,411.52,5.0,False
2553,ORD002554,CUST0054,2025-06-02,Electronics,427.46,1,Credit Card,Cancelled,Kristinstad,South Carolina,36554,PROD0154,0.11,380.44,3.0,False
2554,ORD002555,CUST0055,2025-05-14,Sports,181.35,4,PayPal,Cancelled,Sandovalfurt,New York,37378,PROD0155,0.01,718.15,5.0,False
2555,ORD002556,CUST0056,2025-04-26,Clothing,379.78,3,Net Banking,Delivered,Monicaland,Illinois,13748,PROD0156,0.07,1059.59,5.0,False
2556,ORD002557,CUST0057,2025-01-05,Electronics,493.23,2,Debit Card,Cancelled,Martinhaven,Maine,14419,PROD0157,0.2,789.17,3.0,False
2557,ORD002558,CUST0058,2024-11-05,Sports,265.53,3,Net Banking,Returned,Port Jessicastad,New Jersey,47707,PROD0158,0.04,764.73,3.0,False
2558,ORD002559,CUST0059,2024-12-28,Home,238.01,1,Debit Card,Returned,Danamouth,Maine,35502,PROD0159,0.2,190.41,3.0,False
2559,ORD002560,CUST0060,2024-08-29,Clothing,12.26,4,Credit Card,Pending,West Carlosburgh,Virginia,97217,PROD0160,0.26,36.29,4.0,False
2560,ORD002561,CUST0061,2025-03-20,Beauty,351.6,4,Net Banking,Cancelled,Juliaport,Maine,6101,PROD0161,0.26,1040.74,4.0,False
2561,ORD002562,CUST0062,2024-12-22,Home,429.95,4,Net Banking,Cancelled,New Susan,West Virginia,27699,PROD0162,0.05,1633.81,,False
2562,ORD002563,CUST0063,2024-11-12,Beauty,127.49,4,Credit Card,Returned,Christinafort,Mississippi,55541,PROD0163,0.14,438.57,5.0,False
2563,ORD002564,CUST0064,2025-05-05,Sports,160.94,2,Cash on Delivery,Delivered,Lake Rickychester,South Dakota,86406,PROD0164,0.27,234.97,4.0,True
2564,ORD002565,CUST0065,2024-09-03,Books,252.84,2,Cash on Delivery,Cancelled,Andrewstad,Iowa,13725,PROD0165,0.22,394.43,1.0,False
2565,ORD002566,CUST0066,2025-03-06,Sports,40.68,4,PayPal,Pending,Lake Mitchell,New Jersey,48698,PROD0166,0.26,120.41,4.0,False
2566,ORD002567,CUST0067,2024-08-18,Sports,49.37,2,Cash on Delivery,Pending,Cherylbury,Washington,49445,PROD0167,0.12,86.89,3.0,False
2567,ORD002568,CUST0068,2024-10-19,Books,213.45,1,Debit Card,Delivered,Parkerfort,Oklahoma,83228,PROD0168,0.15,181.43,4.0,False
2568,ORD002569,CUST0069,2025-04-19,Books,134.3,3,PayPal,Delivered,New Timothystad,Louisiana,73730,PROD0169,0.27,294.12,1.0,True
2569,ORD002570,CUST0070,2025-04-13,Beauty,205.99,2,Credit Card,Pending,New Steve,Michigan,46183,PROD0170,0.13,358.42,,False
2570,ORD002571,CUST0071,2025-02-02,Clothing,229.92,2,Debit Card,Pending,Ernestmouth,Oregon,20290,PROD0171,0.2,367.87,1.0,False
2571,ORD002572,CUST0072,2025-03-26,Clothing,488.26,3,PayPal,Cancelled,Millerport,Mississippi,46027,PROD0172,0.13,1274.36,3.0,False
2572,ORD002573,CUST0073,2025-03-23,Books,472.41,3,Credit Card,Returned,Beckymouth,New Mexico,69917,PROD0173,0.21,1119.61,1.0,False
2573,ORD002574,CUST0074,2025-01-14,Electronics,74.17,4,Cash on Delivery,Cancelled,Brookeburgh,Arizona,28471,PROD0174,0.18,243.28,4.0,False
2574,ORD002575,CUST0075,2024-12-22,Books,441.88,3,Cash on Delivery,Delivered,Port James,Mississippi,31912,PROD0175,0.13,1153.31,3.0,True
2575,ORD002576,CUST0076,2025-01-24,Electronics,44.7,2,Cash on Delivery,Delivered,New Edward,Louisiana,47393,PROD0176,0.16,75.1,3.0,False
2576,ORD002577,CUST0077,2024-10-12,Beauty,256.28,2,Cash on Delivery,Returned,South Denise,Pennsylvania,18732,PROD0177,0.18,420.3,4.0,False
2577,ORD002578,CUST0078,2024-07-18,Electronics,86.14,4,Cash on Delivery,Pending,Emilytown,Arkansas,55891,PROD0178,0.26,254.97,5.0,False
2578,ORD002579,CUST0079,2024-08-25,Beauty,186.12,2,Net Banking,Cancelled,New Justin,Arizona,50820,PROD0179,0.2,297.79,2.0,False
2579,ORD002580,CUST0080,2024-09-14,Books,372.95,3,PayPal,Pending,South Tammy,Colorado,14610,PROD0180,0.21,883.89,3.0,False
2580,ORD002581,CUST0081,2025-06-08,Home,215.13,2,Cash on Delivery,Cancelled,Reginachester,Delaware,43571,PROD0181,0.29,305.48,3.0,False
2581,ORD002582,CUST0082,2025-02-27,Sports,404.44,4,PayPal,Delivered,Port Jasonberg,Vermont,14913,PROD0182,0.02,1585.4,2.0,True
2582,ORD002583,CUST0083,2025-06-06,Beauty,360.81,1,Credit Card,Pending,Port Joseph,Minnesota,54779,PROD0183,0.06,339.16,3.0,False
2583,ORD002584,CUST0084,2024-10-16,Home,471.71,2,Cash on Delivery,Pending,Rossside,Alabama,52915,PROD0184,0.1,849.08,3.0,False
2584,ORD002585,CUST0085,2024-09-09,Beauty,269.41,3,Cash on Delivery,Cancelled,Port Gregberg,Wyoming,77562,PROD0185,0.28,581.93,5.0,False
2585,ORD002586,CUST0086,2024-06-19,Clothing,402.06,4,Net Banking,Cancelled,East Jennifer,Alaska,16981,PROD0186,0.07,1495.66,2.0,False
2586,ORD002587,CUST0087,2024-09-14,Clothing,164.84,4,PayPal,Delivered,East Shelly,Virginia,73248,PROD0187,0.17,547.27,4.0,False
2587,ORD002588,CUST0088,2025-01-02,Home,176.14,1,PayPal,Cancelled,Cookfurt,Massachusetts,7944,PROD0188,0.04,169.09,2.0,False
2588,ORD002589,CUST0089,2024-07-26,Electronics,203.25,3,Credit Card,Pending,Yvonneville,New York,27865,PROD0189,0.08,560.97,4.0,False
2589,ORD002590,CUST0090,2025-03-18,Electronics,208.4,2,PayPal,Cancelled,West James,Georgia,37271,PROD0190,0.08,383.46,4.0,False
2590,ORD002591,CUST0091,2025-03-20,Books,56.11,1,PayPal,Returned,South Allenhaven,Massachusetts,57975,PROD0191,0.21,44.33,3.0,False
2591,ORD002592,CUST0092,2025-04-29,Sports,261.95,2,Cash on Delivery,Delivered,Lake Stephenshire,Oregon,27886,PROD0192,0.03,508.18,5.0,True
2592,ORD002593,CUST0093,2025-01-21,Clothing,52.92,3,Cash on Delivery,Cancelled,East Rodneymouth,Colorado,33997,PROD0193,0.23,122.25,2.0,False
2593,ORD002594,CUST0094,2024-12-30,Books,445.43,2,Credit Card,Delivered,Stacyhaven,South Carolina,65321,PROD0194,0.09,810.68,3.0,False
2594,ORD002595,CUST0095,2024-07-22,Home,35.61,2,Credit Card,Cancelled,Pruittshire,Rhode Island,29710,PROD0195,0.22,55.55,,False
2595,ORD002596,CUST0096,2024-06-18,Clothing,227.6,4,PayPal,Cancelled,Karenside,Florida,87434,PROD0196,0.11,810.26,2.0,False
2596,ORD002597,CUST0097,2025-03-26,Books,145.92,3,PayPal,Cancelled,Port Jasonbury,Nevada,11569,PROD0197,0.13,380.85,4.0,False
2597,ORD002598,CUST0098,2024-10-19,Books,81.66,3,Credit Card,Cancelled,Carrillofort,Nebraska,23919,PROD0198,0.04,235.18,3.0,False
2598,ORD002599,CUST0099,2024-12-13,Home,393.0,4,Credit Card,Delivered,North Bryantown,Georgia,90449,PROD0199,0.03,1524.84,2.0,True
2599,ORD002600,CUST0100,2025-01-24,Beauty,358.89,2,Debit Card,Cancelled,South Michele,Arizona,39214,PROD0200,0.16,602.94,5.0,False
2600,ORD002601,CUST0101,2024-06-21,Home,77.24,4,Cash on Delivery,Cancelled,Amandaberg,Alaska,45480,PROD0201,0.19,250.26,4.0,False
2601,ORD002602,CUST0102,2025-01-28,Clothing,318.22,4,Credit Card,Returned,Christinamouth,Louisiana,15001,PROD0202,0.03,1234.69,4.0,False
2602,ORD002603,CUST0103,2025-06-08,Books,397.31,3,Credit Card,Cancelled,Jenniferfurt,Maryland,13607,PROD0203,0.04,1144.25,4.0,False
2603,ORD002604,CUST0104,2024-08-07,Sports,387.8,4,PayPal,Pending,East Jeffery,Virginia,19622,PROD0204,0.01,1535.69,2.0,False
2604,ORD002605,CUST0105,2025-05-31,Home,50.68,4,Net Banking,Returned,Lake Chris,New Mexico,50525,PROD0205,0.05,192.58,4.0,False
2605,ORD002606,CUST0106,2025-03-17,Home,344.33,2,Net Banking,Delivered,Lake Steven,South Dakota,41131,PROD0206,0.07,640.45,1.0,True
2606,ORD002607,CUST0107,2025-04-21,Sports,359.43,2,Cash on Delivery,Returned,New Brandonhaven,Georgia,89747,PROD0207,0.21,567.9,4.0,False
2607,ORD002608,CUST0108,2024-08-17,Home,431.77,1,Credit Card,Pending,North Connieburgh,New Hampshire,16218,PROD0208,0.02,423.13,1.0,False
2608,ORD002609,CUST0109,2024-12-23,Clothing,256.48,4,Cash on Delivery,Cancelled,Matthewstad,Wisconsin,46360,PROD0209,0.21,810.48,2.0,False
2609,ORD002610,CUST0110,2025-03-29,Clothing,233.24,4,Credit Card,Cancelled,Port Julie,New York,17375,PROD0210,0.12,821.0,3.0,False
2610,ORD002611,CUST0111,2025-02-21,Home,482.73,4,Debit Card,Pending,East Jordantown,North Carolina,1385,PROD0211,0.04,1853.68,3.0,False
2611,ORD002612,CUST0112,2024-08-01,Books,399.27,2,Net Banking,Delivered,North Michelleburgh,Nevada,92286,PROD0212,0.29,566.96,5.0,False
2612,ORD002613,CUST0113,2025-01-27,Books,281.57,4,Cash on Delivery,Cancelled,Mariaburgh,Hawaii,44391,PROD0213,0.15,957.34,3.0,False
2613,ORD002614,CUST0114,2024-10-21,Sports,168.66,2,Net Banking,Pending,Racheltown,New Hampshire,2179,PROD0214,0.09,306.96,1.0,False
2614,ORD002615,CUST0115,2025-01-07,Books,423.39,3,Credit Card,Returned,Lake Chad,Alabama,87269,PROD0215,0.02,1244.77,1.0,False
2615,ORD002616,CUST0116,2024-07-12,Sports,230.44,1,Cash on Delivery,Returned,East Deborah,Ohio,39066,PROD0216,0.09,209.7,2.0,False
2616,ORD002617,CUST0117,2024-09-29,Electronics,50.88,1,PayPal,Cancelled,New Joy,Colorado,893,PROD0217,0.18,41.72,3.0,False
2617,ORD002618,CUST0118,2025-04-25,Sports,230.18,4,Credit Card,Returned,New Meredithborough,South Dakota,64262,PROD0218,0.07,856.27,2.0,False
2618,ORD002619,CUST0119,2024-09-11,Beauty,436.62,1,Debit Card,Returned,Jasminemouth,Massachusetts,39226,PROD0219,0.17,362.39,2.0,False
2619,ORD002620,CUST0120,2024-12-31,Books,226.9,4,Debit Card,Cancelled,North Timberg,California,21131,PROD0220,0.08,834.99,2.0,False
2620,ORD002621,CUST0121,2024-07-06,Books,12.1,2,Net Banking,Pending,Matthewfort,Wyoming,96161,PROD0221,0.01,23.96,3.0,False
2621,ORD002622,CUST0122,2025-03-19,Clothing,307.69,1,PayPal,Returned,Shawville,Montana,47744,PROD0222,0.12,270.77,4.0,False
2622,ORD002623,CUST0123,2024-06-28,Home,497.94,1,Cash on Delivery,Cancelled,North Ryanland,Georgia,77483,PROD0223,0.11,443.17,,False
2623,ORD002624,CUST0124,2025-03-28,Sports,409.54,4,Debit Card,Returned,Kellyhaven,Arizona,82010,PROD0224,0.07,1523.49,4.0,False
2624,ORD002625,CUST0125,2024-08-21,Home,310.53,3,Credit Card,Returned,Michaelland,New Hampshire,59871,PROD0225,0.16,782.54,2.0,False
2625,ORD002626,CUST0126,2024-07-08,Books,457.63,3,Credit Card,Cancelled,East Michael,Oregon,25226,PROD0226,0.12,1208.14,5.0,False
2626,ORD002627,CUST0127,2024-09-01,Books,407.72,2,Cash on Delivery,Delivered,Mclaughlinburgh,Hawaii,49626,PROD0227,0.28,587.12,4.0,True
2627,ORD002628,CUST0128,2025-05-04,Sports,251.83,2,Net Banking,Cancelled,Matthewfort,Washington,15645,PROD0228,0.19,407.96,5.0,False
2628,ORD002629,CUST0129,2024-12-22,Books,297.65,2,PayPal,Delivered,Jamesland,Tennessee,70032,PROD0229,0.11,529.82,3.0,True
2629,ORD002630,CUST0130,2024-08-14,Home,366.99,3,PayPal,Returned,Andrewsville,Illinois,54443,PROD0230,0.06,1034.91,5.0,False
2630,ORD002631,CUST0131,2024-08-14,Clothing,423.98,1,Cash on Delivery,Delivered,New Michealchester,Utah,67321,PROD0231,0.2,339.18,4.0,True
2631,ORD002632,CUST0132,2025-02-13,Clothing,33.8,1,Cash on Delivery,Returned,Port Henry,North Carolina,47628,PROD0232,0.28,24.34,3.0,False
2632,ORD002633,CUST0133,2024-07-22,Electronics,388.53,4,Net Banking,Cancelled,Greenborough,Iowa,98143,PROD0233,0.19,1258.84,3.0,False
2633,ORD002634,CUST0134,2024-08-01,Sports,226.51,4,PayPal,Pending,West Jesse,New Mexico,26560,PROD0234,0.25,679.53,5.0,False
2634,ORD002635,CUST0135,2025-01-18,Electronics,332.1,1,Credit Card,Pending,Castillofurt,Kentucky,64518,PROD0235,0.21,262.36,5.0,False
2635,ORD002636,CUST0136,2025-01-30,Beauty,383.49,3,Credit Card,Pending,Youngview,Hawaii,56247,PROD0236,0.28,828.34,2.0,False
2636,ORD002637,CUST0137,2024-07-26,Sports,272.05,3,Net Banking,Returned,South Tyrone,Connecticut,58021,PROD0237,0.12,718.21,5.0,False
2637,ORD002638,CUST0138,2025-05-20,Sports,83.46,3,Credit Card,Cancelled,New Melissa,Minnesota,22632,PROD0238,0.23,192.79,5.0,False
2638,ORD002639,CUST0139,2024-06-23,Home,207.72,4,Net Banking,Pending,West William,Tennessee,11579,PROD0239,0.15,706.25,5.0,False
2639,ORD002640,CUST0140,2025-04-11,Home,43.05,3,Credit Card,Cancelled,South Michael,Connecticut,29609,PROD0240,0.01,127.86,3.0,False
2640,ORD002641,CUST0141,2025-01-28,Beauty,346.2,1,Net Banking,Returned,New Feliciaview,Ohio,26718,PROD0241,0.0,346.2,4.0,False
2641,ORD002642,CUST0142,2024-10-01,Home,477.08,4,Cash on Delivery,Delivered,Ronaldmouth,Arizona,94699,PROD0242,0.13,1660.24,5.0,False
2642,ORD002643,CUST0143,2025-04-07,Sports,398.65,4,Net Banking,Delivered,North Tiffany,Delaware,97213,PROD0243,0.2,1275.68,4.0,True
2643,ORD002644,CUST0144,2025-02-06,Beauty,197.94,1,Credit Card,Cancelled,Milesfurt,Louisiana,93782,PROD0244,0.26,146.48,4.0,False
2644,ORD002645,CUST0145,2024-10-07,Clothing,294.22,3,Debit Card,Pending,Lake Meganview,Indiana,12695,PROD0245,0.01,873.83,3.0,False
2645,ORD002646,CUST0146,2024-09-06,Books,155.58,4,Net Banking,Delivered,North Jon,Rhode Island,33079,PROD0246,0.28,448.07,4.0,False
2646,ORD002647,CUST0147,2025-04-25,Books,272.82,3,Cash on Delivery,Returned,New Chadstad,Vermont,6686,PROD0247,0.27,597.48,1.0,False
2647,ORD002648,CUST0148,2025-02-05,Home,153.86,1,Cash on Delivery,Cancelled,Williamsfurt,Colorado,5899,PROD0248,0.26,113.86,3.0,False
2648,ORD002649,CUST0149,2024-08-31,Books,370.47,2,Credit Card,Delivered,West Patrickport,Florida,47333,PROD0249,0.19,600.16,2.0,False
2649,ORD002650,CUST0150,2025-02-09,Sports,133.37,2,Cash on Delivery,Pending,South Brandonburgh,Hawaii,17320,PROD0250,0.14,229.4,3.0,False
2650,ORD002651,CUST0151,2024-07-31,Sports,482.19,3,Credit Card,Returned,Johnsonview,New Mexico,57062,PROD0251,0.24,1099.39,4.0,False
2651,ORD002652,CUST0152,2024-08-01,Clothing,332.66,3,PayPal,Delivered,North Marychester,Indiana,12028,PROD0252,0.06,938.1,3.0,True
2652,ORD002653,CUST0153,2024-10-15,Home,39.05,2,Debit Card,Delivered,Donnaberg,Oregon,28746,PROD0253,0.09,71.07,2.0,True
2653,ORD002654,CUST0154,2024-07-19,Books,10.33,3,Net Banking,Pending,Johnsonland,Colorado,23745,PROD0254,0.05,29.44,5.0,False
2654,ORD002655,CUST0155,2025-03-13,Beauty,498.54,2,Credit Card,Returned,Diazburgh,Colorado,48515,PROD0255,0.3,697.96,5.0,False
2655,ORD002656,CUST0156,2025-02-06,Home,114.15,4,Net Banking,Delivered,Lake Kimberlyfort,West Virginia,38208,PROD0256,0.06,429.2,3.0,False
2656,ORD002657,CUST0157,2024-07-30,Sports,159.72,1,Cash on Delivery,Cancelled,Johnsontown,Mississippi,89118,PROD0257,0.21,126.18,2.0,False
2657,ORD002658,CUST0158,2025-05-16,Books,108.16,4,Credit Card,Returned,Brooksside,North Dakota,78146,PROD0258,0.14,372.07,3.0,False
2658,ORD002659,CUST0159,2025-05-25,Sports,464.41,1,Debit Card,Cancelled,South Sabrina,Mississippi,779,PROD0259,0.01,459.77,3.0,False
2659,ORD002660,CUST0160,2024-11-20,Books,327.75,3,Credit Card,Returned,Georgefurt,Alabama,70988,PROD0260,0.02,963.58,5.0,False
2660,ORD002661,CUST0161,2024-07-10,Clothing,254.67,2,PayPal,Pending,North Kristafort,Nebraska,36593,PROD0261,0.28,366.72,4.0,False
2661,ORD002662,CUST0162,2024-08-15,Books,281.04,3,Debit Card,Returned,Beardview,South Dakota,89135,PROD0262,0.22,657.63,4.0,False
2662,ORD002663,CUST0163,2025-04-11,Clothing,162.35,3,Debit Card,Pending,South William,Utah,90214,PROD0263,0.16,409.12,,False
2663,ORD002664,CUST0164,2025-04-03,Home,309.02,4,Cash on Delivery,Delivered,North Albert,Missouri,47220,PROD0264,0.06,1161.92,1.0,False
2664,ORD002665,CUST0165,2025-03-08,Beauty,212.7,1,PayPal,Cancelled,Webbbury,Indiana,96911,PROD0265,0.0,212.7,3.0,False
2665,ORD002666,CUST0166,2024-08-17,Electronics,103.62,2,PayPal,Pending,Mendozaview,Mississippi,78115,PROD0266,0.23,159.57,3.0,False
2666,ORD002667,CUST0167,2024-12-30,Sports,330.02,2,Cash on Delivery,Cancelled,South Paul,Tennessee,80393,PROD0267,0.09,600.64,4.0,False
2667,ORD002668,CUST0168,2025-01-30,Beauty,190.05,3,PayPal,Delivered,Sierraton,Arizona,12677,PROD0268,0.06,535.94,2.0,False
2668,ORD002669,CUST0169,2025-04-06,Home,393.61,4,Credit Card,Cancelled,East Peggy,Missouri,11293,PROD0269,0.05,1495.72,2.0,False
2669,ORD002670,CUST0170,2025-01-12,Clothing,210.62,1,Cash on Delivery,Cancelled,South Laceytown,Minnesota,25105,PROD0270,0.24,160.07,3.0,False
2670,ORD002671,CUST0171,2024-07-12,Books,256.59,2,Credit Card,Cancelled,Port Brooke,Louisiana,76811,PROD0271,0.19,415.68,4.0,False
2671,ORD002672,CUST0172,2025-03-10,Books,394.8,2,Debit Card,Cancelled,Port Wendyfurt,Massachusetts,19654,PROD0272,0.19,639.58,3.0,False
2672,ORD002673,CUST0173,2024-09-17,Clothing,226.7,3,Cash on Delivery,Cancelled,South Brenda,Idaho,5339,PROD0273,0.28,489.67,3.0,False
2673,ORD002674,CUST0174,2024-08-11,Electronics,483.28,1,Cash on Delivery,Cancelled,Williamsonburgh,Utah,22547,PROD0274,0.27,352.79,,False
2674,ORD002675,CUST0175,2024-08-23,Sports,397.55,2,PayPal,Delivered,Fitzgeraldton,Vermont,21899,PROD0275,0.2,636.08,1.0,False
2675,ORD002676,CUST0176,2024-10-06,Sports,414.08,1,PayPal,Delivered,Morganbury,Hawaii,39417,PROD0276,0.29,294.0,3.0,True
2676,ORD002677,CUST0177,2025-04-20,Electronics,477.19,3,Credit Card,Cancelled,East Trevorton,Iowa,21457,PROD0277,0.07,1331.36,3.0,False
2677,ORD002678,CUST0178,2025-01-10,Home,197.48,3,Cash on Delivery,Delivered,Walkerberg,Alaska,94458,PROD0278,0.01,586.52,4.0,True
2678,ORD002679,CUST0179,2024-10-27,Beauty,292.14,4,Debit Card,Delivered,Lake Ian,Hawaii,83778,PROD0279,0.28,841.36,3.0,False
2679,ORD002680,CUST0180,2025-02-14,Beauty,348.33,4,Cash on Delivery,Cancelled,Nicolefort,Kentucky,19308,PROD0280,0.08,1281.85,4.0,False
2680,ORD002681,CUST0181,2025-02-05,Books,338.36,2,PayPal,Returned,Austinstad,Wyoming,43697,PROD0281,0.29,480.47,3.0,False
2681,ORD002682,CUST0182,2025-01-28,Sports,476.7,1,Net Banking,Pending,North Jenniferland,New Mexico,57627,PROD0282,0.07,443.33,1.0,False
2682,ORD002683,CUST0183,2024-08-30,Electronics,147.73,2,Net Banking,Pending,Montoyashire,Nebraska,89384,PROD0283,0.08,271.82,4.0,False
2683,ORD002684,CUST0184,2025-03-24,Home,149.22,2,Debit Card,Pending,Dixonfurt,Wisconsin,67358,PROD0284,0.27,217.86,1.0,False
2684,ORD002685,CUST0185,2025-03-10,Beauty,459.41,4,PayPal,Delivered,North Davidstad,Connecticut,83698,PROD0285,0.24,1396.61,4.0,True
2685,ORD002686,CUST0186,2024-06-25,Books,400.66,1,Cash on Delivery,Delivered,South Susan,Connecticut,37617,PROD0286,0.03,388.64,1.0,True
2686,ORD002687,CUST0187,2024-10-16,Electronics,105.66,3,Credit Card,Returned,Lake Nicolemouth,Delaware,4539,PROD0287,0.17,263.09,4.0,False
2687,ORD002688,CUST0188,2025-03-17,Home,287.17,1,Debit Card,Delivered,Paulhaven,Montana,93450,PROD0288,0.05,272.81,5.0,False
2688,ORD002689,CUST0189,2024-11-30,Home,374.15,1,PayPal,Cancelled,Stacyview,South Carolina,34546,PROD0289,0.02,366.67,4.0,False
2689,ORD002690,CUST0190,2024-09-29,Clothing,179.75,4,Net Banking,Delivered,Robertshire,Michigan,21646,PROD0290,0.18,589.58,4.0,False
2690,ORD002691,CUST0191,2024-10-07,Electronics,220.02,2,Net Banking,Cancelled,Millerstad,Hawaii,44164,PROD0291,0.02,431.24,3.0,False
2691,ORD002692,CUST0192,2024-12-23,Sports,289.82,3,Debit Card,Delivered,Port Nicole,North Dakota,86998,PROD0292,0.14,747.74,3.0,True
2692,ORD002693,CUST0193,2024-12-09,Home,236.22,4,Debit Card,Cancelled,Frazierbury,Wisconsin,47300,PROD0293,0.18,774.8,3.0,False
2693,ORD002694,CUST0194,2024-12-06,Home,377.76,4,Cash on Delivery,Delivered,Glennside,Wisconsin,72129,PROD0294,0.28,1087.95,3.0,True
2694,ORD002695,CUST0195,2024-11-11,Electronics,7.94,3,Cash on Delivery,Pending,Webbshire,Mississippi,20663,PROD0295,0.28,17.15,4.0,False
2695,ORD002696,CUST0196,2024-07-10,Sports,220.14,2,Debit Card,Pending,Halltown,Maryland,54475,PROD0296,0.18,361.03,2.0,False
2696,ORD002697,CUST0197,2024-07-16,Electronics,172.1,2,PayPal,Delivered,Schmittmouth,Kentucky,58058,PROD0297,0.15,292.57,5.0,False
2697,ORD002698,CUST0198,2024-08-07,Clothing,306.54,3,Credit Card,Pending,New Brianville,Tennessee,32859,PROD0298,0.2,735.7,4.0,False
2698,ORD002699,CUST0199,2025-01-13,Sports,389.1,2,Credit Card,Delivered,Lake Joseph,Massachusetts,96315,PROD0299,0.28,560.3,3.0,True
2699,ORD002700,CUST0200,2025-04-12,Sports,42.69,4,Debit Card,Cancelled,New Kimberlyview,Washington,61407,PROD0300,0.3,119.53,,False
2700,ORD002701,CUST0201,2025-04-26,Clothing,83.24,4,PayPal,Delivered,West Michaelastad,Delaware,83689,PROD0001,0.01,329.63,5.0,True
2701,ORD002702,CUST0202,2024-07-28,Sports,334.22,1,Debit Card,Cancelled,Mcphersonton,Tennessee,96002,PROD0002,0.29,237.3,4.0,False
2702,ORD002703,CUST0203,2024-09-13,Sports,370.51,4,Net Banking,Cancelled,South Wendy,Nebraska,93991,PROD0003,0.24,1126.35,3.0,False
2703,ORD002704,CUST0204,2024-07-05,Home,296.16,1,Debit Card,Returned,Lake Brittanyshire,Missouri,30917,PROD0004,0.02,290.24,3.0,False
2704,ORD002705,CUST0205,2025-01-06,Beauty,491.49,2,PayPal,Returned,Joshuaview,Vermont,75739,PROD0005,0.24,747.06,1.0,False
2705,ORD002706,CUST0206,2025-03-11,Beauty,252.23,1,Net Banking,Cancelled,Martinezton,Wisconsin,77450,PROD0006,0.2,201.78,3.0,False
2706,ORD002707,CUST0207,2025-02-02,Home,72.46,2,Debit Card,Pending,Rojasville,Oklahoma,73679,PROD0007,0.27,105.79,2.0,False
2707,ORD002708,CUST0208,2025-05-24,Home,344.71,3,Cash on Delivery,Returned,Ritamouth,Connecticut,39918,PROD0008,0.14,889.35,4.0,False
2708,ORD002709,CUST0209,2024-07-27,Home,303.03,2,Net Banking,Returned,Tinamouth,Tennessee,61992,PROD0009,0.15,515.15,4.0,False
2709,ORD002710,CUST0210,2024-07-19,Clothing,297.26,3,Cash on Delivery,Delivered,Richardsonhaven,Indiana,50958,PROD0010,0.25,668.84,3.0,True
2710,ORD002711,CUST0211,2024-11-23,Electronics,275.2,2,Credit Card,Returned,Staceyton,New York,48040,PROD0011,0.15,467.84,4.0,False
2711,ORD002712,CUST0212,2024-11-03,Electronics,469.85,2,PayPal,Pending,Lake Stephanie,Idaho,21864,PROD0012,0.16,789.35,4.0,False
2712,ORD002713,CUST0213,2024-07-24,Home,68.93,1,Debit Card,Returned,Lake Paula,Missouri,73595,PROD0013,0.07,64.1,4.0,False
2713,ORD002714,CUST0214,2025-05-17,Clothing,41.23,1,Net Banking,Delivered,Castroborough,New Mexico,57093,PROD0014,0.1,37.11,4.0,True
2714,ORD002715,CUST0215,2024-10-28,Beauty,81.29,1,Cash on Delivery,Pending,Tonyaberg,Montana,68906,PROD0015,0.09,73.97,2.0,False
2715,ORD002716,CUST0216,2024-12-16,Clothing,126.27,4,Net Banking,Pending,Dayview,New Jersey,56384,PROD0016,0.01,500.03,4.0,False
2716,ORD002717,CUST0217,2025-02-05,Sports,298.51,1,Cash on Delivery,Pending,South Monicaside,Kentucky,91172,PROD0017,0.17,247.76,3.0,False
2717,ORD002718,CUST0218,2024-11-09,Electronics,308.15,2,Credit Card,Returned,Hobbsmouth,Oklahoma,39015,PROD0018,0.25,462.22,2.0,False
2718,ORD002719,CUST0219,2025-02-23,Beauty,120.14,4,Debit Card,Returned,Mcgeefort,Texas,54042,PROD0019,0.23,370.03,3.0,False
2719,ORD002720,CUST0220,2024-12-14,Electronics,247.17,4,PayPal,Cancelled,North Danielview,North Dakota,64227,PROD0020,0.07,919.47,3.0,False
2720,ORD002721,CUST0221,2024-09-02,Clothing,243.62,1,PayPal,Delivered,Kruegerburgh,Utah,65356,PROD0021,0.18,199.77,3.0,True
2721,ORD002722,CUST0222,2025-03-11,Beauty,229.29,4,Debit Card,Cancelled,Jenniferfurt,Minnesota,5049,PROD0022,0.15,779.59,2.0,False
2722,ORD002723,CUST0223,2025-01-06,Beauty,402.75,2,Credit Card,Cancelled,Port Russellland,New Jersey,64347,PROD0023,0.24,612.18,3.0,False
2723,ORD002724,CUST0224,2025-05-29,Beauty,238.49,2,Debit Card,Returned,East Ashley,Mississippi,32553,PROD0024,0.11,424.51,5.0,False
2724,ORD002725,CUST0225,2024-06-28,Home,380.39,3,Cash on Delivery,Cancelled,South Christopherton,Oklahoma,78204,PROD0025,0.01,1129.76,2.0,False
2725,ORD002726,CUST0226,2025-03-19,Electronics,87.41,2,PayPal,Returned,North Patriciaview,Nebraska,39662,PROD0026,0.27,127.62,2.0,False
2726,ORD002727,CUST0227,2025-03-24,Books,268.32,1,Debit Card,Delivered,Cameronborough,Delaware,38019,PROD0027,0.2,214.66,1.0,False
2727,ORD002728,CUST0228,2025-05-11,Home,412.93,3,Cash on Delivery,Cancelled,East Jessica,North Carolina,55019,PROD0028,0.05,1176.85,4.0,False
2728,ORD002729,CUST0229,2024-11-13,Clothing,92.97,4,PayPal,Pending,Port Danielleshire,Minnesota,36527,PROD0029,0.06,349.57,4.0,False
2729,ORD002730,CUST0230,2024-12-06,Beauty,235.14,3,Debit Card,Pending,West Karenchester,Hawaii,74338,PROD0030,0.12,620.77,3.0,False
2730,ORD002731,CUST0231,2025-04-30,Beauty,306.49,3,Cash on Delivery,Delivered,New Sarahstad,Hawaii,99542,PROD0031,0.14,790.74,1.0,True
2731,ORD002732,CUST0232,2024-09-03,Sports,96.46,2,Cash on Delivery,Pending,Port Alecland,Minnesota,78219,PROD0032,0.1,173.63,,False
2732,ORD002733,CUST0233,2024-10-09,Sports,379.6,1,Net Banking,Cancelled,New Derek,Texas,87062,PROD0033,0.15,322.66,5.0,False
2733,ORD002734,CUST0234,2024-12-22,Home,44.1,3,PayPal,Returned,Isaacside,Florida,32652,PROD0034,0.27,96.58,5.0,False
2734,ORD002735,CUST0235,2025-02-22,Clothing,473.48,2,Debit Card,Pending,Samuelside,Alabama,56851,PROD0035,0.19,767.04,5.0,False
2735,ORD002736,CUST0236,2025-04-23,Sports,236.77,2,PayPal,Delivered,Sullivanborough,Tennessee,55373,PROD0036,0.11,421.45,4.0,False
2736,ORD002737,CUST0237,2024-12-25,Books,171.38,3,Debit Card,Cancelled,South Melissabury,Maine,19298,PROD0037,0.26,380.46,2.0,False
2737,ORD002738,CUST0238,2024-12-11,Clothing,62.82,1,Debit Card,Cancelled,South Deborahview,Arkansas,96741,PROD0038,0.21,49.63,,False
2738,ORD002739,CUST0239,2024-11-04,Clothing,219.14,4,Debit Card,Delivered,Baileyshire,Wyoming,99269,PROD0039,0.18,718.78,5.0,True
2739,ORD002740,CUST0240,2024-06-27,Home,331.6,4,Credit Card,Returned,New Michael,Minnesota,97235,PROD0040,0.15,1127.44,4.0,False
2740,ORD002741,CUST0241,2024-11-12,Clothing,51.77,2,Net Banking,Pending,Andrewville,Georgia,47190,PROD0041,0.03,100.43,3.0,False
2741,ORD002742,CUST0242,2024-09-08,Electronics,156.6,4,Cash on Delivery,Cancelled,North Andreamouth,Texas,66134,PROD0042,0.18,513.65,1.0,False
2742,ORD002743,CUST0243,2024-06-21,Beauty,418.83,3,Cash on Delivery,Pending,North Troy,Illinois,30316,PROD0043,0.12,1105.71,3.0,False
2743,ORD002744,CUST0244,2025-04-19,Electronics,324.86,2,Debit Card,Delivered,Port Lisafurt,Maine,13507,PROD0044,0.17,539.27,4.0,True
2744,ORD002745,CUST0245,2024-09-30,Home,107.15,1,Cash on Delivery,Pending,Johnbury,Texas,22817,PROD0045,0.04,102.86,,False
2745,ORD002746,CUST0246,2025-03-24,Electronics,84.65,1,PayPal,Returned,Lake Joy,New Mexico,87688,PROD0046,0.24,64.33,2.0,False
2746,ORD002747,CUST0247,2024-12-29,Books,452.72,1,Debit Card,Returned,Lake Annaberg,Ohio,33805,PROD0047,0.15,384.81,1.0,False
2747,ORD002748,CUST0248,2024-08-18,Clothing,147.08,1,Debit Card,Delivered,East Kelly,Missouri,86150,PROD0048,0.25,110.31,3.0,True
2748,ORD002749,CUST0249,2025-02-08,Home,93.85,2,Debit Card,Delivered,Ruizfurt,Oregon,58722,PROD0049,0.06,176.44,4.0,True
2749,ORD002750,CUST0250,2024-11-08,Sports,499.98,1,Cash on Delivery,Returned,West Alexandraport,Georgia,47145,PROD0050,0.28,359.99,3.0,False
2750,ORD002751,CUST0251,2024-11-25,Books,158.05,3,Cash on Delivery,Returned,West Kathrynton,North Carolina,15867,PROD0051,0.17,393.54,4.0,False
2751,ORD002752,CUST0252,2024-10-30,Electronics,66.75,1,Debit Card,Cancelled,Carolmouth,Kansas,74863,PROD0052,0.02,65.41,5.0,False
2752,ORD002753,CUST0253,2024-10-02,Electronics,233.57,1,PayPal,Delivered,Juanmouth,Alabama,51521,PROD0053,0.09,212.55,4.0,False
2753,ORD002754,CUST0254,2025-06-14,Books,220.0,4,Credit Card,Delivered,West Randymouth,Arizona,90806,PROD0054,0.29,624.8,2.0,True
2754,ORD002755,CUST0255,2024-07-24,Home,463.77,3,PayPal,Returned,East Laurie,Pennsylvania,73030,PROD0055,0.18,1140.87,3.0,False
2755,ORD002756,CUST0256,2024-10-06,Home,71.43,1,Cash on Delivery,Delivered,East Joseph,South Carolina,89422,PROD0056,0.13,62.14,1.0,False
2756,ORD002757,CUST0257,2024-09-29,Books,50.11,1,Debit Card,Returned,South Leah,Hawaii,73634,PROD0057,0.27,36.58,2.0,False
2757,ORD002758,CUST0258,2024-09-08,Beauty,51.02,3,Cash on Delivery,Delivered,Christopherchester,North Dakota,62503,PROD0058,0.11,136.22,4.0,True
2758,ORD002759,CUST0259,2024-11-20,Beauty,452.62,1,PayPal,Delivered,Freemanhaven,Idaho,95215,PROD0059,0.22,353.04,2.0,False
2759,ORD002760,CUST0260,2024-11-03,Beauty,227.44,2,Credit Card,Delivered,New Jennifer,North Dakota,72186,PROD0060,0.04,436.68,4.0,False
2760,ORD002761,CUST0261,2025-05-25,Electronics,79.55,2,Net Banking,Returned,Benjaminview,Florida,58447,PROD0061,0.21,125.69,4.0,False
2761,ORD002762,CUST0262,2024-10-28,Home,298.95,1,Cash on Delivery,Returned,Josephbury,Georgia,89510,PROD0062,0.15,254.11,2.0,False
2762,ORD002763,CUST0263,2025-04-04,Books,271.12,2,Credit Card,Cancelled,Port Elizabeth,Alaska,39678,PROD0063,0.13,471.75,5.0,False
2763,ORD002764,CUST0264,2024-12-11,Beauty,103.21,3,Debit Card,Returned,Boydmouth,Massachusetts,27033,PROD0064,0.07,287.96,1.0,False
2764,ORD002765,CUST0265,2024-12-13,Sports,303.5,2,Net Banking,Pending,Griffinport,Connecticut,79655,PROD0065,0.3,424.9,5.0,False
2765,ORD002766,CUST0266,2024-09-18,Clothing,173.41,1,Cash on Delivery,Returned,Port Scottshire,Georgia,9911,PROD0066,0.04,166.47,2.0,False
2766,ORD002767,CUST0267,2024-12-24,Sports,122.99,1,Net Banking,Pending,Billyburgh,Vermont,40810,PROD0067,0.06,115.61,5.0,False
2767,ORD002768,CUST0268,2024-08-19,Sports,257.65,1,Cash on Delivery,Pending,East Stefanieville,Indiana,88622,PROD0068,0.11,229.31,3.0,False
2768,ORD002769,CUST0269,2024-11-25,Clothing,149.37,1,Credit Card,Returned,Rodriguezport,New Mexico,26728,PROD0069,0.04,143.4,4.0,False
2769,ORD002770,CUST0270,2024-10-05,Books,114.96,3,Cash on Delivery,Cancelled,Knappview,California,48394,PROD0070,0.28,248.31,3.0,False
2770,ORD002771,CUST0271,2024-07-13,Home,440.46,1,Debit Card,Pending,South Lisamouth,Ohio,58014,PROD0071,0.27,321.54,4.0,False
2771,ORD002772,CUST0272,2024-12-08,Beauty,82.1,3,Cash on Delivery,Cancelled,Fishermouth,Massachusetts,69287,PROD0072,0.13,214.28,5.0,False
2772,ORD002773,CUST0273,2024-10-20,Sports,143.89,3,Credit Card,Delivered,East Lisa,Oregon,29241,PROD0073,0.15,366.92,4.0,True
2773,ORD002774,CUST0274,2024-08-11,Home,196.14,1,Cash on Delivery,Returned,West Pamela,Alaska,89202,PROD0074,0.02,192.22,3.0,False
2774,ORD002775,CUST0275,2025-05-24,Home,140.45,2,Net Banking,Pending,Richardfort,Maryland,70670,PROD0075,0.25,210.68,3.0,False
2775,ORD002776,CUST0276,2025-03-08,Beauty,109.3,4,Credit Card,Pending,Kennethside,Kansas,83466,PROD0076,0.23,336.64,1.0,False
2776,ORD002777,CUST0277,2025-01-09,Books,386.72,2,Debit Card,Cancelled,East Davidbury,Oklahoma,83975,PROD0077,0.12,680.63,1.0,False
2777,ORD002778,CUST0278,2025-04-05,Sports,167.86,2,Net Banking,Pending,Jordanmouth,Maryland,22791,PROD0078,0.14,288.72,4.0,False
2778,ORD002779,CUST0279,2024-07-27,Electronics,60.69,1,Cash on Delivery,Cancelled,Austinchester,Hawaii,39130,PROD0079,0.2,48.55,3.0,False
2779,ORD002780,CUST0280,2024-09-29,Books,272.74,2,Net Banking,Cancelled,South Rebecca,Minnesota,13837,PROD0080,0.14,469.11,2.0,False
2780,ORD002781,CUST0281,2025-05-10,Books,67.12,3,Cash on Delivery,Cancelled,Joshuafort,Nebraska,9479,PROD0081,0.08,185.25,5.0,False
2781,ORD002782,CUST0282,2024-08-12,Home,181.97,2,Net Banking,Returned,Richardville,Oregon,58012,PROD0082,0.09,331.19,4.0,False
2782,ORD002783,CUST0283,2025-04-11,Sports,441.5,4,PayPal,Cancelled,Howellchester,Connecticut,8987,PROD0083,0.16,1483.44,3.0,False
2783,ORD002784,CUST0284,2025-01-23,Beauty,187.73,3,PayPal,Pending,Thomasfurt,North Dakota,58121,PROD0084,0.3,394.23,3.0,False
2784,ORD002785,CUST0285,2025-04-15,Beauty,318.09,2,PayPal,Cancelled,Mosleystad,South Dakota,80853,PROD0085,0.15,540.75,3.0,False
2785,ORD002786,CUST0286,2024-09-29,Clothing,259.74,4,PayPal,Pending,Fletcherberg,West Virginia,15608,PROD0086,0.02,1018.18,3.0,False
2786,ORD002787,CUST0287,2024-08-16,Clothing,73.17,3,Credit Card,Returned,Anthonyshire,Louisiana,58303,PROD0087,0.28,158.05,5.0,False
2787,ORD002788,CUST0288,2024-10-24,Sports,326.29,2,PayPal,Cancelled,North Kylestad,California,26422,PROD0088,0.09,593.85,3.0,False
2788,ORD002789,CUST0289,2024-09-18,Beauty,428.74,2,Net Banking,Pending,Juliechester,Kansas,79848,PROD0089,0.01,848.91,1.0,False
2789,ORD002790,CUST0290,2024-12-06,Clothing,51.14,4,Cash on Delivery,Delivered,Annebury,Connecticut,93772,PROD0090,0.02,200.47,2.0,True
2790,ORD002791,CUST0291,2025-06-09,Electronics,378.07,4,Net Banking,Returned,Gonzaleztown,North Carolina,9800,PROD0091,0.05,1436.67,3.0,False
2791,ORD002792,CUST0292,2024-12-06,Home,346.65,3,Credit Card,Returned,New Donald,Utah,75352,PROD0092,0.19,842.36,2.0,False
2792,ORD002793,CUST0293,2025-03-29,Sports,434.0,4,PayPal,Delivered,Kaylaton,Wyoming,18437,PROD0093,0.11,1545.04,5.0,False
2793,ORD002794,CUST0294,2025-05-04,Sports,56.53,2,Credit Card,Pending,Smithland,Massachusetts,99672,PROD0094,0.28,81.4,,False
2794,ORD002795,CUST0295,2024-09-20,Clothing,156.32,2,PayPal,Returned,Lake Todd,Montana,40201,PROD0095,0.24,237.61,3.0,False
2795,ORD002796,CUST0296,2024-07-24,Books,348.67,4,PayPal,Pending,New Ryan,Missouri,30012,PROD0096,0.1,1255.21,3.0,False
2796,ORD002797,CUST0297,2024-10-06,Clothing,15.9,4,Net Banking,Cancelled,East Valerie,Nebraska,80155,PROD0097,0.3,44.52,1.0,False
2797,ORD002798,CUST0298,2024-10-22,Sports,368.37,4,Credit Card,Delivered,New Leslieshire,Colorado,79109,PROD0098,0.2,1178.78,2.0,False
2798,ORD002799,CUST0299,2024-06-25,Books,429.7,2,Debit Card,Pending,North Kellyfort,Pennsylvania,89524,PROD0099,0.01,850.81,2.0,False
2799,ORD002800,CUST0300,2024-06-17,Clothing,229.39,4,Debit Card,Cancelled,Moralesmouth,Wyoming,24430,PROD0100,0.14,789.1,3.0,False
2800,ORD002801,CUST0301,2025-01-29,Electronics,219.99,4,Debit Card,Delivered,Mariaton,Mississippi,77846,PROD0101,0.27,642.37,5.0,True
2801,ORD002802,CUST0302,2024-06-25,Sports,142.84,1,Net Banking,Pending,West Heidi,California,31829,PROD0102,0.09,129.98,3.0,False
2802,ORD002803,CUST0303,2025-03-27,Clothing,7.5,1,PayPal,Cancelled,East Cesarborough,Kansas,72703,PROD0103,0.28,5.4,4.0,False
2803,ORD002804,CUST0304,2024-12-15,Beauty,97.22,2,Net Banking,Returned,Port Mindyton,Nevada,41884,PROD0104,0.18,159.44,4.0,False
2804,ORD002805,CUST0305,2024-10-22,Books,490.03,4,Net Banking,Cancelled,Justinmouth,Hawaii,36259,PROD0105,0.17,1626.9,4.0,False
2805,ORD002806,CUST0306,2024-07-04,Home,434.31,2,Cash on Delivery,Pending,West Jillian,South Dakota,94533,PROD0106,0.11,773.07,2.0,False
2806,ORD002807,CUST0307,2025-02-15,Electronics,136.92,1,Debit Card,Pending,Evanport,Illinois,70704,PROD0107,0.29,97.21,1.0,False
2807,ORD002808,CUST0308,2024-11-16,Electronics,482.06,4,Net Banking,Pending,North Jimmyberg,California,75700,PROD0108,0.13,1677.57,2.0,False
2808,ORD002809,CUST0309,2025-06-08,Books,187.02,3,Cash on Delivery,Returned,South Jennifer,Rhode Island,50515,PROD0109,0.19,454.46,2.0,False
2809,ORD002810,CUST0310,2024-06-19,Books,152.3,2,Debit Card,Returned,Martinezfort,Pennsylvania,40115,PROD0110,0.19,246.73,4.0,False
2810,ORD002811,CUST0311,2024-07-02,Sports,80.64,2,PayPal,Pending,East Matthewborough,Florida,24064,PROD0111,0.19,130.64,4.0,False
2811,ORD002812,CUST0312,2024-07-04,Books,451.3,4,PayPal,Returned,Port Nathanside,Alaska,57423,PROD0112,0.09,1642.73,4.0,False
2812,ORD002813,CUST0313,2024-07-12,Beauty,493.56,3,Credit Card,Cancelled,Lake Amberview,New York,33258,PROD0113,0.26,1095.7,3.0,False
2813,ORD002814,CUST0314,2024-07-20,Books,167.07,3,Cash on Delivery,Pending,Markfort,Wisconsin,1538,PROD0114,0.18,410.99,3.0,False
2814,ORD002815,CUST0315,2025-03-20,Clothing,353.2,3,Net Banking,Cancelled,Parkershire,Pennsylvania,51015,PROD0115,0.12,932.45,5.0,False
2815,ORD002816,CUST0316,2024-10-03,Clothing,170.98,4,Credit Card,Cancelled,West Amy,Colorado,72890,PROD0116,0.1,615.53,4.0,False
2816,ORD002817,CUST0317,2024-10-25,Books,56.97,4,Cash on Delivery,Returned,Port Sara,Alaska,24671,PROD0117,0.03,221.04,3.0,False
2817,ORD002818,CUST0318,2024-07-03,Beauty,199.38,4,Net Banking,Pending,New Laura,New York,72811,PROD0118,0.18,653.97,5.0,False
2818,ORD002819,CUST0319,2025-04-27,Clothing,278.03,4,Net Banking,Returned,East Jefferytown,Delaware,50053,PROD0119,0.23,856.33,3.0,False
2819,ORD002820,CUST0320,2024-10-15,Books,65.89,2,Debit Card,Cancelled,Brianshire,Alaska,25072,PROD0120,0.13,114.65,3.0,False
2820,ORD002821,CUST0321,2025-03-08,Home,410.05,3,Credit Card,Returned,New Kathleen,New York,84669,PROD0121,0.27,898.01,3.0,False
2821,ORD002822,CUST0322,2025-05-12,Sports,251.19,3,Credit Card,Returned,East Charles,Michigan,20527,PROD0122,0.04,723.43,2.0,False
2822,ORD002823,CUST0323,2025-05-20,Books,121.02,1,Net Banking,Returned,North Stacy,Virginia,17728,PROD0123,0.15,102.87,4.0,False
2823,ORD002824,CUST0324,2025-06-13,Clothing,298.42,3,PayPal,Returned,Tanyaville,Virginia,5681,PROD0124,0.19,725.16,5.0,False
2824,ORD002825,CUST0325,2025-01-06,Beauty,397.66,2,Credit Card,Cancelled,Richardsonburgh,Indiana,79261,PROD0125,0.17,660.12,4.0,False
2825,ORD002826,CUST0326,2024-07-05,Electronics,167.17,2,Credit Card,Pending,Contrerasland,Minnesota,52074,PROD0126,0.27,244.07,4.0,False
2826,ORD002827,CUST0327,2025-03-28,Beauty,352.23,1,PayPal,Delivered,Medinamouth,Maryland,25609,PROD0127,0.21,278.26,5.0,True
2827,ORD002828,CUST0328,2025-03-18,Home,216.79,4,Debit Card,Cancelled,Benjaminmouth,Maine,83861,PROD0128,0.25,650.37,4.0,False
2828,ORD002829,CUST0329,2024-10-13,Home,482.21,2,Debit Card,Returned,New Melissaview,South Carolina,44139,PROD0129,0.2,771.54,3.0,False
2829,ORD002830,CUST0330,2024-09-15,Electronics,386.62,2,Debit Card,Delivered,Port Patricktown,New Jersey,10377,PROD0130,0.1,695.92,5.0,False
2830,ORD002831,CUST0331,2025-03-12,Beauty,181.39,1,Debit Card,Pending,New Antoniochester,Hawaii,49343,PROD0131,0.08,166.88,2.0,False
2831,ORD002832,CUST0332,2024-11-12,Home,13.79,3,Net Banking,Delivered,Scottside,Connecticut,8984,PROD0132,0.1,37.23,5.0,True
2832,ORD002833,CUST0333,2025-06-05,Sports,330.47,3,Debit Card,Cancelled,Nicoleport,Pennsylvania,66569,PROD0133,0.12,872.44,4.0,False
2833,ORD002834,CUST0334,2025-06-08,Clothing,102.95,2,Net Banking,Pending,Katherinechester,Wisconsin,25613,PROD0134,0.25,154.43,4.0,False
2834,ORD002835,CUST0335,2024-08-13,Books,65.33,4,Cash on Delivery,Pending,Port Suzannebury,Delaware,91062,PROD0135,0.21,206.44,5.0,False
2835,ORD002836,CUST0336,2024-10-31,Home,466.23,1,Cash on Delivery,Delivered,Pattersonburgh,Connecticut,39013,PROD0136,0.25,349.67,4.0,False
2836,ORD002837,CUST0337,2024-12-31,Books,499.97,3,Net Banking,Delivered,Samuelton,Illinois,49823,PROD0137,0.28,1079.94,1.0,True
2837,ORD002838,CUST0338,2025-01-14,Electronics,138.59,2,Cash on Delivery,Delivered,Justinton,Washington,52713,PROD0138,0.24,210.66,3.0,True
2838,ORD002839,CUST0339,2025-04-14,Clothing,154.38,3,PayPal,Returned,Ryanport,Minnesota,24246,PROD0139,0.29,328.83,4.0,False
2839,ORD002840,CUST0340,2025-03-09,Sports,86.67,2,Cash on Delivery,Pending,Lake Julian,Arkansas,71766,PROD0140,0.28,124.8,1.0,False
2840,ORD002841,CUST0341,2025-03-24,Home,231.55,3,Net Banking,Pending,South Donna,Washington,44696,PROD0141,0.1,625.19,3.0,False
2841,ORD002842,CUST0342,2025-04-12,Clothing,433.59,3,Debit Card,Pending,Port Ashley,Tennessee,13753,PROD0142,0.12,1144.68,3.0,False
2842,ORD002843,CUST0343,2025-03-20,Books,352.25,2,Credit Card,Pending,Lake Kimberly,Oregon,23244,PROD0143,0.17,584.74,4.0,False
2843,ORD002844,CUST0344,2025-01-06,Electronics,423.93,3,Debit Card,Cancelled,Williamville,Utah,49831,PROD0144,0.21,1004.71,1.0,False
2844,ORD002845,CUST0345,2025-05-05,Sports,118.1,2,Cash on Delivery,Pending,Port Robertoton,Texas,7307,PROD0145,0.14,203.13,3.0,False
2845,ORD002846,CUST0346,2024-07-04,Electronics,366.58,1,Net Banking,Cancelled,South Paul,Connecticut,96077,PROD0146,0.24,278.6,3.0,False
2846,ORD002847,CUST0347,2025-04-10,Clothing,459.67,3,Debit Card,Delivered,Stacyport,Maine,72113,PROD0147,0.19,1117.0,1.0,False
2847,ORD002848,CUST0348,2024-09-26,Beauty,144.3,4,Net Banking,Returned,New Chelsea,California,23732,PROD0148,0.18,473.3,3.0,False
2848,ORD002849,CUST0349,2025-03-12,Clothing,346.87,1,Net Banking,Delivered,Janeberg,Montana,56076,PROD0149,0.04,333.0,4.0,True
2849,ORD002850,CUST0350,2025-02-28,Books,203.33,4,PayPal,Cancelled,Rhondaberg,Iowa,63807,PROD0150,0.05,772.65,,False
2850,ORD002851,CUST0351,2024-07-09,Home,148.66,2,Net Banking,Cancelled,East Thomasstad,Connecticut,19571,PROD0151,0.09,270.56,5.0,False
2851,ORD002852,CUST0352,2024-10-29,Home,484.96,4,Net Banking,Delivered,Frankfurt,Mississippi,15564,PROD0152,0.29,1377.29,5.0,False
2852,ORD002853,CUST0353,2024-12-03,Clothing,177.57,3,Debit Card,Cancelled,New Brittney,Alaska,78848,PROD0153,0.02,522.06,3.0,False
2853,ORD002854,CUST0354,2025-01-04,Electronics,58.39,4,Net Banking,Returned,West Samuel,Virginia,58993,PROD0154,0.29,165.83,2.0,False
2854,ORD002855,CUST0355,2024-07-11,Electronics,197.35,4,Credit Card,Pending,South Kyle,South Dakota,69695,PROD0155,0.14,678.88,4.0,False
2855,ORD002856,CUST0356,2025-03-15,Home,226.6,3,Net Banking,Delivered,East Susanfort,Kansas,16554,PROD0156,0.13,591.43,2.0,True
2856,ORD002857,CUST0357,2025-02-01,Electronics,377.34,3,Net Banking,Cancelled,East Sarahhaven,Oregon,24957,PROD0157,0.25,849.02,4.0,False
2857,ORD002858,CUST0358,2024-12-08,Clothing,475.21,1,Net Banking,Delivered,Robertoshire,Michigan,56913,PROD0158,0.25,356.41,2.0,True
2858,ORD002859,CUST0359,2025-05-25,Clothing,409.44,3,Cash on Delivery,Cancelled,Lake Katieport,Kentucky,58698,PROD0159,0.04,1179.19,1.0,False
2859,ORD002860,CUST0360,2024-09-13,Books,465.82,3,Credit Card,Cancelled,Karenland,Oregon,99691,PROD0160,0.24,1062.07,3.0,False
2860,ORD002861,CUST0361,2024-10-24,Home,240.15,2,Cash on Delivery,Returned,Burgessshire,Connecticut,49891,PROD0161,0.15,408.26,4.0,False
2861,ORD002862,CUST0362,2025-03-27,Sports,361.06,3,Credit Card,Pending,Staffordshire,Hawaii,17143,PROD0162,0.1,974.86,1.0,False
2862,ORD002863,CUST0363,2024-09-17,Clothing,157.98,3,Credit Card,Pending,Curtisfurt,Kentucky,91990,PROD0163,0.03,459.72,4.0,False
2863,ORD002864,CUST0364,2024-11-24,Beauty,39.45,1,Credit Card,Cancelled,Schultzton,Connecticut,55713,PROD0164,0.18,32.35,3.0,False
2864,ORD002865,CUST0365,2025-06-07,Clothing,185.91,4,Debit Card,Delivered,North James,Missouri,21648,PROD0165,0.23,572.6,3.0,False
2865,ORD002866,CUST0366,2025-03-28,Home,350.47,4,Debit Card,Delivered,Lake Charlesport,South Carolina,84422,PROD0166,0.27,1023.37,2.0,False
2866,ORD002867,CUST0367,2025-04-16,Home,140.94,1,PayPal,Returned,Lake Michelemouth,Utah,86402,PROD0167,0.29,100.07,2.0,False
2867,ORD002868,CUST0368,2024-11-16,Sports,431.4,4,Debit Card,Returned,Virginiaport,Tennessee,98617,PROD0168,0.04,1656.58,5.0,False
2868,ORD002869,CUST0369,2025-05-15,Clothing,396.43,3,Debit Card,Delivered,Port Derek,Kentucky,89750,PROD0169,0.12,1046.58,1.0,False
2869,ORD002870,CUST0370,2024-09-29,Beauty,101.05,4,Debit Card,Delivered,Whitemouth,Maine,10926,PROD0170,0.01,400.16,2.0,True
2870,ORD002871,CUST0371,2024-08-01,Electronics,168.76,4,PayPal,Pending,Alecfort,Georgia,84210,PROD0171,0.19,546.78,4.0,False
2871,ORD002872,CUST0372,2025-05-08,Beauty,413.52,1,Net Banking,Returned,Ayalaberg,Montana,58625,PROD0172,0.27,301.87,4.0,False
2872,ORD002873,CUST0373,2024-10-18,Beauty,125.75,4,Cash on Delivery,Delivered,South John,Florida,50898,PROD0173,0.21,397.37,3.0,False
2873,ORD002874,CUST0374,2025-04-24,Books,169.14,4,Net Banking,Cancelled,East Danielstad,Michigan,63491,PROD0174,0.12,595.37,2.0,False
2874,ORD002875,CUST0375,2025-01-30,Home,174.82,4,Credit Card,Cancelled,North Janetmouth,Massachusetts,35283,PROD0175,0.23,538.45,3.0,False
2875,ORD002876,CUST0376,2024-12-08,Sports,401.52,3,Cash on Delivery,Returned,Port Williamhaven,West Virginia,72996,PROD0176,0.3,843.19,4.0,False
2876,ORD002877,CUST0377,2025-05-08,Electronics,23.33,3,PayPal,Delivered,Caseybury,Illinois,12795,PROD0177,0.0,69.99,4.0,True
2877,ORD002878,CUST0378,2024-11-05,Home,41.52,3,Debit Card,Pending,Lake Joshuaport,Oregon,50016,PROD0178,0.25,93.42,,False
2878,ORD002879,CUST0379,2025-02-14,Clothing,291.33,4,PayPal,Returned,Scottmouth,Alabama,49936,PROD0179,0.1,1048.79,4.0,False
2879,ORD002880,CUST0380,2024-12-05,Beauty,201.57,4,Cash on Delivery,Pending,North Stevenshire,Iowa,84957,PROD0180,0.22,628.9,3.0,False
2880,ORD002881,CUST0381,2025-01-17,Clothing,318.28,4,Net Banking,Cancelled,Derrickton,South Carolina,57234,PROD0181,0.07,1184.0,2.0,False
2881,ORD002882,CUST0382,2025-01-31,Sports,136.9,4,Debit Card,Returned,Michaelport,New Mexico,93919,PROD0182,0.06,514.74,4.0,False
2882,ORD002883,CUST0383,2025-02-18,Electronics,455.24,3,Net Banking,Cancelled,South Edwardport,Ohio,40482,PROD0183,0.24,1037.95,4.0,False
2883,ORD002884,CUST0384,2024-09-13,Electronics,381.67,3,Cash on Delivery,Delivered,New Randychester,Minnesota,17212,PROD0184,0.23,881.66,2.0,True
2884,ORD002885,CUST0385,2025-05-31,Electronics,38.53,4,Net Banking,Cancelled,New Angela,Connecticut,16882,PROD0185,0.24,117.13,1.0,False
2885,ORD002886,CUST0386,2025-02-11,Clothing,393.03,1,Net Banking,Returned,Rachelton,New Jersey,54328,PROD0186,0.23,302.63,2.0,False
2886,ORD002887,CUST0387,2024-06-26,Clothing,484.94,2,Credit Card,Returned,New Jessica,Alaska,67963,PROD0187,0.03,940.78,3.0,False
2887,ORD002888,CUST0388,2024-11-30,Clothing,471.51,3,PayPal,Cancelled,East Antonioshire,New Jersey,97991,PROD0188,0.26,1046.75,4.0,False
2888,ORD002889,CUST0389,2024-09-24,Electronics,369.06,3,Debit Card,Pending,Erinstad,Oklahoma,85505,PROD0189,0.11,985.39,1.0,False
2889,ORD002890,CUST0390,2024-12-08,Beauty,66.18,3,Credit Card,Cancelled,Simpsonton,New Hampshire,5366,PROD0190,0.07,184.64,4.0,False
2890,ORD002891,CUST0391,2024-11-01,Beauty,290.16,3,Cash on Delivery,Cancelled,Brownville,Alabama,65042,PROD0191,0.17,722.5,3.0,False
2891,ORD002892,CUST0392,2024-11-16,Home,145.7,4,Debit Card,Delivered,Wuchester,Alabama,34516,PROD0192,0.1,524.52,3.0,False
2892,ORD002893,CUST0393,2024-09-20,Beauty,485.26,1,Credit Card,Returned,Lauraland,Hawaii,4349,PROD0193,0.21,383.36,3.0,False
2893,ORD002894,CUST0394,2024-09-16,Beauty,360.16,3,Debit Card,Delivered,Reginastad,Idaho,71006,PROD0194,0.21,853.58,3.0,False
2894,ORD002895,CUST0395,2024-12-17,Beauty,307.33,2,Cash on Delivery,Returned,Jasonview,Illinois,24566,PROD0195,0.26,454.85,3.0,False
2895,ORD002896,CUST0396,2024-06-17,Electronics,349.07,4,Cash on Delivery,Returned,Lake Luke,Nebraska,53343,PROD0196,0.3,977.4,1.0,False
2896,ORD002897,CUST0397,2024-09-26,Sports,221.8,4,Debit Card,Cancelled,Brettmouth,Minnesota,51211,PROD0197,0.24,674.27,2.0,False
2897,ORD002898,CUST0398,2024-10-13,Sports,189.5,2,Net Banking,Returned,Sarahland,Ohio,82710,PROD0198,0.04,363.84,3.0,False
2898,ORD002899,CUST0399,2024-09-09,Home,468.22,3,Credit Card,Cancelled,North Geraldmouth,Vermont,59141,PROD0199,0.23,1081.59,3.0,False
2899,ORD002900,CUST0400,2024-08-24,Sports,169.3,3,PayPal,Cancelled,Savannahborough,Vermont,67921,PROD0200,0.17,421.56,,False
2900,ORD002901,CUST0401,2025-02-20,Books,25.51,3,PayPal,Delivered,New Carlosside,Rhode Island,28426,PROD0201,0.17,63.52,4.0,True
2901,ORD002902,CUST0402,2024-10-15,Sports,203.42,2,Net Banking,Cancelled,South Reginaview,Pennsylvania,37044,PROD0202,0.1,366.16,4.0,False
2902,ORD002903,CUST0403,2024-08-12,Beauty,396.22,1,PayPal,Cancelled,Hansonville,Massachusetts,47611,PROD0203,0.05,376.41,4.0,False
2903,ORD002904,CUST0404,2025-02-23,Sports,325.99,1,Credit Card,Returned,Sheriland,Arizona,35443,PROD0204,0.05,309.69,1.0,False
2904,ORD002905,CUST0405,2025-05-12,Electronics,481.27,1,Debit Card,Pending,South Fred,Oregon,10415,PROD0205,0.02,471.64,4.0,False
2905,ORD002906,CUST0406,2024-11-23,Home,57.57,2,Debit Card,Returned,Manuelport,South Dakota,1137,PROD0206,0.24,87.51,4.0,False
2906,ORD002907,CUST0407,2024-10-13,Electronics,456.22,2,PayPal,Returned,Port Davidmouth,Mississippi,42164,PROD0207,0.22,711.7,4.0,False
2907,ORD002908,CUST0408,2024-08-26,Electronics,187.58,1,Credit Card,Cancelled,South Matthew,North Carolina,24528,PROD0208,0.26,138.81,4.0,False
2908,ORD002909,CUST0409,2024-07-09,Sports,239.63,3,Debit Card,Delivered,Martinchester,Massachusetts,90221,PROD0209,0.21,567.92,4.0,True
2909,ORD002910,CUST0410,2024-12-03,Home,217.1,3,Debit Card,Returned,New Roberttown,Minnesota,23024,PROD0210,0.05,618.73,2.0,False
2910,ORD002911,CUST0411,2024-12-24,Beauty,62.64,1,Debit Card,Pending,Port Chelsea,Alaska,59278,PROD0211,0.22,48.86,2.0,False
2911,ORD002912,CUST0412,2025-05-15,Beauty,127.66,1,Credit Card,Cancelled,Donaldmouth,Kansas,65794,PROD0212,0.17,105.96,4.0,False
2912,ORD002913,CUST0413,2025-03-20,Clothing,372.42,2,Net Banking,Delivered,Lake Jennifer,Virginia,47839,PROD0213,0.03,722.49,3.0,True
2913,ORD002914,CUST0414,2024-11-21,Home,16.39,2,Credit Card,Cancelled,Fischertown,Michigan,14804,PROD0214,0.27,23.93,3.0,False
2914,ORD002915,CUST0415,2024-12-16,Beauty,71.27,4,Cash on Delivery,Delivered,North Calebland,Alaska,12076,PROD0215,0.27,208.11,1.0,True
2915,ORD002916,CUST0416,2024-07-03,Clothing,17.48,2,Net Banking,Pending,East April,New Jersey,94784,PROD0216,0.19,28.32,3.0,False
2916,ORD002917,CUST0417,2025-03-13,Books,429.41,4,Net Banking,Cancelled,Port Martin,South Dakota,68500,PROD0217,0.13,1494.35,5.0,False
2917,ORD002918,CUST0418,2024-09-27,Electronics,310.58,1,Credit Card,Cancelled,West Valerieburgh,Florida,59788,PROD0218,0.07,288.84,4.0,False
2918,ORD002919,CUST0419,2025-04-03,Books,89.11,1,Debit Card,Pending,Latoyafort,New York,9654,PROD0219,0.03,86.44,5.0,False
2919,ORD002920,CUST0420,2025-01-17,Home,385.54,3,Cash on Delivery,Delivered,Port Lindaburgh,Wisconsin,11363,PROD0220,0.24,879.03,4.0,True
2920,ORD002921,CUST0421,2025-02-22,Beauty,483.57,4,PayPal,Cancelled,Wangmouth,Minnesota,28292,PROD0221,0.29,1373.34,4.0,False
2921,ORD002922,CUST0422,2025-01-17,Sports,467.61,2,Credit Card,Returned,Doyleland,Utah,2562,PROD0222,0.0,935.22,,False
2922,ORD002923,CUST0423,2024-09-02,Home,461.17,3,Net Banking,Delivered,West Jacquelinebury,South Carolina,18623,PROD0223,0.14,1189.82,3.0,False
2923,ORD002924,CUST0424,2024-06-16,Clothing,8.87,3,Net Banking,Delivered,Rhodesview,New Mexico,36129,PROD0224,0.03,25.81,4.0,False
2924,ORD002925,CUST0425,2024-06-27,Beauty,296.56,4,Credit Card,Delivered,North Kristen,Rhode Island,44251,PROD0225,0.13,1032.03,2.0,True
2925,ORD002926,CUST0426,2024-10-10,Home,132.03,3,Net Banking,Returned,Lake Davidport,New Mexico,52580,PROD0226,0.17,328.75,2.0,False
2926,ORD002927,CUST0427,2025-05-04,Clothing,284.5,4,PayPal,Pending,Lynchburgh,Michigan,65522,PROD0227,0.13,990.06,2.0,False
2927,ORD002928,CUST0428,2024-08-14,Books,162.42,4,Credit Card,Cancelled,Mooreview,Colorado,55459,PROD0228,0.01,643.18,3.0,False
2928,ORD002929,CUST0429,2024-10-08,Beauty,81.06,2,Debit Card,Pending,West Michaelville,Oklahoma,50987,PROD0229,0.3,113.48,3.0,False
2929,ORD002930,CUST0430,2025-03-20,Home,225.02,1,Cash on Delivery,Delivered,Hurleyland,Illinois,95021,PROD0230,0.28,162.01,5.0,True
2930,ORD002931,CUST0431,2024-08-02,Books,250.07,2,Net Banking,Pending,Port Jennifer,Kentucky,78629,PROD0231,0.23,385.11,4.0,False
2931,ORD002932,CUST0432,2025-03-19,Beauty,494.93,4,PayPal,Pending,West Sandrashire,Oregon,56752,PROD0232,0.12,1742.15,4.0,False
2932,ORD002933,CUST0433,2025-02-26,Books,25.98,4,Net Banking,Returned,North Rachel,Arizona,80601,PROD0233,0.21,82.1,3.0,False
2933,ORD002934,CUST0434,2025-05-21,Books,154.07,2,Credit Card,Returned,South Elizabethport,New Jersey,62600,PROD0234,0.21,243.43,4.0,False
2934,ORD002935,CUST0435,2025-01-05,Clothing,426.69,2,Net Banking,Delivered,Port Alexander,California,28833,PROD0235,0.1,768.04,3.0,True
2935,ORD002936,CUST0436,2024-08-12,Home,331.55,3,Net Banking,Returned,Moralesborough,Wisconsin,30910,PROD0236,0.01,984.7,4.0,False
2936,ORD002937,CUST0437,2025-01-14,Sports,414.21,3,PayPal,Returned,Savageville,Oregon,21966,PROD0237,0.19,1006.53,4.0,False
2937,ORD002938,CUST0438,2024-12-18,Clothing,331.84,3,Debit Card,Delivered,Robinsonburgh,Arkansas,11377,PROD0238,0.28,716.77,3.0,True
2938,ORD002939,CUST0439,2024-12-29,Electronics,380.97,1,PayPal,Returned,East Marissa,Alabama,10979,PROD0239,0.22,297.16,1.0,False
2939,ORD002940,CUST0440,2024-10-28,Sports,249.0,1,Credit Card,Delivered,New Henry,California,60113,PROD0240,0.07,231.57,2.0,True
2940,ORD002941,CUST0441,2024-09-06,Sports,106.41,1,Net Banking,Cancelled,Port Kimberly,Idaho,47580,PROD0241,0.17,88.32,4.0,False
2941,ORD002942,CUST0442,2025-01-30,Books,405.95,1,Credit Card,Pending,Perezberg,Vermont,98624,PROD0242,0.12,357.24,1.0,False
2942,ORD002943,CUST0443,2024-12-27,Sports,286.07,2,Credit Card,Returned,East Mark,Maryland,23079,PROD0243,0.16,480.6,3.0,False
2943,ORD002944,CUST0444,2024-06-23,Electronics,74.06,4,Net Banking,Pending,East Kristinburgh,Massachusetts,57496,PROD0244,0.22,231.07,5.0,False
2944,ORD002945,CUST0445,2024-08-04,Clothing,403.42,3,Credit Card,Delivered,Gallowaybury,South Dakota,44452,PROD0245,0.15,1028.72,4.0,False
2945,ORD002946,CUST0446,2024-12-17,Books,479.5,3,Debit Card,Pending,South Dylan,Illinois,4941,PROD0246,0.27,1050.1,,False
2946,ORD002947,CUST0447,2025-05-03,Electronics,176.35,4,Credit Card,Returned,South Colleentown,Iowa,36097,PROD0247,0.21,557.27,3.0,False
2947,ORD002948,CUST0448,2024-06-14,Electronics,150.29,2,Net Banking,Cancelled,West Troy,Kentucky,676,PROD0248,0.11,267.52,4.0,False
2948,ORD002949,CUST0449,2025-01-16,Beauty,45.48,4,Net Banking,Cancelled,West Cheryl,Texas,69641,PROD0249,0.18,149.17,5.0,False
2949,ORD002950,CUST0450,2024-06-14,Sports,333.92,2,Net Banking,Pending,Knightmouth,Wisconsin,12588,PROD0250,0.14,574.34,3.0,False
2950,ORD002951,CUST0451,2024-09-13,Books,479.69,4,Debit Card,Cancelled,Rodriguezview,Vermont,23420,PROD0251,0.24,1458.26,4.0,False
2951,ORD002952,CUST0452,2025-04-17,Home,72.32,4,Cash on Delivery,Pending,Lake Tyler,South Dakota,41318,PROD0252,0.0,289.28,5.0,False
2952,ORD002953,CUST0453,2025-04-27,Books,245.15,3,Net Banking,Delivered,Port Douglaston,Arizona,13726,PROD0253,0.18,603.07,3.0,True
2953,ORD002954,CUST0454,2025-05-27,Electronics,53.63,4,PayPal,Cancelled,East Jonathon,Arkansas,56061,PROD0254,0.01,212.37,1.0,False
2954,ORD002955,CUST0455,2025-05-29,Clothing,21.88,3,Debit Card,Delivered,Sampsonton,Hawaii,42015,PROD0255,0.29,46.6,,True
2955,ORD002956,CUST0456,2025-03-13,Books,333.93,1,Cash on Delivery,Cancelled,East Samanthaside,Louisiana,35811,PROD0256,0.15,283.84,3.0,False
2956,ORD002957,CUST0457,2024-06-28,Books,434.51,1,Credit Card,Cancelled,Williamstown,Virginia,73190,PROD0257,0.08,399.75,2.0,False
2957,ORD002958,CUST0458,2025-01-27,Books,172.1,2,Debit Card,Returned,South Steventon,Massachusetts,27384,PROD0258,0.03,333.87,4.0,False
2958,ORD002959,CUST0459,2025-02-25,Beauty,438.5,3,Cash on Delivery,Cancelled,Lisafort,Alabama,64094,PROD0259,0.1,1183.95,3.0,False
2959,ORD002960,CUST0460,2025-03-03,Home,62.94,4,Net Banking,Returned,New Monica,Rhode Island,58204,PROD0260,0.19,203.93,2.0,False
2960,ORD002961,CUST0461,2025-06-04,Sports,122.79,3,Net Banking,Cancelled,Youngfort,Missouri,51630,PROD0261,0.29,261.54,2.0,False
2961,ORD002962,CUST0462,2024-11-29,Books,451.3,1,Debit Card,Pending,South Geraldchester,Oregon,25296,PROD0262,0.03,437.76,4.0,False
2962,ORD002963,CUST0463,2025-03-06,Home,256.71,1,Net Banking,Returned,Luceroside,Oklahoma,7472,PROD0263,0.06,241.31,,False
2963,ORD002964,CUST0464,2025-01-16,Beauty,306.06,3,Net Banking,Cancelled,Marshallport,Florida,14727,PROD0264,0.08,844.73,3.0,False
2964,ORD002965,CUST0465,2024-07-09,Sports,23.82,2,Credit Card,Cancelled,Lake Jeffrey,Indiana,91657,PROD0265,0.23,36.68,4.0,False
2965,ORD002966,CUST0466,2024-10-19,Home,68.55,4,PayPal,Returned,Campbellland,Arkansas,8571,PROD0266,0.02,268.72,4.0,False
2966,ORD002967,CUST0467,2025-02-18,Beauty,32.62,1,Debit Card,Delivered,Michaelside,Alaska,62274,PROD0267,0.27,23.81,3.0,True
2967,ORD002968,CUST0468,2024-11-12,Electronics,452.98,3,Debit Card,Delivered,Andreaburgh,Rhode Island,53566,PROD0268,0.07,1263.81,1.0,False
2968,ORD002969,CUST0469,2024-07-09,Books,71.72,2,Cash on Delivery,Cancelled,Port Nancy,Minnesota,17273,PROD0269,0.22,111.88,3.0,False
2969,ORD002970,CUST0470,2024-10-14,Home,425.59,3,PayPal,Pending,Millermouth,Pennsylvania,11002,PROD0270,0.23,983.11,1.0,False
2970,ORD002971,CUST0471,2024-08-12,Clothing,178.76,4,Credit Card,Cancelled,Jordanberg,Alabama,63299,PROD0271,0.27,521.98,,False
2971,ORD002972,CUST0472,2024-08-04,Beauty,401.3,4,PayPal,Delivered,Meganfurt,Michigan,3473,PROD0272,0.06,1508.89,3.0,True
2972,ORD002973,CUST0473,2025-02-21,Books,185.7,4,PayPal,Pending,Susanstad,Washington,5789,PROD0273,0.22,579.38,4.0,False
2973,ORD002974,CUST0474,2025-01-22,Electronics,137.5,3,Debit Card,Cancelled,Bryanberg,West Virginia,93288,PROD0274,0.11,367.12,5.0,False
2974,ORD002975,CUST0475,2025-03-05,Clothing,51.36,3,Debit Card,Returned,Meganland,Rhode Island,17933,PROD0275,0.12,135.59,4.0,False
2975,ORD002976,CUST0476,2025-05-17,Clothing,143.95,4,Net Banking,Cancelled,Adamtown,Illinois,24623,PROD0276,0.15,489.43,2.0,False
2976,ORD002977,CUST0477,2024-06-26,Electronics,238.38,2,Debit Card,Returned,Farmershire,Kentucky,53574,PROD0277,0.04,457.69,,False
2977,ORD002978,CUST0478,2024-11-19,Electronics,409.67,2,Cash on Delivery,Returned,Keithbury,Oregon,60203,PROD0278,0.11,729.21,2.0,False
2978,ORD002979,CUST0479,2025-01-25,Electronics,228.99,4,PayPal,Delivered,Amymouth,Wyoming,21654,PROD0279,0.28,659.49,2.0,True
2979,ORD002980,CUST0480,2024-11-27,Beauty,485.86,3,Cash on Delivery,Delivered,East Jodiburgh,Idaho,94641,PROD0280,0.05,1384.7,3.0,True
2980,ORD002981,CUST0481,2025-05-20,Books,273.11,3,Credit Card,Delivered,South Jeremiahborough,Utah,47417,PROD0281,0.09,745.59,3.0,True
2981,ORD002982,CUST0482,2025-05-21,Sports,17.35,2,Net Banking,Returned,Banksfurt,Illinois,14922,PROD0282,0.24,26.37,,False
2982,ORD002983,CUST0483,2025-02-13,Clothing,210.61,4,Cash on Delivery,Delivered,Petersonport,Indiana,25091,PROD0283,0.07,783.47,4.0,False
2983,ORD002984,CUST0484,2024-12-28,Clothing,346.01,3,Net Banking,Cancelled,North Jay,New York,80960,PROD0284,0.05,986.13,5.0,False
2984,ORD002985,CUST0485,2025-02-18,Electronics,120.97,3,Net Banking,Returned,Danielton,Louisiana,7262,PROD0285,0.06,341.14,4.0,False
2985,ORD002986,CUST0486,2025-05-26,Beauty,350.82,2,PayPal,Returned,Jeffreyland,Iowa,58860,PROD0286,0.3,491.15,3.0,False
2986,ORD002987,CUST0487,2024-09-06,Sports,254.33,1,Debit Card,Cancelled,North Amy,New York,50741,PROD0287,0.12,223.81,1.0,False
2987,ORD002988,CUST0488,2025-04-12,Electronics,17.74,4,Net Banking,Delivered,Port Patriciaton,New York,80709,PROD0288,0.12,62.44,2.0,False
2988,ORD002989,CUST0489,2025-02-18,Sports,388.3,2,Debit Card,Returned,West Michael,Colorado,80023,PROD0289,0.23,597.98,,False
2989,ORD002990,CUST0490,2024-06-22,Sports,282.38,1,Net Banking,Delivered,Michaelfort,Michigan,89616,PROD0290,0.02,276.73,5.0,False
2990,ORD002991,CUST0491,2024-08-10,Clothing,45.83,1,Credit Card,Delivered,Shafferfurt,Maryland,26033,PROD0291,0.05,43.54,3.0,True
2991,ORD002992,CUST0492,2025-01-10,Beauty,240.23,2,Cash on Delivery,Returned,East Tamaraberg,Hawaii,82784,PROD0292,0.22,374.76,5.0,False
2992,ORD002993,CUST0493,2025-05-04,Electronics,147.21,1,PayPal,Delivered,Delacruzfort,Alaska,10083,PROD0293,0.1,132.49,5.0,True
2993,ORD002994,CUST0494,2024-12-06,Clothing,440.44,4,Debit Card,Delivered,Olivermouth,New York,38180,PROD0294,0.21,1391.79,5.0,False
2994,ORD002995,CUST0495,2024-09-14,Clothing,146.04,3,Debit Card,Pending,Christinafort,Tennessee,37440,PROD0295,0.01,433.74,5.0,False
2995,ORD002996,CUST0496,2025-04-27,Books,471.14,2,Debit Card,Cancelled,Alyssaberg,Arkansas,53051,PROD0296,0.18,772.67,2.0,False
2996,ORD002997,CUST0497,2024-09-28,Sports,275.34,4,Credit Card,Returned,Kathleentown,Florida,15376,PROD0297,0.16,925.14,4.0,False
2997,ORD002998,CUST0498,2024-06-23,Home,165.19,1,Debit Card,Returned,Andrewville,Iowa,37643,PROD0298,0.04,158.58,1.0,False
2998,ORD002999,CUST0499,2025-05-07,Clothing,407.7,1,Credit Card,Cancelled,New Aaronhaven,Nevada,19420,PROD0299,0.04,391.39,5.0,False
2999,ORD003000,CUST0500,2025-01-31,Home,350.21,2,Debit Card,Cancelled,West Michellefurt,Colorado,61160,PROD0300,0.28,504.3,4.0,False
